# Blender 5.0.1
# www.blender.org
mtllib car_wheel.mtl
o car_wheel
v -0.013721 0.009074 0.033208
v -0.013608 0.010654 0.032932
v -0.016277 0.009074 0.032022
v -0.016148 0.010654 0.031764
v -0.027088 0.010654 -0.023102
v -0.027315 0.009074 -0.023296
v -0.028813 0.010654 -0.020896
v -0.029056 0.009074 -0.021074
v 0.023124 0.010654 -0.027070
v 0.023318 0.009074 -0.027297
v 0.020918 0.010654 -0.028795
v 0.021096 0.009074 -0.029038
v -0.027297 0.009074 0.023355
v -0.027070 0.010654 0.023161
v -0.029038 0.009074 0.021133
v -0.028795 0.010654 0.020954
v 0.021114 0.009074 0.029059
v 0.020936 0.010654 0.028817
v 0.018781 0.009074 0.030615
v 0.018618 0.010654 0.030373
v -0.021092 0.009074 0.029078
v -0.020914 0.010654 0.028835
v -0.023315 0.009074 0.027337
v -0.023120 0.010654 0.027110
v 0.023337 0.009074 0.027318
v 0.023143 0.010654 0.027092
v 0.021114 0.009074 0.029059
v 0.020936 0.010654 0.028817
v 0.016318 0.009074 0.032004
v 0.016189 0.010654 0.031746
v 0.013762 0.009074 0.033189
v 0.013649 0.010654 0.032914
v 0.028798 0.010654 -0.020914
v 0.029041 0.009074 -0.021092
v 0.027074 0.010654 -0.023121
v 0.027300 0.009074 -0.023315
v -0.002795 0.009074 0.035819
v -0.002780 0.010654 0.035528
v -0.005610 0.009074 0.035486
v -0.005561 0.010654 0.035195
v -0.020933 0.010654 -0.028776
v -0.021111 0.009074 -0.029019
v -0.023139 0.010654 -0.027052
v -0.023333 0.009074 -0.027278
v 0.029059 0.009074 0.021114
v 0.028817 0.010654 0.020936
v 0.027318 0.009074 0.023337
v 0.027092 0.010654 0.023142
v -0.035797 0.009074 0.002853
v -0.035506 0.010654 0.002820
v -0.035908 0.009074 0.000039
v -0.035618 0.010654 0.000039
v -0.035506 0.010654 0.002820
v -0.035797 0.009074 0.002853
v -0.035172 0.010654 0.005601
v -0.035445 0.009074 0.005650
v 0.008391 0.009074 0.034930
v 0.008327 0.010654 0.034638
v 0.005632 0.009074 0.035467
v 0.005583 0.010654 0.035194
v -0.034130 0.009074 0.011132
v -0.033857 0.010654 0.011034
v -0.034908 0.009074 0.008409
v -0.034617 0.010654 0.008346
v -0.033167 0.009074 0.013780
v -0.032892 0.010654 0.013667
v -0.034130 0.009074 0.011132
v -0.033857 0.010654 0.011034
v 0.031727 0.010654 -0.016167
v 0.031986 0.009074 -0.016296
v 0.030355 0.010654 -0.018596
v 0.030597 0.009074 -0.018759
v 0.027074 0.010654 -0.023121
v 0.027300 0.009074 -0.023315
v 0.025182 0.010654 -0.025179
v 0.025374 0.009074 -0.025389
v 0.025182 0.010654 -0.025179
v 0.025374 0.009074 -0.025389
v 0.023124 0.010654 -0.027070
v 0.023318 0.009074 -0.027297
v -0.018740 0.009074 0.030633
v -0.018596 0.010654 0.030392
v -0.021092 0.009074 0.029078
v -0.020914 0.010654 0.028835
v -0.008369 0.009074 0.034930
v -0.008287 0.010654 0.034657
v -0.011073 0.009074 0.034171
v -0.010994 0.010654 0.033896
v 0.034152 0.009074 0.011095
v 0.033878 0.010654 0.011016
v 0.033189 0.009074 0.013743
v 0.032914 0.010654 0.013630
v 0.033189 0.009074 0.013743
v 0.032914 0.010654 0.013630
v 0.032004 0.009074 0.016299
v 0.031745 0.010654 0.016170
v 0.008290 0.010654 -0.034617
v 0.008373 0.009074 -0.034890
v 0.005564 0.010654 -0.035155
v 0.005613 0.009074 -0.035446
v 0.035467 0.009074 0.005632
v 0.035177 0.010654 0.005583
v 0.034912 0.009074 0.008391
v 0.034639 0.010654 0.008309
v 0.035449 0.009074 -0.005610
v 0.035176 0.010654 -0.005561
v 0.035800 0.009074 -0.002814
v 0.035509 0.010654 -0.002780
v 0.018781 0.009074 0.030615
v 0.018618 0.010654 0.030373
v 0.016318 0.009074 0.032004
v 0.016189 0.010654 0.031746
v 0.005564 0.010654 -0.035155
v 0.005613 0.009074 -0.035446
v 0.002783 0.010654 -0.035488
v 0.002798 0.009074 -0.035779
v 0.030355 0.010654 -0.018596
v 0.030597 0.009074 -0.018759
v 0.028798 0.010654 -0.020914
v 0.029041 0.009074 -0.021092
v -0.035908 0.009074 0.000039
v -0.035618 0.010654 0.000039
v -0.035797 0.009074 -0.002777
v -0.035506 0.010654 -0.002761
v 0.035800 0.009074 0.002817
v 0.035509 0.010654 0.002801
v 0.035467 0.009074 0.005632
v 0.035177 0.010654 0.005583
v -0.016277 0.009074 0.032022
v -0.016148 0.010654 0.031764
v -0.018740 0.009074 0.030633
v -0.018596 0.010654 0.030392
v 0.000020 0.009074 0.035930
v 0.000020 0.010654 0.035640
v -0.002795 0.009074 0.035819
v -0.002780 0.010654 0.035528
v 0.002835 0.009074 0.035819
v 0.002802 0.010654 0.035528
v 0.000020 0.009074 0.035930
v 0.000020 0.010654 0.035640
v 0.005632 0.009074 0.035467
v 0.005583 0.010654 0.035194
v 0.002835 0.009074 0.035819
v 0.002802 0.010654 0.035528
v 0.034134 0.009074 -0.011092
v 0.033861 0.010654 -0.010994
v 0.034912 0.009074 -0.008369
v 0.034620 0.010654 -0.008305
v 0.027318 0.009074 0.023337
v 0.027092 0.010654 0.023142
v 0.025411 0.009074 0.025392
v 0.025200 0.010654 0.025200
v 0.020918 0.010654 -0.028795
v 0.021096 0.009074 -0.029038
v 0.018599 0.010654 -0.030352
v 0.018744 0.009074 -0.030593
v -0.032911 0.010654 -0.013590
v -0.033186 0.009074 -0.013703
v -0.033874 0.010654 -0.010975
v -0.034149 0.009074 -0.011055
v 0.002783 0.010654 -0.035488
v 0.002798 0.009074 -0.035779
v -0.000017 0.010654 -0.035600
v -0.000017 0.009074 -0.035890
v 0.035800 0.009074 -0.002814
v 0.035509 0.010654 -0.002780
v 0.035912 0.009074 0.000002
v 0.035621 0.010654 0.000002
v -0.035172 0.010654 0.005601
v -0.035445 0.009074 0.005650
v -0.034617 0.010654 0.008346
v -0.034908 0.009074 0.008409
v 0.034912 0.009074 -0.008369
v 0.034620 0.010654 -0.008305
v 0.035449 0.009074 -0.005610
v 0.035176 0.010654 -0.005561
v 0.033861 0.010654 -0.010994
v 0.034134 0.009074 -0.011092
v 0.032896 0.010654 -0.013627
v 0.033171 0.009074 -0.013740
v -0.031982 0.009074 0.016336
v -0.031724 0.010654 0.016207
v -0.033167 0.009074 0.013780
v -0.032892 0.010654 0.013667
v -0.016186 0.010654 -0.031706
v -0.016314 0.009074 -0.031964
v -0.018615 0.010654 -0.030333
v -0.018777 0.009074 -0.030575
v -0.018615 0.010654 -0.030333
v -0.018777 0.009074 -0.030575
v -0.020933 0.010654 -0.028776
v -0.021111 0.009074 -0.029019
v -0.025371 0.009074 0.025429
v -0.025179 0.010654 0.025219
v -0.027297 0.009074 0.023355
v -0.027070 0.010654 0.023161
v -0.025197 0.010654 -0.025160
v -0.025408 0.009074 -0.025352
v -0.027088 0.010654 -0.023102
v -0.027315 0.009074 -0.023296
v -0.028813 0.010654 -0.020896
v -0.029056 0.009074 -0.021074
v -0.030370 0.010654 -0.018578
v -0.030612 0.009074 -0.018722
v -0.013645 0.010654 -0.032874
v -0.013758 0.009074 -0.033149
v -0.016186 0.010654 -0.031706
v -0.016314 0.009074 -0.031964
v -0.033874 0.010654 -0.010975
v -0.034149 0.009074 -0.011055
v -0.034636 0.010654 -0.008268
v -0.034908 0.009074 -0.008351
v -0.035464 0.009074 -0.005592
v -0.035173 0.010654 -0.005543
v -0.034908 0.009074 -0.008351
v -0.034636 0.010654 -0.008268
v 0.035912 0.009074 0.000002
v 0.035621 0.010654 0.000002
v 0.035800 0.009074 0.002817
v 0.035509 0.010654 0.002801
v 0.033878 0.010654 0.011016
v 0.034152 0.009074 0.011095
v 0.034639 0.010654 0.008309
v 0.034912 0.009074 0.008391
v 0.030615 0.009074 0.018762
v 0.030374 0.010654 0.018618
v 0.029059 0.009074 0.021114
v 0.028817 0.010654 0.020936
v -0.023139 0.010654 -0.027052
v -0.023333 0.009074 -0.027278
v -0.025197 0.010654 -0.025160
v -0.025408 0.009074 -0.025352
v -0.002832 0.009074 -0.035779
v -0.002798 0.010654 -0.035488
v -0.000017 0.009074 -0.035890
v -0.000017 0.010654 -0.035600
v 0.011114 0.009074 0.034152
v 0.011016 0.010654 0.033879
v 0.008391 0.009074 0.034930
v 0.008327 0.010654 0.034638
v -0.011013 0.010654 -0.033839
v -0.011110 0.009074 -0.034112
v -0.013645 0.010654 -0.032874
v -0.013758 0.009074 -0.033149
v 0.016152 0.010654 -0.031724
v 0.016281 0.009074 -0.031982
v 0.013612 0.010654 -0.032892
v 0.013725 0.009074 -0.033168
v -0.030593 0.009074 0.018799
v -0.030352 0.010654 0.018636
v -0.031982 0.009074 0.016336
v -0.031724 0.010654 0.016207
v -0.029038 0.009074 0.021133
v -0.028795 0.010654 0.020954
v -0.030593 0.009074 0.018799
v -0.030352 0.010654 0.018636
v 0.025411 0.009074 0.025392
v 0.025200 0.010654 0.025200
v 0.023337 0.009074 0.027318
v 0.023143 0.010654 0.027092
v -0.005610 0.009074 0.035486
v -0.005561 0.010654 0.035195
v -0.008369 0.009074 0.034930
v -0.008287 0.010654 0.034657
v -0.011073 0.009074 0.034171
v -0.010994 0.010654 0.033896
v -0.013721 0.009074 0.033208
v -0.013608 0.010654 0.032932
v -0.031742 0.010654 -0.016130
v -0.032001 0.009074 -0.016259
v -0.032911 0.010654 -0.013590
v -0.033186 0.009074 -0.013703
v 0.032004 0.009074 0.016299
v 0.031745 0.010654 0.016170
v 0.030615 0.009074 0.018762
v 0.030374 0.010654 0.018618
v 0.013762 0.009074 0.033189
v 0.013649 0.010654 0.032914
v 0.011114 0.009074 0.034152
v 0.011016 0.010654 0.033879
v -0.023315 0.009074 0.027337
v -0.023120 0.010654 0.027110
v -0.025371 0.009074 0.025429
v -0.025179 0.010654 0.025219
v 0.013612 0.010654 -0.032892
v 0.013725 0.009074 -0.033168
v 0.010997 0.010654 -0.033856
v 0.011077 0.009074 -0.034131
v -0.011110 0.009074 -0.034112
v -0.011013 0.010654 -0.033839
v -0.008388 0.009074 -0.034890
v -0.008324 0.010654 -0.034598
v -0.035797 0.009074 -0.002777
v -0.035506 0.010654 -0.002761
v -0.035464 0.009074 -0.005592
v -0.035173 0.010654 -0.005543
v 0.032896 0.010654 -0.013627
v 0.033171 0.009074 -0.013740
v 0.031727 0.010654 -0.016167
v 0.031986 0.009074 -0.016296
v 0.016281 0.009074 -0.031982
v 0.016152 0.010654 -0.031724
v 0.018744 0.009074 -0.030593
v 0.018599 0.010654 -0.030352
v -0.008388 0.009074 -0.034890
v -0.008324 0.010654 -0.034598
v -0.005628 0.009074 -0.035427
v -0.005579 0.010654 -0.035154
v -0.030370 0.010654 -0.018578
v -0.030612 0.009074 -0.018722
v -0.031742 0.010654 -0.016130
v -0.032001 0.009074 -0.016259
v 0.010997 0.010654 -0.033856
v 0.011077 0.009074 -0.034131
v 0.008290 0.010654 -0.034617
v 0.008373 0.009074 -0.034890
v -0.005628 0.009074 -0.035427
v -0.005579 0.010654 -0.035154
v -0.002832 0.009074 -0.035779
v -0.002798 0.010654 -0.035488
v -0.002814 -0.009148 -0.035663
v -0.002832 -0.008282 -0.035816
v -0.000017 -0.009148 -0.035774
v -0.000017 -0.008282 -0.035927
v 0.035649 -0.009148 -0.002852
v 0.035800 -0.008282 -0.002869
v 0.035760 -0.009148 -0.000054
v 0.035912 -0.008282 -0.000054
v 0.035649 -0.009148 0.002744
v 0.035800 -0.008282 0.002761
v 0.035316 -0.009148 0.005541
v 0.035467 -0.008282 0.005558
v -0.033167 -0.008282 -0.013759
v -0.033033 -0.009148 -0.013709
v -0.034149 -0.008282 -0.011129
v -0.033996 -0.009148 -0.011078
v -0.013690 -0.009148 -0.033051
v -0.013740 -0.008282 -0.033186
v -0.011059 -0.009148 -0.034014
v -0.011110 -0.008282 -0.034167
v -0.005612 -0.009148 -0.035329
v -0.005628 -0.008282 -0.035464
v -0.002814 -0.009148 -0.035663
v -0.002832 -0.008282 -0.035816
v 0.005578 -0.009148 -0.035330
v 0.005613 -0.008282 -0.035482
v 0.008320 -0.009148 -0.034792
v 0.008354 -0.008282 -0.034927
v -0.035757 -0.009148 -0.000036
v -0.035908 -0.008282 -0.000036
v -0.035645 -0.009148 -0.002833
v -0.035797 -0.008282 -0.002851
v -0.008354 -0.009148 -0.034774
v -0.008388 -0.008282 -0.034927
v -0.005612 -0.009148 -0.035329
v -0.005628 -0.008282 -0.035464
v -0.021008 -0.009148 -0.028938
v -0.021092 -0.008282 -0.029056
v -0.018692 -0.009148 -0.030494
v -0.018759 -0.008282 -0.030630
v -0.018692 -0.009148 -0.030494
v -0.018759 -0.008282 -0.030630
v -0.016228 -0.009148 -0.031884
v -0.016296 -0.008282 -0.032001
v 0.025374 -0.008282 -0.025426
v 0.025273 -0.009148 -0.025325
v 0.023300 -0.008282 -0.027334
v 0.023197 -0.009148 -0.027233
v 0.027281 -0.008282 -0.023352
v 0.027163 -0.009148 -0.023269
v 0.025374 -0.008282 -0.025426
v 0.025273 -0.009148 -0.025325
v -0.027297 -0.008282 -0.023333
v -0.027178 -0.009148 -0.023250
v -0.029037 -0.008282 -0.021111
v -0.028920 -0.009148 -0.021027
v 0.018744 -0.008282 -0.030630
v 0.018659 -0.009148 -0.030513
v 0.016281 -0.008282 -0.032019
v 0.016213 -0.009148 -0.031884
v -0.035645 -0.009148 -0.002833
v -0.035797 -0.008282 -0.002851
v -0.035312 -0.009148 -0.005631
v -0.035446 -0.008282 -0.005647
v 0.035315 -0.009148 -0.005649
v 0.035449 -0.008282 -0.005684
v 0.035649 -0.009148 -0.002852
v 0.035800 -0.008282 -0.002869
v -0.011059 -0.009148 -0.034014
v -0.011110 -0.008282 -0.034167
v -0.008354 -0.009148 -0.034774
v -0.008388 -0.008282 -0.034927
v 0.021077 -0.008282 -0.029075
v 0.020993 -0.009148 -0.028956
v 0.018744 -0.008282 -0.030630
v 0.018659 -0.009148 -0.030513
v 0.030596 -0.008282 -0.018815
v 0.030461 -0.009148 -0.018730
v 0.029022 -0.008282 -0.021148
v 0.028904 -0.009148 -0.021064
v -0.035797 -0.008282 0.002780
v -0.035645 -0.009148 0.002781
v -0.035464 -0.008282 0.005594
v -0.035312 -0.009148 0.005578
v -0.025288 -0.009148 -0.025307
v -0.025389 -0.008282 -0.025408
v -0.023213 -0.009148 -0.027197
v -0.023315 -0.008282 -0.027315
v 0.013725 -0.008282 -0.033204
v 0.013656 -0.009148 -0.033069
v 0.011077 -0.008282 -0.034167
v 0.011025 -0.009148 -0.034032
v 0.031985 -0.008282 -0.016351
v 0.031850 -0.009148 -0.016284
v 0.030596 -0.008282 -0.018815
v 0.030461 -0.009148 -0.018730
v 0.033171 -0.008282 -0.013796
v 0.033036 -0.009148 -0.013727
v 0.031985 -0.008282 -0.016351
v 0.031850 -0.009148 -0.016284
v 0.035760 -0.009148 -0.000054
v 0.035912 -0.008282 -0.000054
v 0.035649 -0.009148 0.002744
v 0.035800 -0.008282 0.002761
v 0.002798 -0.008282 -0.035816
v 0.002781 -0.009148 -0.035663
v -0.000017 -0.008282 -0.035927
v -0.000017 -0.009148 -0.035774
v -0.023213 -0.009148 -0.027197
v -0.023315 -0.008282 -0.027315
v -0.021008 -0.009148 -0.028938
v -0.021092 -0.008282 -0.029056
v -0.035645 -0.009148 0.002781
v -0.035797 -0.008282 0.002780
v -0.035757 -0.009148 -0.000036
v -0.035908 -0.008282 -0.000036
v 0.034134 -0.008282 -0.011147
v 0.034000 -0.009148 -0.011096
v 0.033171 -0.008282 -0.013796
v 0.033036 -0.009148 -0.013727
v 0.005613 -0.008282 -0.035482
v 0.005578 -0.009148 -0.035330
v 0.002798 -0.008282 -0.035816
v 0.002781 -0.009148 -0.035663
v -0.027178 -0.009148 -0.023250
v -0.027297 -0.008282 -0.023333
v -0.025288 -0.009148 -0.025307
v -0.025389 -0.008282 -0.025408
v -0.016228 -0.009148 -0.031884
v -0.016296 -0.008282 -0.032001
v -0.013690 -0.009148 -0.033051
v -0.013740 -0.008282 -0.033186
v 0.023300 -0.008282 -0.027334
v 0.023197 -0.009148 -0.027233
v 0.021077 -0.008282 -0.029075
v 0.020993 -0.009148 -0.028956
v 0.016281 -0.008282 -0.032019
v 0.016213 -0.009148 -0.031884
v 0.013725 -0.008282 -0.033204
v 0.013656 -0.009148 -0.033069
v 0.011077 -0.008282 -0.034167
v 0.011025 -0.009148 -0.034032
v 0.008354 -0.008282 -0.034927
v 0.008320 -0.009148 -0.034792
v -0.034149 -0.008282 -0.011129
v -0.033996 -0.009148 -0.011078
v -0.034908 -0.008282 -0.008406
v -0.034757 -0.009148 -0.008373
v -0.031982 -0.008282 -0.016314
v -0.031865 -0.009148 -0.016247
v -0.033167 -0.008282 -0.013759
v -0.033033 -0.009148 -0.013709
v -0.030611 -0.008282 -0.018777
v -0.030476 -0.009148 -0.018711
v -0.031982 -0.008282 -0.016314
v -0.031865 -0.009148 -0.016247
v -0.029037 -0.008282 -0.021111
v -0.028920 -0.009148 -0.021027
v -0.030611 -0.008282 -0.018777
v -0.030476 -0.009148 -0.018711
v 0.029022 -0.008282 -0.021148
v 0.028904 -0.009148 -0.021064
v 0.027281 -0.008282 -0.023352
v 0.027163 -0.009148 -0.023269
v 0.034152 -0.008282 0.011039
v 0.034019 -0.009148 0.011007
v 0.034912 -0.008282 0.008317
v 0.034779 -0.009148 0.008284
v 0.030634 -0.008282 0.018707
v 0.030499 -0.009148 0.018641
v 0.032004 -0.008282 0.016244
v 0.031870 -0.009148 0.016177
v -0.032001 -0.008282 0.016280
v -0.031866 -0.009148 0.016213
v -0.030612 -0.008282 0.018744
v -0.030477 -0.009148 0.018659
v 0.034893 -0.008282 -0.008425
v 0.034759 -0.009148 -0.008391
v 0.034134 -0.008282 -0.011147
v 0.034000 -0.009148 -0.011096
v 0.005632 -0.008282 0.035430
v 0.005616 -0.009148 0.035298
v 0.008391 -0.008282 0.034893
v 0.008358 -0.009148 0.034742
v -0.002795 -0.008282 0.035782
v -0.002796 -0.009148 0.035631
v 0.000020 -0.008282 0.035893
v 0.000020 -0.009148 0.035743
v -0.016296 -0.008282 0.031967
v -0.016229 -0.009148 0.031851
v -0.013740 -0.008282 0.033152
v -0.013672 -0.009148 0.033019
v -0.005610 -0.008282 0.035430
v -0.005594 -0.009148 0.035299
v -0.002795 -0.008282 0.035782
v -0.002796 -0.009148 0.035631
v 0.018781 -0.008282 0.030578
v 0.018715 -0.009148 0.030444
v 0.021114 -0.008282 0.029004
v 0.021032 -0.009148 0.028887
v -0.034149 -0.008282 0.011076
v -0.034016 -0.009148 0.011026
v -0.033167 -0.008282 0.013725
v -0.033034 -0.009148 0.013657
v 0.023337 -0.008282 0.027263
v 0.023255 -0.009148 0.027146
v 0.025411 -0.008282 0.025355
v 0.025311 -0.009148 0.025255
v -0.025389 -0.008282 0.025374
v -0.025289 -0.009148 0.025274
v -0.023315 -0.008282 0.027282
v -0.023214 -0.009148 0.027164
v 0.032004 -0.008282 0.016244
v 0.031870 -0.009148 0.016177
v 0.033189 -0.008282 0.013688
v 0.033055 -0.009148 0.013638
v 0.033189 -0.008282 0.013688
v 0.033055 -0.009148 0.013638
v 0.034152 -0.008282 0.011039
v 0.034019 -0.009148 0.011007
v -0.027297 -0.008282 0.023300
v -0.027198 -0.009148 0.023199
v -0.025389 -0.008282 0.025374
v -0.025289 -0.009148 0.025274
v -0.034908 -0.008282 0.008354
v -0.034757 -0.009148 0.008321
v -0.034149 -0.008282 0.011076
v -0.034016 -0.009148 0.011026
v -0.013740 -0.008282 0.033152
v -0.013672 -0.009148 0.033019
v -0.011092 -0.008282 0.034134
v -0.011041 -0.009148 0.033983
v 0.025411 -0.008282 0.025355
v 0.025311 -0.009148 0.025255
v 0.027319 -0.008282 0.023281
v 0.027219 -0.009148 0.023180
v -0.035464 -0.008282 0.005594
v -0.035312 -0.009148 0.005578
v -0.034908 -0.008282 0.008354
v -0.034757 -0.009148 0.008321
v -0.011092 -0.008282 0.034134
v -0.011041 -0.009148 0.033983
v -0.008370 -0.008282 0.034893
v -0.008336 -0.009148 0.034743
v 0.008391 -0.008282 0.034893
v 0.008358 -0.009148 0.034742
v 0.011114 -0.008282 0.034116
v 0.011082 -0.009148 0.033983
v 0.034912 -0.008282 0.008317
v 0.034779 -0.009148 0.008284
v 0.035467 -0.008282 0.005558
v 0.035316 -0.009148 0.005541
v 0.000020 -0.008282 0.035893
v 0.000020 -0.009148 0.035743
v 0.002835 -0.008282 0.035782
v 0.002818 -0.009148 0.035631
v 0.011114 -0.008282 0.034116
v 0.011082 -0.009148 0.033983
v 0.013762 -0.008282 0.033152
v 0.013713 -0.009148 0.033019
v -0.021093 -0.008282 0.029023
v -0.021010 -0.009148 0.028906
v -0.018759 -0.008282 0.030597
v -0.018675 -0.009148 0.030462
v 0.029059 -0.008282 0.021059
v 0.028943 -0.009148 0.020976
v 0.030634 -0.008282 0.018707
v 0.030499 -0.009148 0.018641
v -0.029038 -0.008282 0.021077
v -0.028921 -0.009148 0.020994
v -0.027297 -0.008282 0.023300
v -0.027198 -0.009148 0.023199
v -0.033167 -0.008282 0.013725
v -0.033034 -0.009148 0.013657
v -0.032001 -0.008282 0.016280
v -0.031866 -0.009148 0.016213
v 0.035449 -0.008282 -0.005684
v 0.035315 -0.009148 -0.005649
v 0.034893 -0.008282 -0.008425
v 0.034759 -0.009148 -0.008391
v 0.027319 -0.008282 0.023281
v 0.027219 -0.009148 0.023180
v 0.029059 -0.008282 0.021059
v 0.028943 -0.009148 0.020976
v 0.016318 -0.008282 0.031967
v 0.016251 -0.009148 0.031834
v 0.018781 -0.008282 0.030578
v 0.018715 -0.009148 0.030444
v 0.021114 -0.008282 0.029004
v 0.021032 -0.009148 0.028887
v 0.023337 -0.008282 0.027263
v 0.023255 -0.009148 0.027146
v -0.030612 -0.008282 0.018744
v -0.030477 -0.009148 0.018659
v -0.029038 -0.008282 0.021077
v -0.028921 -0.009148 0.020994
v -0.018759 -0.008282 0.030597
v -0.018675 -0.009148 0.030462
v -0.016296 -0.008282 0.031967
v -0.016229 -0.009148 0.031851
v -0.035312 -0.009148 -0.005631
v -0.035446 -0.008282 -0.005647
v -0.034757 -0.009148 -0.008373
v -0.034908 -0.008282 -0.008406
v 0.013762 -0.008282 0.033152
v 0.013713 -0.009148 0.033019
v 0.016318 -0.008282 0.031967
v 0.016251 -0.009148 0.031834
v 0.002835 -0.008282 0.035782
v 0.002818 -0.009148 0.035631
v 0.005632 -0.008282 0.035430
v 0.005616 -0.009148 0.035298
v -0.023315 -0.008282 0.027282
v -0.023214 -0.009148 0.027164
v -0.021093 -0.008282 0.029023
v -0.021010 -0.009148 0.028906
v -0.008370 -0.008282 0.034893
v -0.008336 -0.009148 0.034743
v -0.005610 -0.008282 0.035430
v -0.005594 -0.009148 0.035299
v 0.013836 0.004583 0.033374
v 0.013762 0.009074 0.033189
v 0.011169 0.004583 0.034355
v 0.011114 0.009074 0.034152
v -0.035648 0.004583 0.005687
v -0.035445 0.009074 0.005650
v -0.035982 0.004583 0.002872
v -0.035797 0.009074 0.002853
v 0.035096 0.004583 -0.008425
v 0.034912 0.009074 -0.008369
v 0.035652 0.004583 -0.005647
v 0.035449 0.009074 -0.005610
v 0.011169 0.004583 0.034355
v 0.011114 0.009074 0.034152
v 0.008447 0.004583 0.035115
v 0.008391 0.009074 0.034930
v 0.033355 0.004583 -0.013814
v 0.033171 0.009074 -0.013740
v 0.034337 0.004583 -0.011147
v 0.034134 0.009074 -0.011092
v -0.005610 0.009074 0.035486
v -0.005628 0.004583 0.035670
v -0.002795 0.009074 0.035819
v -0.002813 0.004583 0.036004
v 0.030597 0.009074 -0.018759
v 0.030763 0.004583 -0.018851
v 0.029041 0.009074 -0.021092
v 0.029207 0.004583 -0.021203
v -0.021203 0.004583 0.029244
v -0.021092 0.009074 0.029078
v -0.023426 0.004583 0.027484
v -0.023315 0.009074 0.027337
v 0.030781 0.004583 0.018873
v 0.030615 0.009074 0.018762
v 0.029226 0.004583 0.021225
v 0.029059 0.009074 0.021114
v -0.016370 0.004583 0.032188
v -0.016277 0.009074 0.032022
v -0.018851 0.004583 0.030800
v -0.018740 0.009074 0.030633
v 0.032004 0.009074 0.016299
v 0.032170 0.004583 0.016391
v 0.033189 0.009074 0.013743
v 0.033355 0.004583 0.013817
v 0.034337 0.004583 0.011169
v 0.034152 0.009074 0.011095
v 0.033355 0.004583 0.013817
v 0.033189 0.009074 0.013743
v -0.011073 0.009074 0.034171
v -0.011147 0.004583 0.034355
v -0.008369 0.009074 0.034930
v -0.008406 0.004583 0.035133
v -0.008369 0.009074 0.034930
v -0.008406 0.004583 0.035133
v -0.005610 0.009074 0.035486
v -0.005628 0.004583 0.035670
v 0.020867 -0.009863 0.028730
v 0.021032 -0.009148 0.028887
v 0.018566 -0.009863 0.030269
v 0.018715 -0.009148 0.030444
v -0.002795 0.009074 0.035819
v -0.002813 0.004583 0.036004
v 0.000020 0.009074 0.035930
v 0.000020 0.004583 0.036115
v -0.013832 0.004583 -0.033334
v -0.013758 0.009074 -0.033149
v -0.011166 0.004583 -0.034315
v -0.011110 0.009074 -0.034112
v 0.035652 0.004583 0.005650
v 0.035467 0.009074 0.005632
v 0.035115 0.004583 0.008428
v 0.034912 0.009074 0.008391
v 0.035652 0.004583 -0.005647
v 0.035449 0.009074 -0.005610
v 0.035985 0.004583 -0.002832
v 0.035800 0.009074 -0.002814
v 0.023318 0.009074 -0.027297
v 0.023429 0.004583 -0.027444
v 0.021096 0.009074 -0.029038
v 0.021207 0.004583 -0.029204
v 0.027466 0.004583 0.023447
v 0.027318 0.009074 0.023337
v 0.025540 0.004583 0.025540
v 0.025411 0.009074 0.025392
v 0.002854 0.004583 0.036004
v 0.002835 0.009074 0.035819
v 0.000020 0.004583 0.036115
v 0.000020 0.009074 0.035930
v 0.002802 -0.009863 0.035406
v 0.002818 -0.009148 0.035631
v 0.000020 -0.009863 0.035518
v 0.000020 -0.009148 0.035743
v 0.005669 0.004583 0.035670
v 0.005632 0.009074 0.035467
v 0.002854 0.004583 0.036004
v 0.002835 0.009074 0.035819
v 0.008447 0.004583 0.035115
v 0.008391 0.009074 0.034930
v 0.005669 0.004583 0.035670
v 0.005632 0.009074 0.035467
v -0.011166 0.004583 -0.034315
v -0.011110 0.009074 -0.034112
v -0.008443 0.004583 -0.035075
v -0.008388 0.009074 -0.034890
v 0.016391 0.004583 0.032170
v 0.016318 0.009074 0.032004
v 0.013836 0.004583 0.033374
v 0.013762 0.009074 0.033189
v 0.021225 0.004583 0.029225
v 0.021114 0.009074 0.029059
v 0.018873 0.004583 0.030781
v 0.018781 0.009074 0.030615
v 0.025540 0.004583 0.025540
v 0.025411 0.009074 0.025392
v 0.023466 0.004583 0.027466
v 0.023337 0.009074 0.027318
v 0.021225 0.004583 0.029225
v 0.021114 0.009074 0.029059
v 0.025374 0.009074 -0.025389
v 0.025522 0.004583 -0.025518
v 0.023318 0.009074 -0.027297
v 0.023429 0.004583 -0.027444
v 0.029226 0.004583 0.021225
v 0.029059 0.009074 0.021114
v 0.027466 0.004583 0.023447
v 0.027318 0.009074 0.023337
v -0.029056 0.009074 -0.021074
v -0.029222 0.004583 -0.021185
v -0.030612 0.009074 -0.018722
v -0.030778 0.004583 -0.018833
v 0.030615 0.009074 0.018762
v 0.030781 0.004583 0.018873
v 0.032004 0.009074 0.016299
v 0.032170 0.004583 0.016391
v 0.008373 0.009074 -0.034890
v 0.008410 0.004583 -0.035093
v 0.005613 0.009074 -0.035446
v 0.005632 0.004583 -0.035630
v 0.011077 0.009074 -0.034131
v 0.011150 0.004583 -0.034315
v 0.008373 0.009074 -0.034890
v 0.008410 0.004583 -0.035093
v -0.033352 0.004583 0.013854
v -0.033167 0.009074 0.013780
v -0.034334 0.004583 0.011188
v -0.034130 0.009074 0.011132
v 0.033171 0.009074 -0.013740
v 0.033355 0.004583 -0.013814
v 0.031986 0.009074 -0.016296
v 0.032152 0.004583 -0.016370
v 0.034337 0.004583 -0.011147
v 0.034134 0.009074 -0.011092
v 0.035096 0.004583 -0.008425
v 0.034912 0.009074 -0.008369
v -0.023426 0.004583 0.027484
v -0.023315 0.009074 0.027337
v -0.025518 0.004583 0.025559
v -0.025371 0.009074 0.025429
v -0.008443 0.004583 -0.035075
v -0.008388 0.009074 -0.034890
v -0.005665 0.004583 -0.035630
v -0.005628 0.009074 -0.035427
v -0.005544 -0.009863 0.035074
v -0.005594 -0.009148 0.035299
v -0.008270 -0.009863 0.034536
v -0.008336 -0.009148 0.034743
v 0.021096 0.009074 -0.029038
v 0.021207 0.004583 -0.029204
v 0.018744 0.009074 -0.030593
v 0.018855 0.004583 -0.030759
v -0.035111 0.004583 -0.008388
v -0.034908 0.009074 -0.008351
v -0.034334 0.004583 -0.011129
v -0.034149 0.009074 -0.011055
v -0.035648 0.004583 -0.005610
v -0.035464 0.009074 -0.005592
v -0.035111 0.004583 -0.008388
v -0.034908 0.009074 -0.008351
v 0.035115 0.004583 0.008428
v 0.034912 0.009074 0.008391
v 0.034337 0.004583 0.011169
v 0.034152 0.009074 0.011095
v -0.035445 0.009074 0.005650
v -0.035648 0.004583 0.005687
v -0.034908 0.009074 0.008409
v -0.035093 0.004583 0.008465
v -0.034334 0.004583 0.011188
v -0.034130 0.009074 0.011132
v -0.035093 0.004583 0.008465
v -0.034908 0.009074 0.008409
v 0.000020 -0.009863 0.035518
v 0.000020 -0.009148 0.035743
v -0.002762 -0.009863 0.035406
v -0.002796 -0.009148 0.035631
v -0.029204 0.004583 0.021243
v -0.029038 0.009074 0.021133
v -0.030759 0.004583 0.018892
v -0.030593 0.009074 0.018799
v -0.025408 0.009074 -0.025352
v -0.025537 0.004583 -0.025500
v -0.027315 0.009074 -0.023296
v -0.027463 0.004583 -0.023407
v -0.027315 0.009074 -0.023296
v -0.027463 0.004583 -0.023407
v -0.029056 0.009074 -0.021074
v -0.029222 0.004583 -0.021185
v -0.033186 0.009074 -0.013703
v -0.033352 0.004583 -0.013777
v -0.034149 0.009074 -0.011055
v -0.034334 0.004583 -0.011129
v -0.030612 0.009074 -0.018722
v -0.030778 0.004583 -0.018833
v -0.032001 0.009074 -0.016259
v -0.032167 0.004583 -0.016351
v -0.018851 0.004583 0.030800
v -0.018740 0.009074 0.030633
v -0.021203 0.004583 0.029244
v -0.021092 0.009074 0.029078
v -0.008270 -0.009863 0.034536
v -0.008336 -0.009148 0.034743
v -0.010959 -0.009863 0.033775
v -0.011041 -0.009148 0.033983
v 0.029041 0.009074 -0.021092
v 0.029207 0.004583 -0.021203
v 0.027300 0.009074 -0.023315
v 0.027448 0.004583 -0.023444
v 0.025374 0.009074 -0.025389
v 0.025522 0.004583 -0.025518
v 0.013596 -0.009863 0.032810
v 0.013713 -0.009148 0.033019
v 0.010981 -0.009863 0.033775
v 0.011082 -0.009148 0.033983
v 0.016119 -0.009863 0.031642
v 0.016251 -0.009148 0.031834
v 0.013596 -0.009863 0.032810
v 0.013713 -0.009148 0.033019
v 0.013725 0.009074 -0.033168
v 0.013799 0.004583 -0.033334
v 0.011077 0.009074 -0.034131
v 0.011150 0.004583 -0.034315
v -0.002762 -0.009863 0.035406
v -0.002796 -0.009148 0.035631
v -0.005544 -0.009863 0.035074
v -0.005594 -0.009148 0.035299
v -0.035982 0.004583 0.002872
v -0.035797 0.009074 0.002853
v -0.036093 0.004583 0.000039
v -0.035908 0.009074 0.000039
v 0.035985 0.004583 0.002835
v 0.035800 0.009074 0.002817
v 0.035652 0.004583 0.005650
v 0.035467 0.009074 0.005632
v 0.035912 0.009074 0.000002
v 0.036096 0.004583 0.000002
v -0.016314 0.009074 -0.031964
v -0.016407 0.004583 -0.032130
v -0.018777 0.009074 -0.030575
v -0.018870 0.004583 -0.030741
v -0.013832 0.004583 -0.033334
v -0.013758 0.009074 -0.033149
v 0.035985 0.004583 -0.002832
v 0.035800 0.009074 -0.002814
v 0.036096 0.004583 0.000002
v 0.035912 0.009074 0.000002
v 0.016373 0.004583 -0.032148
v 0.016281 0.009074 -0.031982
v 0.018855 0.004583 -0.030759
v 0.018744 0.009074 -0.030593
v -0.021111 0.009074 -0.029019
v -0.021222 0.004583 -0.029185
v -0.023333 0.009074 -0.027278
v -0.023462 0.004583 -0.027426
v -0.025408 0.009074 -0.025352
v -0.025537 0.004583 -0.025500
v -0.032148 0.004583 0.016428
v -0.031982 0.009074 0.016336
v -0.033352 0.004583 0.013854
v -0.033167 0.009074 0.013780
v -0.030593 0.009074 0.018799
v -0.030759 0.004583 0.018892
v 0.031986 0.009074 -0.016296
v 0.032152 0.004583 -0.016370
v 0.030597 0.009074 -0.018759
v 0.030763 0.004583 -0.018851
v -0.027444 0.004583 0.023484
v -0.027297 0.009074 0.023355
v -0.029204 0.004583 0.021243
v -0.029038 0.009074 0.021133
v -0.025371 0.009074 0.025429
v -0.025518 0.004583 0.025559
v 0.013799 0.004583 -0.033334
v 0.013725 0.009074 -0.033168
v 0.016373 0.004583 -0.032148
v 0.016281 0.009074 -0.031982
v -0.018777 0.009074 -0.030575
v -0.018870 0.004583 -0.030741
v -0.021111 0.009074 -0.029019
v -0.021222 0.004583 -0.029185
v -0.011147 0.004583 0.034355
v -0.011073 0.009074 0.034171
v -0.013795 0.004583 0.033374
v -0.013721 0.009074 0.033208
v -0.016370 0.004583 0.032188
v -0.016277 0.009074 0.032022
v -0.002850 0.004583 -0.035963
v -0.002832 0.009074 -0.035779
v -0.000017 0.004583 -0.036075
v -0.000017 0.009074 -0.035890
v -0.036093 0.004583 0.000039
v -0.035908 0.009074 0.000039
v -0.035982 0.004583 -0.002795
v -0.035797 0.009074 -0.002777
v -0.035648 0.004583 -0.005610
v -0.035464 0.009074 -0.005592
v -0.028708 -0.009863 0.020885
v -0.028921 -0.009148 0.020994
v -0.030247 -0.009863 0.018585
v -0.030477 -0.009148 0.018659
v -0.005665 0.004583 -0.035630
v -0.005628 0.009074 -0.035427
v -0.002850 0.004583 -0.035963
v -0.002832 0.009074 -0.035779
v 0.018873 0.004583 0.030781
v 0.018781 0.009074 0.030615
v 0.016391 0.004583 0.032170
v 0.016318 0.009074 0.032004
v 0.018566 -0.009863 0.030269
v 0.018715 -0.009148 0.030444
v 0.016119 -0.009863 0.031642
v 0.016251 -0.009148 0.031834
v -0.033352 0.004583 -0.013777
v -0.033186 0.009074 -0.013703
v -0.032167 0.004583 -0.016351
v -0.032001 0.009074 -0.016259
v -0.018526 -0.009863 0.030288
v -0.018675 -0.009148 0.030462
v -0.020845 -0.009863 0.028731
v -0.021010 -0.009148 0.028906
v 0.010981 -0.009863 0.033775
v 0.011082 -0.009148 0.033983
v 0.008292 -0.009863 0.034517
v 0.008358 -0.009148 0.034742
v -0.010959 -0.009863 0.033775
v -0.011041 -0.009148 0.033983
v -0.013575 -0.009863 0.032811
v -0.013672 -0.009148 0.033019
v 0.002798 0.009074 -0.035779
v 0.002817 0.004583 -0.035963
v -0.000017 0.009074 -0.035890
v -0.000017 0.004583 -0.036075
v 0.005632 0.004583 -0.035630
v 0.005613 0.009074 -0.035446
v -0.023034 -0.009863 0.027006
v -0.023214 -0.009148 0.027164
v -0.025092 -0.009863 0.025132
v -0.025289 -0.009148 0.025274
v 0.008292 -0.009863 0.034517
v 0.008358 -0.009148 0.034742
v 0.005566 -0.009863 0.035055
v 0.005616 -0.009148 0.035298
v -0.020845 -0.009863 0.028731
v -0.021010 -0.009148 0.028906
v -0.023034 -0.009863 0.027006
v -0.023214 -0.009148 0.027164
v -0.013575 -0.009863 0.032811
v -0.013672 -0.009148 0.033019
v -0.016097 -0.009863 0.031642
v -0.016229 -0.009148 0.031851
v 0.023056 -0.009863 0.026988
v 0.023255 -0.009148 0.027146
v 0.020867 -0.009863 0.028730
v 0.021032 -0.009148 0.028887
v -0.016097 -0.009863 0.031642
v -0.016229 -0.009148 0.031851
v -0.018526 -0.009863 0.030288
v -0.018675 -0.009148 0.030462
v 0.005566 -0.009863 0.035055
v 0.005616 -0.009148 0.035298
v 0.002802 -0.009863 0.035406
v 0.002818 -0.009148 0.035631
v 0.031624 -0.009863 0.016119
v 0.031870 -0.009148 0.016177
v 0.030270 -0.009863 0.018548
v 0.030499 -0.009148 0.018641
v -0.030247 -0.009863 0.018585
v -0.030477 -0.009148 0.018659
v -0.031621 -0.009863 0.016137
v -0.031866 -0.009148 0.016213
v 0.026988 -0.009863 0.023055
v 0.027219 -0.009148 0.023180
v 0.025114 -0.009863 0.025114
v 0.025311 -0.009148 0.025255
v -0.031621 -0.009863 0.016137
v -0.031866 -0.009148 0.016213
v -0.032788 -0.009863 0.013615
v -0.033034 -0.009148 0.013657
v 0.025114 -0.009863 0.025114
v 0.025311 -0.009148 0.025255
v 0.023056 -0.009863 0.026988
v 0.023255 -0.009148 0.027146
v -0.032788 -0.009863 0.013615
v -0.033034 -0.009148 0.013657
v -0.033753 -0.009863 0.011000
v -0.034016 -0.009148 0.011026
v -0.026966 -0.009863 0.023075
v -0.027198 -0.009148 0.023199
v -0.028708 -0.009863 0.020885
v -0.028921 -0.009148 0.020994
v -0.025092 -0.009863 0.025132
v -0.025289 -0.009148 0.025274
v -0.026966 -0.009863 0.023075
v -0.027198 -0.009148 0.023199
v 0.030270 -0.009863 0.018548
v 0.030499 -0.009148 0.018641
v 0.028713 -0.009863 0.020867
v 0.028943 -0.009148 0.020976
v -0.025389 -0.008282 0.025374
v -0.025518 -0.003919 0.025559
v -0.027297 -0.008282 0.023300
v -0.027444 -0.003919 0.023484
v 0.032793 -0.009863 0.013596
v 0.033055 -0.009148 0.013638
v 0.031624 -0.009863 0.016119
v 0.031870 -0.009148 0.016177
v 0.025411 -0.008282 0.025355
v 0.025540 -0.003919 0.025540
v 0.023337 -0.008282 0.027263
v 0.023466 -0.003919 0.027466
v 0.035056 -0.009863 0.005566
v 0.035316 -0.009148 0.005541
v 0.034518 -0.009863 0.008292
v 0.034779 -0.009148 0.008284
v 0.034518 -0.009863 0.008292
v 0.034779 -0.009148 0.008284
v 0.033757 -0.009863 0.010981
v 0.034019 -0.009148 0.011007
v -0.035385 -0.009863 0.002820
v -0.035645 -0.009148 0.002781
v -0.035497 -0.009863 0.000039
v -0.035757 -0.009148 -0.000036
v 0.027466 -0.003919 0.023447
v 0.027319 -0.008282 0.023281
v 0.029226 -0.003919 0.021225
v 0.029059 -0.008282 0.021059
v 0.028713 -0.009863 0.020867
v 0.028943 -0.009148 0.020976
v 0.026988 -0.009863 0.023055
v 0.027219 -0.009148 0.023180
v -0.034334 -0.003919 0.011188
v -0.034149 -0.008282 0.011076
v -0.033352 -0.003919 0.013854
v -0.033167 -0.008282 0.013725
v 0.035388 -0.009863 0.002783
v 0.035649 -0.009148 0.002744
v 0.035056 -0.009863 0.005566
v 0.035316 -0.009148 0.005541
v 0.023337 -0.008282 0.027263
v 0.023466 -0.003919 0.027466
v 0.021114 -0.008282 0.029004
v 0.021225 -0.003919 0.029225
v -0.021093 -0.008282 0.029023
v -0.021203 -0.003919 0.029244
v -0.023315 -0.008282 0.027282
v -0.023426 -0.003919 0.027484
v 0.011114 -0.008282 0.034116
v 0.011169 -0.003919 0.034355
v 0.008391 -0.008282 0.034893
v 0.008447 -0.003919 0.035115
v 0.013762 -0.008282 0.033152
v 0.013836 -0.003919 0.033374
v 0.011114 -0.008282 0.034116
v 0.011169 -0.003919 0.034355
v -0.008370 -0.008282 0.034893
v -0.008406 -0.003919 0.035133
v -0.011092 -0.008282 0.034134
v -0.011147 -0.003919 0.034355
v -0.027297 -0.008282 0.023300
v -0.027444 -0.003919 0.023484
v -0.029038 -0.008282 0.021077
v -0.029204 -0.003919 0.021243
v -0.005665 -0.003919 -0.035630
v -0.005628 -0.008282 -0.035464
v -0.008443 -0.003919 -0.035075
v -0.008388 -0.008282 -0.034927
v -0.035908 -0.008282 -0.000036
v -0.036093 -0.003919 0.000039
v -0.035797 -0.008282 -0.002851
v -0.035982 -0.003919 -0.002795
v -0.035497 -0.009863 0.000039
v -0.035757 -0.009148 -0.000036
v -0.035385 -0.009863 -0.002743
v -0.035645 -0.009148 -0.002833
v 0.035096 -0.003919 -0.008425
v 0.034893 -0.008282 -0.008425
v 0.034337 -0.003919 -0.011147
v 0.034134 -0.008282 -0.011147
v 0.035115 -0.003919 0.008428
v 0.034912 -0.008282 0.008317
v 0.035652 -0.003919 0.005650
v 0.035467 -0.008282 0.005558
v 0.032170 -0.003919 0.016391
v 0.032004 -0.008282 0.016244
v 0.033355 -0.003919 0.013817
v 0.033189 -0.008282 0.013688
v 0.030763 -0.003919 -0.018851
v 0.030596 -0.008282 -0.018815
v 0.029207 -0.003919 -0.021203
v 0.029022 -0.008282 -0.021148
v 0.027319 -0.008282 0.023281
v 0.027466 -0.003919 0.023447
v 0.025411 -0.008282 0.025355
v 0.025540 -0.003919 0.025540
v -0.035797 -0.008282 0.002780
v -0.035982 -0.003919 0.002872
v -0.035908 -0.008282 -0.000036
v -0.036093 -0.003919 0.000039
v -0.034334 -0.003919 -0.011129
v -0.034149 -0.008282 -0.011129
v -0.035111 -0.003919 -0.008388
v -0.034908 -0.008282 -0.008406
v -0.027297 -0.008282 -0.023333
v -0.027463 -0.003919 -0.023407
v -0.025389 -0.008282 -0.025408
v -0.025537 -0.003919 -0.025500
v 0.027448 -0.003919 -0.023444
v 0.027281 -0.008282 -0.023352
v 0.025522 -0.003919 -0.025518
v 0.025374 -0.008282 -0.025426
v 0.035449 -0.008282 -0.005684
v 0.035652 -0.003919 -0.005647
v 0.035800 -0.008282 -0.002869
v 0.035985 -0.003919 -0.002832
v -0.013740 -0.008282 0.033152
v -0.013795 -0.003919 0.033374
v -0.016296 -0.008282 0.031967
v -0.016370 -0.003919 0.032188
v -0.018759 -0.008282 0.030597
v -0.018851 -0.003919 0.030800
v -0.023315 -0.008282 -0.027315
v -0.023462 -0.003919 -0.027426
v -0.021092 -0.008282 -0.029056
v -0.021222 -0.003919 -0.029185
v -0.011092 -0.008282 0.034134
v -0.011147 -0.003919 0.034355
v -0.013740 -0.008282 0.033152
v -0.013795 -0.003919 0.033374
v -0.002832 -0.008282 -0.035816
v -0.002850 -0.003919 -0.035963
v -0.000017 -0.008282 -0.035927
v -0.000017 -0.003919 -0.036075
v 0.000020 -0.003919 0.036115
v 0.000020 -0.008282 0.035893
v 0.002854 -0.003919 0.036004
v 0.002835 -0.008282 0.035782
v -0.016296 -0.008282 -0.032001
v -0.016407 -0.003919 -0.032130
v -0.013740 -0.008282 -0.033186
v -0.013832 -0.003919 -0.033334
v 0.021207 -0.003919 -0.029204
v 0.021077 -0.008282 -0.029075
v 0.018855 -0.003919 -0.030759
v 0.018744 -0.008282 -0.030630
v 0.029226 -0.003919 0.021225
v 0.029059 -0.008282 0.021059
v 0.030781 -0.003919 0.018873
v 0.030634 -0.008282 0.018707
v 0.033355 -0.003919 -0.013814
v 0.033171 -0.008282 -0.013796
v 0.032152 -0.003919 -0.016370
v 0.031985 -0.008282 -0.016351
v -0.023315 -0.008282 0.027282
v -0.023426 -0.003919 0.027484
v -0.025389 -0.008282 0.025374
v -0.025518 -0.003919 0.025559
v 0.035652 -0.003919 -0.005647
v 0.035449 -0.008282 -0.005684
v 0.035096 -0.003919 -0.008425
v 0.034893 -0.008282 -0.008425
v -0.013740 -0.008282 -0.033186
v -0.013832 -0.003919 -0.033334
v -0.011110 -0.008282 -0.034167
v -0.011166 -0.003919 -0.034315
v 0.029207 -0.003919 -0.021203
v 0.029022 -0.008282 -0.021148
v 0.027448 -0.003919 -0.023444
v 0.027281 -0.008282 -0.023352
v 0.035800 -0.008282 -0.002869
v 0.035985 -0.003919 -0.002832
v 0.035912 -0.008282 -0.000054
v 0.036096 -0.003919 0.000002
v 0.030781 -0.003919 0.018873
v 0.030634 -0.008282 0.018707
v 0.032170 -0.003919 0.016391
v 0.032004 -0.008282 0.016244
v -0.035093 -0.003919 0.008465
v -0.034908 -0.008282 0.008354
v -0.034334 -0.003919 0.011188
v -0.034149 -0.008282 0.011076
v -0.033352 -0.003919 0.013854
v -0.033167 -0.008282 0.013725
v -0.032148 -0.003919 0.016428
v -0.032001 -0.008282 0.016280
v -0.018759 -0.008282 0.030597
v -0.018851 -0.003919 0.030800
v -0.021093 -0.008282 0.029023
v -0.021203 -0.003919 0.029244
v 0.018855 -0.003919 -0.030759
v 0.018744 -0.008282 -0.030630
v 0.016373 -0.003919 -0.032148
v 0.016281 -0.008282 -0.032019
v 0.034912 -0.008282 0.008317
v 0.035115 -0.003919 0.008428
v 0.034152 -0.008282 0.011039
v 0.034337 -0.003919 0.011169
v -0.035464 -0.008282 0.005594
v -0.035648 -0.003919 0.005687
v -0.035797 -0.008282 0.002780
v -0.035982 -0.003919 0.002872
v 0.021114 -0.008282 0.029004
v 0.021225 -0.003919 0.029225
v 0.018781 -0.008282 0.030578
v 0.018873 -0.003919 0.030781
v 0.002854 -0.003919 0.036004
v 0.002835 -0.008282 0.035782
v 0.005669 -0.003919 0.035670
v 0.005632 -0.008282 0.035430
v 0.008391 -0.008282 0.034893
v 0.008447 -0.003919 0.035115
v 0.005632 -0.008282 0.035430
v 0.005669 -0.003919 0.035670
v -0.029222 -0.003919 -0.021185
v -0.029037 -0.008282 -0.021111
v -0.030778 -0.003919 -0.018833
v -0.030611 -0.008282 -0.018777
v 0.023429 -0.003919 -0.027444
v 0.023300 -0.008282 -0.027334
v 0.021207 -0.003919 -0.029204
v 0.021077 -0.008282 -0.029075
v -0.030759 -0.003919 0.018892
v -0.030612 -0.008282 0.018744
v -0.029204 -0.003919 0.021243
v -0.029038 -0.008282 0.021077
v -0.032148 -0.003919 0.016428
v -0.032001 -0.008282 0.016280
v -0.030759 -0.003919 0.018892
v -0.030612 -0.008282 0.018744
v -0.025389 -0.008282 -0.025408
v -0.025537 -0.003919 -0.025500
v -0.023315 -0.008282 -0.027315
v -0.023462 -0.003919 -0.027426
v 0.035388 -0.009863 -0.002780
v 0.035649 -0.009148 -0.002852
v 0.035500 -0.009863 0.000002
v 0.035760 -0.009148 -0.000054
v 0.033757 -0.009863 0.010981
v 0.034019 -0.009148 0.011007
v 0.032793 -0.009863 0.013596
v 0.033055 -0.009148 0.013638
v 0.035500 -0.009863 0.000002
v 0.035760 -0.009148 -0.000054
v 0.035388 -0.009863 0.002783
v 0.035649 -0.009148 0.002744
v -0.002813 -0.003919 0.036004
v -0.002795 -0.008282 0.035782
v 0.000020 -0.003919 0.036115
v 0.000020 -0.008282 0.035893
v -0.008406 -0.003919 0.035133
v -0.008370 -0.008282 0.034893
v -0.005628 -0.003919 0.035670
v -0.005610 -0.008282 0.035430
v -0.011110 -0.008282 -0.034167
v -0.011166 -0.003919 -0.034315
v -0.008388 -0.008282 -0.034927
v -0.008443 -0.003919 -0.035075
v -0.005628 -0.008282 -0.035464
v -0.005665 -0.003919 -0.035630
v -0.002832 -0.008282 -0.035816
v -0.002850 -0.003919 -0.035963
v 0.016318 -0.008282 0.031967
v 0.016391 -0.003919 0.032170
v 0.013762 -0.008282 0.033152
v 0.013836 -0.003919 0.033374
v -0.005628 -0.003919 0.035670
v -0.005610 -0.008282 0.035430
v -0.002813 -0.003919 0.036004
v -0.002795 -0.008282 0.035782
v 0.035912 -0.008282 -0.000054
v 0.036096 -0.003919 0.000002
v 0.035800 -0.008282 0.002761
v 0.035985 -0.003919 0.002835
v 0.035800 -0.008282 0.002761
v 0.035985 -0.003919 0.002835
v 0.035467 -0.008282 0.005558
v 0.035652 -0.003919 0.005650
v -0.018870 -0.003919 -0.030741
v -0.018759 -0.008282 -0.030630
v -0.021222 -0.003919 -0.029185
v -0.021092 -0.008282 -0.029056
v 0.025522 -0.003919 -0.025518
v 0.025374 -0.008282 -0.025426
v 0.023429 -0.003919 -0.027444
v 0.023300 -0.008282 -0.027334
v -0.027463 -0.003919 -0.023407
v -0.027297 -0.008282 -0.023333
v -0.029222 -0.003919 -0.021185
v -0.029037 -0.008282 -0.021111
v -0.034908 -0.008282 0.008354
v -0.035093 -0.003919 0.008465
v -0.035464 -0.008282 0.005594
v -0.035648 -0.003919 0.005687
v 0.033355 -0.003919 0.013817
v 0.033189 -0.008282 0.013688
v 0.034337 -0.003919 0.011169
v 0.034152 -0.008282 0.011039
v 0.018781 -0.008282 0.030578
v 0.018873 -0.003919 0.030781
v 0.016318 -0.008282 0.031967
v 0.016391 -0.003919 0.032170
v 0.034337 -0.003919 -0.011147
v 0.034134 -0.008282 -0.011147
v 0.033355 -0.003919 -0.013814
v 0.033171 -0.008282 -0.013796
v 0.032152 -0.003919 -0.016370
v 0.031985 -0.008282 -0.016351
v 0.030763 -0.003919 -0.018851
v 0.030596 -0.008282 -0.018815
v -0.035648 -0.003919 -0.005610
v -0.035446 -0.008282 -0.005647
v -0.035982 -0.003919 -0.002795
v -0.035797 -0.008282 -0.002851
v -0.030778 -0.003919 -0.018833
v -0.030611 -0.008282 -0.018777
v -0.032167 -0.003919 -0.016351
v -0.031982 -0.008282 -0.016314
v -0.035111 -0.003919 -0.008388
v -0.034908 -0.008282 -0.008406
v -0.035648 -0.003919 -0.005610
v -0.035446 -0.008282 -0.005647
v -0.033753 -0.009863 0.011000
v -0.034016 -0.009148 0.011026
v -0.034496 -0.009863 0.008311
v -0.034757 -0.009148 0.008321
v -0.032148 -0.003919 0.016428
v -0.032148 0.004583 0.016428
v -0.033352 -0.003919 0.013854
v -0.033352 0.004583 0.013854
v 0.002817 -0.003919 -0.035963
v 0.002798 -0.008282 -0.035816
v -0.000017 -0.003919 -0.036075
v -0.000017 -0.008282 -0.035927
v 0.005613 -0.008282 -0.035482
v 0.005632 -0.003919 -0.035630
v 0.016373 -0.003919 -0.032148
v 0.016281 -0.008282 -0.032019
v 0.013799 -0.003919 -0.033334
v 0.013725 -0.008282 -0.033204
v 0.011150 -0.003919 -0.034315
v 0.011077 -0.008282 -0.034167
v 0.011150 -0.003919 -0.034315
v 0.011077 -0.008282 -0.034167
v 0.008410 -0.003919 -0.035093
v 0.008354 -0.008282 -0.034927
v 0.005632 -0.003919 -0.035630
v 0.005613 -0.008282 -0.035482
v -0.035312 -0.009148 -0.005631
v -0.035052 -0.009863 -0.005526
v -0.035645 -0.009148 -0.002833
v -0.035385 -0.009863 -0.002743
v -0.033996 -0.009148 -0.011078
v -0.033753 -0.009863 -0.010941
v -0.034757 -0.009148 -0.008373
v -0.034514 -0.009863 -0.008252
v -0.034496 -0.009863 0.008311
v -0.034757 -0.009148 0.008321
v -0.035034 -0.009863 0.005584
v -0.035312 -0.009148 0.005578
v -0.034757 -0.009148 -0.008373
v -0.034514 -0.009863 -0.008252
v -0.035312 -0.009148 -0.005631
v -0.035052 -0.009863 -0.005526
v -0.032167 -0.003919 -0.016351
v -0.031982 -0.008282 -0.016314
v -0.033352 -0.003919 -0.013777
v -0.033167 -0.008282 -0.013759
v -0.034334 -0.003919 -0.011129
v -0.034149 -0.008282 -0.011129
v 0.023466 -0.003919 0.027466
v 0.023466 0.004583 0.027466
v 0.021225 -0.003919 0.029225
v 0.021225 0.004583 0.029225
v 0.025540 -0.003919 0.025540
v 0.025540 0.004583 0.025540
v 0.023466 -0.003919 0.027466
v 0.023466 0.004583 0.027466
v -0.016407 -0.003919 -0.032130
v -0.016296 -0.008282 -0.032001
v -0.018870 -0.003919 -0.030741
v -0.018759 -0.008282 -0.030630
v -0.035034 -0.009863 0.005584
v -0.035312 -0.009148 0.005578
v -0.035385 -0.009863 0.002820
v -0.035645 -0.009148 0.002781
v 0.030781 -0.003919 0.018873
v 0.030781 0.004583 0.018873
v 0.029226 -0.003919 0.021225
v 0.029226 0.004583 0.021225
v 0.021225 -0.003919 0.029225
v 0.021225 0.004583 0.029225
v 0.018873 -0.003919 0.030781
v 0.018873 0.004583 0.030781
v 0.016391 -0.003919 0.032170
v 0.016391 0.004583 0.032170
v 0.027466 -0.003919 0.023447
v 0.027466 0.004583 0.023447
v 0.025540 -0.003919 0.025540
v 0.025540 0.004583 0.025540
v 0.029226 0.004583 0.021225
v 0.029226 -0.003919 0.021225
v 0.013799 -0.003919 -0.033334
v 0.013799 0.004583 -0.033334
v 0.016373 -0.003919 -0.032148
v 0.016373 0.004583 -0.032148
v -0.002850 -0.003919 -0.035963
v -0.002850 0.004583 -0.035963
v -0.000017 -0.003919 -0.036075
v -0.000017 0.004583 -0.036075
v 0.011150 -0.003919 -0.034315
v 0.011150 0.004583 -0.034315
v 0.013799 -0.003919 -0.033334
v 0.013799 0.004583 -0.033334
v 0.032170 -0.003919 0.016391
v 0.032170 0.004583 0.016391
v 0.030781 -0.003919 0.018873
v 0.030781 0.004583 0.018873
v -0.005665 -0.003919 -0.035630
v -0.005665 0.004583 -0.035630
v -0.002850 -0.003919 -0.035963
v -0.002850 0.004583 -0.035963
v -0.008443 0.004583 -0.035075
v -0.008443 -0.003919 -0.035075
v 0.030251 -0.009863 -0.018545
v 0.030461 -0.009148 -0.018730
v 0.031624 -0.009863 -0.016097
v 0.031850 -0.009148 -0.016284
v 0.032792 -0.009863 -0.013575
v 0.033036 -0.009148 -0.013727
v 0.033757 -0.009863 -0.010960
v 0.034000 -0.009148 -0.011096
v 0.034759 -0.009148 -0.008391
v 0.034499 -0.009863 -0.008270
v 0.034000 -0.009148 -0.011096
v 0.033757 -0.009863 -0.010960
v 0.035037 -0.009863 -0.005544
v 0.035315 -0.009148 -0.005649
v 0.035388 -0.009863 -0.002780
v 0.035649 -0.009148 -0.002852
v -0.033033 -0.009148 -0.013709
v -0.032789 -0.009863 -0.013556
v -0.033996 -0.009148 -0.011078
v -0.033753 -0.009863 -0.010941
v 0.028712 -0.009863 -0.020845
v 0.028904 -0.009148 -0.021064
v 0.030251 -0.009863 -0.018545
v 0.030461 -0.009148 -0.018730
v -0.016407 -0.003919 -0.032130
v -0.016407 0.004583 -0.032130
v -0.013832 -0.003919 -0.033334
v -0.013832 0.004583 -0.033334
v -0.011166 -0.003919 -0.034315
v -0.011166 0.004583 -0.034315
v -0.008443 -0.003919 -0.035075
v -0.008443 0.004583 -0.035075
v -0.018870 -0.003919 -0.030741
v -0.018870 0.004583 -0.030741
v -0.016407 -0.003919 -0.032130
v -0.016407 0.004583 -0.032130
v -0.021222 0.004583 -0.029185
v -0.021222 -0.003919 -0.029185
v -0.023462 0.004583 -0.027426
v -0.023462 -0.003919 -0.027426
v -0.027444 -0.003919 0.023484
v -0.027444 0.004583 0.023484
v -0.029204 -0.003919 0.021243
v -0.029204 0.004583 0.021243
v -0.030759 -0.003919 0.018892
v -0.030759 0.004583 0.018892
v -0.032148 -0.003919 0.016428
v -0.032148 0.004583 0.016428
v 0.031624 -0.009863 -0.016097
v 0.031850 -0.009148 -0.016284
v 0.032792 -0.009863 -0.013575
v 0.033036 -0.009148 -0.013727
v -0.030476 -0.009148 -0.018711
v -0.030267 -0.009863 -0.018508
v -0.031865 -0.009148 -0.016247
v -0.031621 -0.009863 -0.016079
v -0.021008 -0.009148 -0.028938
v -0.020863 -0.009863 -0.028690
v -0.023213 -0.009148 -0.027197
v -0.023053 -0.009863 -0.026948
v -0.031865 -0.009148 -0.016247
v -0.031621 -0.009863 -0.016079
v -0.033033 -0.009148 -0.013709
v -0.032789 -0.009863 -0.013556
v 0.034499 -0.009863 -0.008270
v 0.034759 -0.009148 -0.008391
v 0.035037 -0.009863 -0.005544
v 0.035315 -0.009148 -0.005649
v -0.028920 -0.009148 -0.021027
v -0.028709 -0.009863 -0.020827
v -0.030476 -0.009148 -0.018711
v -0.030267 -0.009863 -0.018508
v -0.020863 -0.009863 -0.028690
v -0.021008 -0.009148 -0.028938
v -0.018563 -0.009863 -0.030229
v -0.018692 -0.009148 -0.030494
v 0.005632 0.004583 -0.035630
v 0.005632 -0.003919 -0.035630
v 0.002817 0.004583 -0.035963
v 0.002817 -0.003919 -0.035963
v -0.000017 0.004583 -0.036074
v -0.000017 -0.003919 -0.036075
v 0.008410 -0.003919 -0.035093
v 0.008410 0.004583 -0.035093
v 0.011150 -0.003919 -0.034315
v 0.011150 0.004583 -0.034315
v 0.002781 -0.009148 -0.035663
v 0.002765 -0.009863 -0.035367
v -0.000017 -0.009148 -0.035774
v -0.000017 -0.009863 -0.035479
v -0.025288 -0.009148 -0.025307
v -0.025111 -0.009863 -0.025074
v -0.027178 -0.009148 -0.023250
v -0.026985 -0.009863 -0.023016
v -0.013593 -0.009863 -0.032770
v -0.013690 -0.009148 -0.033051
v -0.010978 -0.009863 -0.033735
v -0.011059 -0.009148 -0.034014
v -0.028709 -0.009863 -0.020827
v -0.028920 -0.009148 -0.021027
v -0.026985 -0.009863 -0.023016
v -0.027178 -0.009148 -0.023250
v 0.026970 -0.009863 -0.023035
v 0.027163 -0.009148 -0.023269
v 0.028712 -0.009863 -0.020845
v 0.028904 -0.009148 -0.021064
v -0.002799 -0.009863 -0.035367
v -0.002814 -0.009148 -0.035663
v -0.000017 -0.009863 -0.035479
v -0.000017 -0.009148 -0.035774
v 0.025096 -0.009863 -0.025092
v 0.025273 -0.009148 -0.025325
v 0.026970 -0.009863 -0.023035
v 0.027163 -0.009148 -0.023269
v -0.023213 -0.009148 -0.027197
v -0.023053 -0.009863 -0.026948
v -0.025288 -0.009148 -0.025307
v -0.025111 -0.009863 -0.025074
v 0.023037 -0.009863 -0.026966
v 0.023197 -0.009148 -0.027233
v 0.025096 -0.009863 -0.025092
v 0.025273 -0.009148 -0.025325
v 0.008320 -0.009148 -0.034792
v 0.008274 -0.009863 -0.034496
v 0.005578 -0.009148 -0.035330
v 0.005547 -0.009863 -0.035034
v 0.005578 -0.009148 -0.035330
v 0.005547 -0.009863 -0.035034
v 0.002781 -0.009148 -0.035663
v 0.002765 -0.009863 -0.035367
v 0.011025 -0.009148 -0.034032
v 0.010963 -0.009863 -0.033735
v 0.008320 -0.009148 -0.034792
v 0.008274 -0.009863 -0.034496
v -0.018563 -0.009863 -0.030229
v -0.018692 -0.009148 -0.030494
v -0.016116 -0.009863 -0.031602
v -0.016228 -0.009148 -0.031884
v -0.010978 -0.009863 -0.033735
v -0.011059 -0.009148 -0.034014
v -0.008289 -0.009863 -0.034478
v -0.008354 -0.009148 -0.034774
v 0.016100 -0.009863 -0.031603
v 0.016213 -0.009148 -0.031884
v 0.018530 -0.009863 -0.030248
v 0.018659 -0.009148 -0.030513
v 0.018530 -0.009863 -0.030248
v 0.018659 -0.009148 -0.030513
v 0.020849 -0.009863 -0.028691
v 0.020993 -0.009148 -0.028956
v -0.016116 -0.009863 -0.031602
v -0.016228 -0.009148 -0.031884
v -0.013593 -0.009863 -0.032770
v -0.013690 -0.009148 -0.033051
v -0.008406 0.004583 0.035133
v -0.008406 -0.003919 0.035133
v -0.005628 0.004583 0.035670
v -0.005628 -0.003919 0.035670
v -0.002813 0.004583 0.036004
v -0.002813 -0.003919 0.036004
v -0.011147 -0.003919 0.034355
v -0.011147 0.004583 0.034355
v -0.013795 -0.003919 0.033374
v -0.013795 0.004583 0.033374
v -0.016370 -0.003919 0.032188
v -0.016370 0.004583 0.032188
v -0.032167 0.004583 -0.016351
v -0.032167 -0.003919 -0.016351
v -0.033352 0.004583 -0.013777
v -0.033352 -0.003919 -0.013777
v -0.034334 0.004583 -0.011129
v -0.034334 -0.003919 -0.011129
v -0.035111 0.004583 -0.008388
v -0.035111 -0.003919 -0.008388
v -0.035648 0.004583 -0.005610
v -0.035648 -0.003919 -0.005610
v -0.035982 0.004583 -0.002795
v -0.035982 -0.003919 -0.002795
v -0.025537 0.004583 -0.025500
v -0.025537 -0.003919 -0.025500
v -0.027463 0.004583 -0.023407
v -0.023462 -0.003919 -0.027426
v -0.023462 0.004583 -0.027426
v -0.027463 -0.003919 -0.023407
v -0.029222 0.004583 -0.021185
v -0.029222 -0.003919 -0.021185
v -0.030778 0.004583 -0.018833
v -0.030778 -0.003919 -0.018833
v -0.032167 0.004583 -0.016351
v -0.032167 -0.003919 -0.016351
v -0.025518 -0.003919 0.025559
v -0.025518 0.004583 0.025559
v -0.027444 -0.003919 0.023484
v -0.027444 0.004583 0.023484
v -0.023426 0.004583 0.027484
v -0.023426 -0.003919 0.027484
v -0.021203 0.004583 0.029244
v -0.021203 -0.003919 0.029244
v -0.018851 0.004583 0.030800
v -0.018851 -0.003919 0.030800
v -0.016370 0.004583 0.032188
v -0.016370 -0.003919 0.032188
v 0.013656 -0.009148 -0.033069
v 0.013578 -0.009863 -0.032771
v 0.011025 -0.009148 -0.034032
v 0.010963 -0.009863 -0.033735
v 0.020849 -0.009863 -0.028691
v 0.020993 -0.009148 -0.028956
v 0.023037 -0.009863 -0.026966
v 0.023197 -0.009148 -0.027233
v 0.013578 -0.009863 -0.032771
v 0.013656 -0.009148 -0.033069
v 0.016100 -0.009863 -0.031603
v 0.016213 -0.009148 -0.031884
v -0.005562 -0.009863 -0.035016
v -0.005612 -0.009148 -0.035329
v -0.002799 -0.009863 -0.035367
v -0.002814 -0.009148 -0.035663
v -0.008289 -0.009863 -0.034478
v -0.008354 -0.009148 -0.034774
v -0.005562 -0.009863 -0.035016
v -0.005612 -0.009148 -0.035329
v -0.035982 -0.003919 0.002872
v -0.035982 0.004583 0.002872
v -0.036093 -0.003919 0.000039
v -0.036093 0.004583 0.000039
v -0.035982 -0.003919 -0.002795
v -0.035982 0.004583 -0.002795
v -0.035648 0.004583 0.005687
v -0.035648 -0.003919 0.005687
v -0.035093 0.004583 0.008465
v -0.035093 -0.003919 0.008465
v -0.034334 0.004583 0.011188
v -0.034334 -0.003919 0.011188
v -0.033352 0.004583 0.013854
v -0.033352 -0.003919 0.013854
v 0.013836 -0.003919 0.033374
v 0.013836 0.004583 0.033374
v 0.011169 -0.003919 0.034355
v 0.016391 0.004583 0.032170
v 0.016391 -0.003919 0.032170
v 0.011169 0.004583 0.034355
v 0.008447 -0.003919 0.035115
v 0.008447 0.004583 0.035115
v 0.005669 -0.003919 0.035670
v 0.005669 0.004583 0.035670
v 0.002854 -0.003919 0.036004
v 0.002854 0.004583 0.036004
v 0.000020 -0.003919 0.036115
v 0.000020 0.004583 0.036115
v -0.002813 -0.003919 0.036004
v -0.002813 0.004583 0.036004
v 0.016373 -0.003919 -0.032148
v 0.016373 0.004583 -0.032148
v 0.018855 -0.003919 -0.030759
v 0.018855 0.004583 -0.030759
v 0.021207 -0.003919 -0.029204
v 0.021207 0.004583 -0.029204
v 0.023429 -0.003919 -0.027444
v 0.023429 0.004583 -0.027444
v 0.025522 -0.003919 -0.025518
v 0.025522 0.004583 -0.025518
v 0.027448 -0.003919 -0.023444
v 0.027448 0.004583 -0.023444
v 0.029207 -0.003919 -0.021203
v 0.029207 0.004583 -0.021203
v 0.030763 -0.003919 -0.018851
v 0.030763 0.004583 -0.018851
v 0.032152 -0.003919 -0.016370
v 0.032152 0.004583 -0.016370
v 0.033355 -0.003919 -0.013814
v 0.033355 0.004583 -0.013814
v 0.035985 -0.003919 -0.002832
v 0.035985 0.004583 -0.002832
v 0.036096 -0.003919 0.000002
v 0.036096 0.004583 0.000002
v 0.035652 0.004583 -0.005647
v 0.035985 -0.003919 0.002835
v 0.035652 -0.003919 -0.005647
v 0.035985 0.004583 0.002835
v 0.035096 0.004583 -0.008425
v 0.035652 -0.003919 0.005650
v 0.035096 -0.003919 -0.008425
v 0.035652 0.004583 0.005650
v 0.034337 0.004583 -0.011147
v 0.035115 -0.003919 0.008428
v 0.034337 -0.003919 -0.011147
v 0.033355 0.004583 -0.013814
v 0.033355 -0.003919 -0.013814
v 0.035115 0.004583 0.008428
v 0.034337 -0.003919 0.011169
v 0.034337 0.004583 0.011169
v 0.033355 -0.003919 0.013817
v 0.033355 0.004583 0.013817
v 0.032170 -0.003919 0.016391
v 0.032170 0.004583 0.016391
v -0.008193 -0.010454 -0.034077
v -0.008289 -0.009863 -0.034478
v -0.005498 -0.010454 -0.034615
v -0.005562 -0.009863 -0.035016
v 0.034099 -0.010455 -0.008174
v 0.034499 -0.009863 -0.008270
v 0.034637 -0.010455 -0.005480
v 0.035037 -0.009863 -0.005544
v -0.034095 -0.010455 0.008214
v -0.034496 -0.009863 0.008311
v -0.034634 -0.010455 0.005520
v -0.035034 -0.009863 0.005584
v 0.008196 -0.010455 0.034117
v 0.008292 -0.009863 0.034517
v 0.005502 -0.010455 0.034655
v 0.005566 -0.009863 0.035055
v -0.010850 -0.010454 -0.033334
v -0.010978 -0.009863 -0.033735
v -0.008193 -0.010454 -0.034077
v -0.008289 -0.009863 -0.034478
v 0.020591 -0.010454 -0.028355
v 0.020849 -0.009863 -0.028691
v 0.022764 -0.010454 -0.026663
v 0.023037 -0.009863 -0.026966
v 0.016100 -0.009863 -0.031603
v 0.015908 -0.010454 -0.031234
v 0.013578 -0.009863 -0.032771
v 0.013418 -0.010454 -0.032387
v -0.035385 -0.009863 -0.002743
v -0.034968 -0.010455 -0.002711
v -0.035497 -0.009863 0.000039
v -0.035080 -0.010455 0.000039
v -0.026663 -0.010455 0.022802
v -0.026966 -0.009863 0.023075
v -0.028354 -0.010455 0.020645
v -0.028708 -0.009863 0.020885
v -0.026985 -0.009863 -0.023016
v -0.026681 -0.010454 -0.022742
v -0.028709 -0.009863 -0.020827
v -0.028374 -0.010454 -0.020569
v -0.031621 -0.009863 -0.016079
v -0.031252 -0.010454 -0.015886
v -0.032789 -0.009863 -0.013556
v -0.032405 -0.010454 -0.013396
v 0.000020 -0.010455 0.035101
v 0.000020 -0.009863 0.035518
v -0.002730 -0.010455 0.034989
v -0.002762 -0.009863 0.035406
v 0.035083 -0.010455 0.000002
v 0.035500 -0.009863 0.000002
v 0.034971 -0.010455 0.002751
v 0.035388 -0.009863 0.002783
v 0.028377 -0.010455 0.020609
v 0.028713 -0.009863 0.020867
v 0.026684 -0.010455 0.022782
v 0.026988 -0.009863 0.023055
v -0.033352 -0.010455 0.010872
v -0.033753 -0.009863 0.011000
v -0.034095 -0.010455 0.008214
v -0.034496 -0.009863 0.008311
v 0.034499 -0.009863 -0.008270
v 0.034099 -0.010455 -0.008174
v 0.033757 -0.009863 -0.010960
v 0.033356 -0.010455 -0.010832
v -0.013414 -0.010455 0.032426
v -0.013575 -0.009863 0.032811
v -0.015904 -0.010455 0.031274
v -0.016097 -0.009863 0.031642
v 0.022783 -0.010455 0.026685
v 0.023056 -0.009863 0.026988
v 0.020627 -0.010455 0.028375
v 0.020867 -0.009863 0.028730
v 0.032408 -0.010455 0.013436
v 0.032793 -0.009863 0.013596
v 0.031256 -0.010455 0.015926
v 0.031624 -0.009863 0.016119
v 0.010853 -0.010455 0.033374
v 0.010981 -0.009863 0.033775
v 0.008196 -0.010455 0.034117
v 0.008292 -0.009863 0.034517
v -0.020587 -0.010455 0.028395
v -0.020845 -0.009863 0.028731
v -0.022760 -0.010455 0.026703
v -0.023034 -0.009863 0.027006
v 0.002765 -0.009863 -0.035367
v 0.002733 -0.010454 -0.034950
v -0.000017 -0.009863 -0.035479
v -0.000017 -0.010454 -0.035062
v 0.013436 -0.010455 0.032425
v 0.013596 -0.009863 0.032810
v 0.010853 -0.010455 0.033374
v 0.010981 -0.009863 0.033775
v 0.024809 -0.010455 0.024809
v 0.025114 -0.009863 0.025114
v 0.022783 -0.010455 0.026685
v 0.023056 -0.009863 0.026988
v -0.032403 -0.010455 0.013454
v -0.032788 -0.009863 0.013615
v -0.033352 -0.010455 0.010872
v -0.033753 -0.009863 0.011000
v -0.013432 -0.010454 -0.032386
v -0.013593 -0.009863 -0.032770
v -0.010850 -0.010454 -0.033334
v -0.010978 -0.009863 -0.033735
v -0.032789 -0.009863 -0.013556
v -0.032405 -0.010454 -0.013396
v -0.033753 -0.009863 -0.010941
v -0.033352 -0.010454 -0.010813
v -0.024787 -0.010455 0.024827
v -0.025092 -0.009863 0.025132
v -0.026663 -0.010455 0.022802
v -0.026966 -0.009863 0.023075
v 0.033757 -0.009863 -0.010960
v 0.033356 -0.010455 -0.010832
v 0.032792 -0.009863 -0.013575
v 0.032407 -0.010454 -0.013414
v -0.022780 -0.010454 -0.026645
v -0.023053 -0.009863 -0.026948
v -0.020624 -0.010454 -0.028336
v -0.020863 -0.009863 -0.028690
v 0.033355 -0.010455 0.010853
v 0.033757 -0.009863 0.010981
v 0.032408 -0.010455 0.013436
v 0.032793 -0.009863 0.013596
v 0.013578 -0.009863 -0.032771
v 0.013418 -0.010454 -0.032387
v 0.010963 -0.009863 -0.033735
v 0.010835 -0.010454 -0.033334
v -0.022760 -0.010455 0.026703
v -0.023034 -0.009863 0.027006
v -0.024787 -0.010455 0.024827
v -0.025092 -0.009863 0.025132
v -0.010831 -0.010455 0.033373
v -0.010959 -0.009863 0.033775
v -0.013414 -0.010455 0.032426
v -0.013575 -0.009863 0.032811
v 0.026667 -0.010454 -0.022762
v 0.026970 -0.009863 -0.023035
v 0.028358 -0.010454 -0.020606
v 0.028712 -0.009863 -0.020845
v 0.034971 -0.010455 0.002751
v 0.035388 -0.009863 0.002783
v 0.034639 -0.010455 0.005502
v 0.035056 -0.009863 0.005566
v 0.005502 -0.010455 0.034655
v 0.005566 -0.009863 0.035055
v 0.002770 -0.010455 0.034972
v 0.002802 -0.009863 0.035406
v 0.022764 -0.010454 -0.026663
v 0.023037 -0.009863 -0.026966
v 0.024791 -0.010454 -0.024787
v 0.025096 -0.009863 -0.025092
v 0.031256 -0.010455 0.015926
v 0.031624 -0.009863 0.016119
v 0.029900 -0.010455 0.018342
v 0.030270 -0.009863 0.018548
v -0.035052 -0.009863 -0.005526
v -0.034635 -0.010455 -0.005462
v -0.035385 -0.009863 -0.002743
v -0.034968 -0.010455 -0.002711
v -0.005498 -0.010454 -0.034615
v -0.005562 -0.009863 -0.035016
v -0.002767 -0.010454 -0.034933
v -0.002799 -0.009863 -0.035367
v 0.005547 -0.009863 -0.035034
v 0.005483 -0.010454 -0.034618
v 0.002765 -0.009863 -0.035367
v 0.002733 -0.010454 -0.034950
v -0.023053 -0.009863 -0.026948
v -0.022780 -0.010454 -0.026645
v -0.025111 -0.009863 -0.025074
v -0.024806 -0.010454 -0.024769
v 0.024791 -0.010454 -0.024787
v 0.025096 -0.009863 -0.025092
v 0.026667 -0.010454 -0.022762
v 0.026970 -0.009863 -0.023035
v 0.015908 -0.010454 -0.031234
v 0.016100 -0.009863 -0.031603
v 0.018323 -0.010454 -0.029878
v 0.018530 -0.009863 -0.030248
v -0.002730 -0.010455 0.034989
v -0.002762 -0.009863 0.035406
v -0.005480 -0.010455 0.034656
v -0.005544 -0.009863 0.035074
v -0.025111 -0.009863 -0.025074
v -0.024806 -0.010454 -0.024769
v -0.026985 -0.009863 -0.023016
v -0.026681 -0.010454 -0.022742
v -0.034634 -0.010455 0.005520
v -0.035034 -0.009863 0.005584
v -0.034951 -0.010454 0.002789
v -0.035385 -0.009863 0.002820
v -0.030267 -0.009863 -0.018508
v -0.029897 -0.010454 -0.018302
v -0.031621 -0.009863 -0.016079
v -0.031252 -0.010454 -0.015886
v -0.015904 -0.010455 0.031274
v -0.016097 -0.009863 0.031642
v -0.018320 -0.010455 0.029918
v -0.018526 -0.009863 0.030288
v 0.026684 -0.010455 0.022782
v 0.026988 -0.009863 0.023055
v 0.024809 -0.010455 0.024809
v 0.025114 -0.009863 0.025114
v 0.034637 -0.010455 -0.005480
v 0.035037 -0.009863 -0.005544
v 0.034954 -0.010454 -0.002749
v 0.035388 -0.009863 -0.002780
v -0.028709 -0.009863 -0.020827
v -0.028374 -0.010454 -0.020569
v -0.030267 -0.009863 -0.018508
v -0.029897 -0.010454 -0.018302
v -0.008174 -0.010455 0.034118
v -0.008270 -0.009863 0.034536
v -0.010831 -0.010455 0.033373
v -0.010959 -0.009863 0.033775
v 0.015927 -0.010455 0.031257
v 0.016119 -0.009863 0.031642
v 0.013436 -0.010455 0.032425
v 0.013596 -0.009863 0.032810
v 0.018323 -0.010454 -0.029878
v 0.018530 -0.009863 -0.030248
v 0.020591 -0.010454 -0.028355
v 0.020849 -0.009863 -0.028691
v 0.032792 -0.009863 -0.013575
v 0.032407 -0.010454 -0.013414
v 0.031624 -0.009863 -0.016097
v 0.031239 -0.010454 -0.015905
v -0.015924 -0.010454 -0.031217
v -0.016116 -0.009863 -0.031602
v -0.013432 -0.010454 -0.032386
v -0.013593 -0.009863 -0.032770
v 0.029900 -0.010455 0.018342
v 0.030270 -0.009863 0.018548
v 0.028377 -0.010455 0.020609
v 0.028713 -0.009863 0.020867
v -0.018320 -0.010455 0.029918
v -0.018526 -0.009863 0.030288
v -0.020587 -0.010455 0.028395
v -0.020845 -0.009863 0.028731
v -0.031235 -0.010455 0.015945
v -0.031621 -0.009863 0.016137
v -0.032403 -0.010455 0.013454
v -0.032788 -0.009863 0.013615
v 0.002770 -0.010455 0.034972
v 0.002802 -0.009863 0.035406
v 0.000020 -0.010455 0.035101
v 0.000020 -0.009863 0.035518
v -0.033753 -0.009863 -0.010941
v -0.033352 -0.010454 -0.010813
v -0.034514 -0.009863 -0.008252
v -0.034097 -0.010454 -0.008156
v 0.008274 -0.009863 -0.034496
v 0.008178 -0.010454 -0.034079
v 0.005547 -0.009863 -0.035034
v 0.005483 -0.010454 -0.034618
v -0.002767 -0.010454 -0.034933
v -0.002799 -0.009863 -0.035367
v -0.000017 -0.010454 -0.035062
v -0.000017 -0.009863 -0.035479
v -0.005480 -0.010455 0.034656
v -0.005544 -0.009863 0.035074
v -0.008174 -0.010455 0.034118
v -0.008270 -0.009863 0.034536
v 0.034639 -0.010455 0.005502
v 0.035056 -0.009863 0.005566
v 0.034100 -0.010455 0.008196
v 0.034518 -0.009863 0.008292
v -0.034514 -0.009863 -0.008252
v -0.034097 -0.010454 -0.008156
v -0.035052 -0.009863 -0.005526
v -0.034635 -0.010455 -0.005462
v 0.034100 -0.010455 0.008196
v 0.034518 -0.009863 0.008292
v 0.033355 -0.010455 0.010853
v 0.033757 -0.009863 0.010981
v -0.035497 -0.009863 0.000039
v -0.035080 -0.010455 0.000039
v -0.035385 -0.009863 0.002820
v -0.034951 -0.010454 0.002789
v 0.010963 -0.009863 -0.033735
v 0.010835 -0.010454 -0.033334
v 0.008274 -0.009863 -0.034496
v 0.008178 -0.010454 -0.034079
v 0.034954 -0.010454 -0.002749
v 0.035388 -0.009863 -0.002780
v 0.035083 -0.010455 0.000002
v 0.035500 -0.009863 0.000002
v 0.028358 -0.010454 -0.020606
v 0.028712 -0.009863 -0.020845
v 0.029882 -0.010454 -0.018320
v 0.030251 -0.009863 -0.018545
v 0.020627 -0.010455 0.028375
v 0.020867 -0.009863 0.028730
v 0.018342 -0.010455 0.029899
v 0.018566 -0.009863 0.030269
v 0.018342 -0.010455 0.029899
v 0.018566 -0.009863 0.030269
v 0.015927 -0.010455 0.031257
v 0.016119 -0.009863 0.031642
v -0.020624 -0.010454 -0.028336
v -0.020863 -0.009863 -0.028690
v -0.018339 -0.010454 -0.029860
v -0.018563 -0.009863 -0.030229
v -0.029878 -0.010455 0.018360
v -0.030247 -0.009863 0.018585
v -0.031235 -0.010455 0.015945
v -0.031621 -0.009863 0.016137
v -0.028354 -0.010455 0.020645
v -0.028708 -0.009863 0.020885
v -0.029878 -0.010455 0.018360
v -0.030247 -0.009863 0.018585
v 0.029882 -0.010454 -0.018320
v 0.030251 -0.009863 -0.018545
v 0.031239 -0.010454 -0.015905
v 0.031624 -0.009863 -0.016097
v -0.018339 -0.010454 -0.029860
v -0.018563 -0.009863 -0.030229
v -0.015924 -0.010454 -0.031217
v -0.016116 -0.009863 -0.031602
v -0.032892 0.010654 0.013667
v -0.031612 0.011967 0.013129
v -0.033857 0.010654 0.011034
v -0.032530 0.011967 0.010609
v -0.013645 0.010654 -0.032874
v -0.013107 0.011967 -0.031594
v -0.011013 0.010654 -0.033839
v -0.010587 0.011967 -0.032511
v 0.013649 0.010654 0.032914
v 0.013110 0.011967 0.031634
v 0.011016 0.010654 0.033879
v 0.010590 0.011967 0.032551
v -0.020914 0.010654 0.028835
v -0.020092 0.011967 0.027714
v -0.023120 0.010654 0.027110
v -0.022202 0.011967 0.026052
v 0.028817 0.010654 0.020936
v 0.027695 0.011967 0.020113
v 0.027092 0.010654 0.023142
v 0.026033 0.011967 0.022224
v 0.032896 0.010654 -0.013627
v 0.031615 0.011967 -0.013088
v 0.033861 0.010654 -0.010994
v 0.032533 0.011967 -0.010568
v -0.033857 0.010654 0.011034
v -0.032530 0.011967 0.010609
v -0.034617 0.010654 0.008346
v -0.033257 0.011967 0.008013
v 0.031727 0.010654 -0.016167
v 0.030479 0.011967 -0.015518
v 0.032896 0.010654 -0.013627
v 0.031615 0.011967 -0.013088
v -0.030370 0.010654 -0.018578
v -0.029167 0.011967 -0.017851
v -0.028813 0.010654 -0.020896
v -0.027692 0.011967 -0.020073
v 0.020918 0.010654 -0.028795
v 0.020095 0.011967 -0.027673
v 0.023124 0.010654 -0.027070
v 0.022205 0.011967 -0.026011
v 0.030374 0.010654 0.018618
v 0.029171 0.011967 0.017892
v 0.028817 0.010654 0.020936
v 0.027695 0.011967 0.020113
v 0.031745 0.010654 0.016170
v 0.030496 0.011967 0.015538
v 0.030374 0.010654 0.018618
v 0.029171 0.011967 0.017892
v -0.013608 0.010654 0.032932
v -0.013071 0.011967 0.031636
v -0.016148 0.010654 0.031764
v -0.015516 0.011967 0.030514
v 0.032914 0.010654 0.013630
v 0.031618 0.011967 0.013092
v 0.031745 0.010654 0.016170
v 0.030496 0.011967 0.015538
v 0.011016 0.010654 0.033879
v 0.010590 0.011967 0.032551
v 0.008327 0.010654 0.034638
v 0.007994 0.011967 0.033279
v 0.033861 0.010654 -0.010994
v 0.032533 0.011967 -0.010568
v 0.034620 0.010654 -0.008305
v 0.033261 0.011967 -0.007973
v -0.020933 0.010654 -0.028776
v -0.020110 0.011967 -0.027655
v -0.018615 0.010654 -0.030333
v -0.017888 0.011967 -0.029131
v -0.028795 0.010654 0.020954
v -0.027673 0.011967 0.020132
v -0.030352 0.010654 0.018636
v -0.029149 0.011967 0.017910
v 0.033878 0.010654 0.011016
v 0.032550 0.011967 0.010571
v 0.032914 0.010654 0.013630
v 0.031618 0.011967 0.013092
v -0.011013 0.010654 -0.033839
v -0.010587 0.011967 -0.032511
v -0.008324 0.010654 -0.034598
v -0.007991 0.011967 -0.033239
v -0.016186 0.010654 -0.031706
v -0.015536 0.011967 -0.030457
v -0.013645 0.010654 -0.032874
v -0.013107 0.011967 -0.031594
v 0.028798 0.010654 -0.020914
v 0.027677 0.011967 -0.020092
v 0.030355 0.010654 -0.018596
v 0.029153 0.011967 -0.017870
v -0.028813 0.010654 -0.020896
v -0.027692 0.011967 -0.020073
v -0.027088 0.010654 -0.023102
v -0.026030 0.011967 -0.022183
v 0.018599 0.010654 -0.030352
v 0.017873 0.011967 -0.029149
v 0.020918 0.010654 -0.028795
v 0.020095 0.011967 -0.027673
v -0.010994 0.010654 0.033896
v -0.010549 0.011967 0.032568
v -0.013608 0.010654 0.032932
v -0.013071 0.011967 0.031636
v -0.031724 0.010654 0.016207
v -0.030476 0.011967 0.015558
v -0.032892 0.010654 0.013667
v -0.031612 0.011967 0.013129
v -0.018596 0.010654 0.030392
v -0.017870 0.011967 0.029189
v -0.020914 0.010654 0.028835
v -0.020092 0.011967 0.027714
v 0.023143 0.010654 0.027092
v 0.022226 0.011966 0.026017
v 0.020936 0.010654 0.028817
v 0.020114 0.011967 0.027695
v -0.033874 0.010654 -0.010975
v -0.032545 0.011967 -0.010549
v -0.032911 0.010654 -0.013590
v -0.031614 0.011967 -0.013052
v -0.016148 0.010654 0.031764
v -0.015516 0.011967 0.030514
v -0.018596 0.010654 0.030392
v -0.017870 0.011967 0.029189
v 0.016189 0.010654 0.031746
v 0.015539 0.011967 0.030498
v 0.013649 0.010654 0.032914
v 0.013110 0.011967 0.031634
v -0.027070 0.010654 0.023161
v -0.025996 0.011966 0.022245
v -0.028795 0.010654 0.020954
v -0.027673 0.011967 0.020132
v 0.020936 0.010654 0.028817
v 0.020114 0.011967 0.027695
v 0.018618 0.010654 0.030373
v 0.017892 0.011967 0.029171
v 0.018618 0.010654 0.030373
v 0.017892 0.011967 0.029171
v 0.016189 0.010654 0.031746
v 0.015539 0.011967 0.030498
v -0.023120 0.010654 0.027110
v -0.022202 0.011967 0.026052
v -0.025179 0.010654 0.025219
v -0.024182 0.011967 0.024223
v -0.030352 0.010654 0.018636
v -0.029149 0.011967 0.017910
v -0.031724 0.010654 0.016207
v -0.030476 0.011967 0.015558
v -0.027088 0.010654 -0.023102
v -0.026030 0.011967 -0.022183
v -0.025197 0.010654 -0.025160
v -0.024201 0.011967 -0.024164
v 0.002802 0.010654 0.035528
v 0.002691 0.011967 0.034120
v 0.000020 0.010654 0.035640
v 0.000020 0.011967 0.034233
v 0.008327 0.010654 0.034638
v 0.007994 0.011967 0.033279
v 0.005583 0.010654 0.035194
v 0.005380 0.011967 0.033801
v -0.018615 0.010654 -0.030333
v -0.017888 0.011967 -0.029131
v -0.016186 0.010654 -0.031706
v -0.015536 0.011967 -0.030457
v 0.027074 0.010654 -0.023121
v 0.025999 0.011966 -0.022205
v 0.028798 0.010654 -0.020914
v 0.027677 0.011967 -0.020092
v 0.023124 0.010654 -0.027070
v 0.022205 0.011967 -0.026011
v 0.025182 0.010654 -0.025179
v 0.024186 0.011967 -0.024183
v 0.016152 0.010654 -0.031724
v 0.015519 0.011967 -0.030474
v 0.018599 0.010654 -0.030352
v 0.017873 0.011967 -0.029149
v 0.008290 0.010654 -0.034617
v 0.007976 0.011967 -0.033241
v 0.010997 0.010654 -0.033856
v 0.010552 0.011967 -0.032528
v 0.030355 0.010654 -0.018596
v 0.029153 0.011967 -0.017870
v 0.031727 0.010654 -0.016167
v 0.030479 0.011967 -0.015518
v -0.023139 0.010654 -0.027052
v -0.022223 0.011966 -0.025977
v -0.020933 0.010654 -0.028776
v -0.020110 0.011967 -0.027655
v 0.013612 0.010654 -0.032892
v 0.013074 0.011967 -0.031596
v 0.016152 0.010654 -0.031724
v 0.015519 0.011967 -0.030474
v 0.010997 0.010654 -0.033856
v 0.010552 0.011967 -0.032528
v 0.013612 0.010654 -0.032892
v 0.013074 0.011967 -0.031596
v -0.008287 0.010654 0.034657
v -0.007973 0.011967 0.033282
v -0.010994 0.010654 0.033896
v -0.010549 0.011967 0.032568
v 0.034639 0.010654 0.008309
v 0.033263 0.011967 0.007995
v 0.033878 0.010654 0.011016
v 0.032550 0.011967 0.010571
v -0.008324 0.010654 -0.034598
v -0.007991 0.011967 -0.033239
v -0.005579 0.010654 -0.035154
v -0.005376 0.011967 -0.033761
v 0.027092 0.010654 0.023142
v 0.026033 0.011967 0.022224
v 0.025200 0.010654 0.025200
v 0.024205 0.011967 0.024204
v -0.031742 0.010654 -0.016130
v -0.030492 0.011967 -0.015498
v -0.030370 0.010654 -0.018578
v -0.029167 0.011967 -0.017851
v -0.032911 0.010654 -0.013590
v -0.031614 0.011967 -0.013052
v -0.031742 0.010654 -0.016130
v -0.030492 0.011967 -0.015498
v 0.034620 0.010654 -0.008305
v 0.033261 0.011967 -0.007973
v 0.035176 0.010654 -0.005561
v 0.033783 0.011967 -0.005358
v -0.034617 0.010654 0.008346
v -0.033257 0.011967 0.008013
v -0.035172 0.010654 0.005601
v -0.033779 0.011967 0.005398
v -0.034636 0.010654 -0.008268
v -0.033260 0.011967 -0.007954
v -0.033874 0.010654 -0.010975
v -0.032545 0.011967 -0.010549
v 0.035509 0.010654 -0.002780
v 0.034102 0.011967 -0.002669
v 0.035621 0.010654 0.000002
v 0.034214 0.011967 0.000001
v 0.035176 0.010654 -0.005561
v 0.033783 0.011967 -0.005358
v 0.035509 0.010654 -0.002780
v 0.034102 0.011967 -0.002669
v -0.005579 0.010654 -0.035154
v -0.005376 0.011967 -0.033761
v -0.002798 0.010654 -0.035488
v -0.002687 0.011967 -0.034080
v 0.035509 0.010654 0.002801
v 0.034101 0.011967 0.002691
v 0.035177 0.010654 0.005583
v 0.033786 0.011967 0.005362
v 0.000020 0.010654 0.035640
v 0.000020 0.011967 0.034233
v -0.002780 0.010654 0.035528
v -0.002669 0.011967 0.034120
v 0.005583 0.010654 0.035194
v 0.005380 0.011967 0.033801
v 0.002802 0.010654 0.035528
v 0.002691 0.011967 0.034120
v 0.025182 0.010654 -0.025179
v 0.024186 0.011967 -0.024183
v 0.027074 0.010654 -0.023121
v 0.025999 0.011966 -0.022205
v -0.035173 0.010654 -0.005543
v -0.033783 0.011967 -0.005321
v -0.034636 0.010654 -0.008268
v -0.033260 0.011967 -0.007954
v 0.002672 0.011967 -0.034080
v 0.002783 0.010654 -0.035488
v -0.000017 0.011967 -0.034193
v -0.000017 0.010654 -0.035600
v -0.002798 0.010654 -0.035488
v -0.002687 0.011967 -0.034080
v -0.000017 0.010654 -0.035600
v -0.000017 0.011967 -0.034193
v -0.025179 0.010654 0.025219
v -0.024182 0.011967 0.024223
v -0.027070 0.010654 0.023161
v -0.025996 0.011966 0.022245
v 0.007976 0.011967 -0.033241
v 0.008290 0.010654 -0.034617
v 0.005343 0.011967 -0.033764
v 0.005564 0.010654 -0.035155
v -0.002780 0.010654 0.035528
v -0.002669 0.011967 0.034120
v -0.005561 0.010654 0.035195
v -0.005340 0.011967 0.033805
v -0.035618 0.010654 0.000039
v -0.034211 0.011967 0.000039
v -0.035506 0.010654 -0.002761
v -0.034098 0.011967 -0.002650
v 0.035621 0.010654 0.000002
v 0.034214 0.011967 0.000001
v 0.035509 0.010654 0.002801
v 0.034101 0.011967 0.002691
v -0.035506 0.010654 -0.002761
v -0.034098 0.011967 -0.002650
v -0.035173 0.010654 -0.005543
v -0.033783 0.011967 -0.005321
v -0.005561 0.010654 0.035195
v -0.005340 0.011967 0.033805
v -0.008287 0.010654 0.034657
v -0.007973 0.011967 0.033282
v 0.035177 0.010654 0.005583
v 0.033786 0.011967 0.005362
v 0.034639 0.010654 0.008309
v 0.033263 0.011967 0.007995
v 0.025200 0.010654 0.025200
v 0.024205 0.011967 0.024204
v 0.023143 0.010654 0.027092
v 0.022226 0.011966 0.026017
v -0.035506 0.010654 0.002820
v -0.034098 0.011967 0.002709
v -0.035618 0.010654 0.000039
v -0.034211 0.011967 0.000039
v -0.035172 0.010654 0.005601
v -0.033779 0.011967 0.005398
v -0.035506 0.010654 0.002820
v -0.034098 0.011967 0.002709
v -0.025197 0.010654 -0.025160
v -0.024201 0.011967 -0.024164
v -0.023139 0.010654 -0.027052
v -0.022223 0.011966 -0.025977
v 0.005343 0.011967 -0.033764
v 0.005564 0.010654 -0.035155
v 0.002672 0.011967 -0.034080
v 0.002783 0.010654 -0.035488
v 0.029171 -0.011176 0.017891
v 0.029900 -0.010455 0.018342
v 0.027695 -0.011176 0.020113
v 0.028377 -0.010455 0.020609
v -0.017869 -0.011176 0.029189
v -0.018320 -0.010455 0.029918
v -0.020091 -0.011176 0.027713
v -0.020587 -0.010455 0.028395
v 0.022764 -0.010454 -0.026663
v 0.022205 -0.011175 -0.026012
v 0.020591 -0.010454 -0.028355
v 0.020095 -0.011175 -0.027674
v -0.026681 -0.010454 -0.022742
v -0.026030 -0.011175 -0.022183
v -0.028374 -0.010454 -0.020569
v -0.027692 -0.011175 -0.020073
v -0.028374 -0.010454 -0.020569
v -0.027692 -0.011175 -0.020073
v -0.029897 -0.010454 -0.018302
v -0.029168 -0.011175 -0.017852
v 0.027695 -0.011176 0.020113
v 0.028377 -0.010455 0.020609
v 0.026033 -0.011176 0.022223
v 0.026684 -0.010455 0.022782
v 0.020591 -0.010454 -0.028355
v 0.020095 -0.011175 -0.027674
v 0.018323 -0.010454 -0.029878
v 0.017873 -0.011175 -0.029150
v -0.020091 -0.011176 0.027713
v -0.020587 -0.010455 0.028395
v -0.022201 -0.011176 0.026051
v -0.022760 -0.010455 0.026703
v -0.013432 -0.010454 -0.032386
v -0.013107 -0.011175 -0.031594
v -0.015924 -0.010454 -0.031217
v -0.015536 -0.011175 -0.030458
v 0.018323 -0.010454 -0.029878
v 0.017873 -0.011175 -0.029150
v 0.015908 -0.010454 -0.031234
v 0.015520 -0.011175 -0.030475
v -0.018339 -0.010454 -0.029860
v -0.017889 -0.011175 -0.029132
v -0.020624 -0.010454 -0.028336
v -0.020110 -0.011175 -0.027655
v 0.030495 -0.011176 0.015538
v 0.031256 -0.010455 0.015926
v 0.029171 -0.011176 0.017891
v 0.029900 -0.010455 0.018342
v 0.032407 -0.010454 -0.013414
v 0.031616 -0.011175 -0.013089
v 0.031239 -0.010454 -0.015905
v 0.030480 -0.011175 -0.015518
v 0.031239 -0.010454 -0.015905
v 0.030480 -0.011175 -0.015518
v 0.029882 -0.010454 -0.018320
v 0.029153 -0.011175 -0.017870
v 0.029882 -0.010454 -0.018320
v 0.029153 -0.011175 -0.017870
v 0.028358 -0.010454 -0.020606
v 0.027677 -0.011175 -0.020092
v -0.029897 -0.010454 -0.018302
v -0.029168 -0.011175 -0.017852
v -0.031252 -0.010454 -0.015886
v -0.030492 -0.011175 -0.015498
v -0.015516 -0.011176 0.030513
v -0.015904 -0.010455 0.031274
v -0.017869 -0.011176 0.029189
v -0.018320 -0.010455 0.029918
v -0.027673 -0.011176 0.020132
v -0.028354 -0.010455 0.020645
v -0.029149 -0.011175 0.017910
v -0.029878 -0.010455 0.018360
v -0.029149 -0.011175 0.017910
v -0.029878 -0.010455 0.018360
v -0.030476 -0.011175 0.015558
v -0.031235 -0.010455 0.015945
v -0.030476 -0.011175 0.015558
v -0.031235 -0.010455 0.015945
v -0.031612 -0.011176 0.013128
v -0.032403 -0.010455 0.013454
v -0.015924 -0.010454 -0.031217
v -0.015536 -0.011175 -0.030458
v -0.018339 -0.010454 -0.029860
v -0.017889 -0.011175 -0.029132
v 0.017891 -0.011176 0.029170
v 0.018342 -0.010455 0.029899
v 0.015539 -0.011176 0.030497
v 0.015927 -0.010455 0.031257
v 0.015539 -0.011176 0.030497
v 0.015927 -0.010455 0.031257
v 0.013110 -0.011176 0.031633
v 0.013436 -0.010455 0.032425
v 0.020113 -0.011176 0.027694
v 0.020627 -0.010455 0.028375
v 0.017891 -0.011176 0.029170
v 0.018342 -0.010455 0.029899
v -0.010549 -0.011176 0.032567
v -0.010831 -0.010455 0.033373
v -0.013070 -0.011176 0.031635
v -0.013414 -0.010455 0.032426
v 0.013110 -0.011176 0.031633
v 0.013436 -0.010455 0.032425
v 0.010590 -0.011176 0.032551
v 0.010853 -0.010455 0.033374
v -0.024806 -0.010454 -0.024769
v -0.024201 -0.011175 -0.024164
v -0.026681 -0.010454 -0.022742
v -0.026030 -0.011175 -0.022183
v -0.031252 -0.010454 -0.015886
v -0.030492 -0.011175 -0.015498
v -0.032405 -0.010454 -0.013396
v -0.031615 -0.011175 -0.013052
v -0.032405 -0.010454 -0.013396
v -0.031615 -0.011175 -0.013052
v -0.033352 -0.010454 -0.010813
v -0.032546 -0.011175 -0.010531
v 0.033263 -0.011176 0.007994
v 0.034100 -0.010455 0.008196
v 0.032549 -0.011176 0.010570
v 0.033355 -0.010455 0.010853
v 0.024791 -0.010454 -0.024787
v 0.024186 -0.011175 -0.024183
v 0.022764 -0.010454 -0.026663
v 0.022205 -0.011175 -0.026012
v 0.013418 -0.010454 -0.032387
v 0.013074 -0.011175 -0.031597
v 0.010835 -0.010454 -0.033334
v 0.010552 -0.011175 -0.032528
v -0.022201 -0.011176 0.026051
v -0.022760 -0.010455 0.026703
v -0.024182 -0.011176 0.024222
v -0.024787 -0.010455 0.024827
v -0.007973 -0.011176 0.033281
v -0.008174 -0.010455 0.034118
v -0.010549 -0.011176 0.032567
v -0.010831 -0.010455 0.033373
v -0.013070 -0.011176 0.031635
v -0.013414 -0.010455 0.032426
v -0.015516 -0.011176 0.030513
v -0.015904 -0.010455 0.031274
v 0.015908 -0.010454 -0.031234
v 0.015520 -0.011175 -0.030475
v 0.013418 -0.010454 -0.032387
v 0.013074 -0.011175 -0.031597
v 0.010835 -0.010454 -0.033334
v 0.010552 -0.011175 -0.032528
v 0.008178 -0.010454 -0.034079
v 0.007976 -0.011175 -0.033242
v 0.032549 -0.011176 0.010570
v 0.033355 -0.010455 0.010853
v 0.031618 -0.011176 0.013092
v 0.032408 -0.010455 0.013436
v 0.031618 -0.011176 0.013092
v 0.032408 -0.010455 0.013436
v 0.030495 -0.011176 0.015538
v 0.031256 -0.010455 0.015926
v 0.026033 -0.011176 0.022223
v 0.026684 -0.010455 0.022782
v 0.024204 -0.011176 0.024204
v 0.024809 -0.010455 0.024809
v -0.031612 -0.011176 0.013128
v -0.032403 -0.010455 0.013454
v -0.032530 -0.011175 0.010609
v -0.033352 -0.010455 0.010872
v -0.033352 -0.010454 -0.010813
v -0.032546 -0.011175 -0.010531
v -0.034097 -0.010454 -0.008156
v -0.033260 -0.011175 -0.007955
v -0.005377 -0.011175 -0.033762
v -0.005498 -0.010454 -0.034615
v -0.002688 -0.011175 -0.034081
v -0.002767 -0.010454 -0.034933
v 0.034637 -0.010455 -0.005480
v 0.033783 -0.011175 -0.005358
v 0.034099 -0.010455 -0.008174
v 0.033261 -0.011175 -0.007972
v 0.028358 -0.010454 -0.020606
v 0.027677 -0.011175 -0.020092
v 0.026667 -0.010454 -0.022762
v 0.025999 -0.011175 -0.022205
v -0.033780 -0.011175 0.005398
v -0.034634 -0.010455 0.005520
v -0.034098 -0.011175 0.002709
v -0.034951 -0.010454 0.002789
v -0.007991 -0.011175 -0.033240
v -0.008193 -0.010454 -0.034077
v -0.005377 -0.011175 -0.033762
v -0.005498 -0.010454 -0.034615
v -0.025995 -0.011176 0.022244
v -0.026663 -0.010455 0.022802
v -0.027673 -0.011176 0.020132
v -0.028354 -0.010455 0.020645
v -0.024182 -0.011176 0.024222
v -0.024787 -0.010455 0.024827
v -0.025995 -0.011176 0.022244
v -0.026663 -0.010455 0.022802
v 0.033356 -0.010455 -0.010832
v 0.032534 -0.011175 -0.010569
v 0.032407 -0.010454 -0.013414
v 0.031616 -0.011175 -0.013089
v -0.020624 -0.010454 -0.028336
v -0.020110 -0.011175 -0.027655
v -0.022780 -0.010454 -0.026645
v -0.022223 -0.011175 -0.025978
v -0.010850 -0.010454 -0.033334
v -0.010587 -0.011175 -0.032513
v -0.013432 -0.010454 -0.032386
v -0.013107 -0.011175 -0.031594
v 0.007994 -0.011176 0.033278
v 0.008196 -0.010455 0.034117
v 0.005379 -0.011176 0.033800
v 0.005502 -0.010455 0.034655
v 0.005379 -0.011176 0.033800
v 0.005502 -0.010455 0.034655
v 0.002691 -0.011176 0.034119
v 0.002770 -0.010455 0.034972
v 0.022226 -0.011176 0.026017
v 0.022783 -0.010455 0.026685
v 0.020113 -0.011176 0.027694
v 0.020627 -0.010455 0.028375
v 0.034954 -0.010454 -0.002749
v 0.034102 -0.011175 -0.002669
v 0.034637 -0.010455 -0.005480
v 0.033783 -0.011175 -0.005358
v 0.002691 -0.011176 0.034119
v 0.002770 -0.010455 0.034972
v 0.000020 -0.011176 0.034232
v 0.000020 -0.010455 0.035101
v 0.024204 -0.011176 0.024204
v 0.024809 -0.010455 0.024809
v 0.022226 -0.011176 0.026017
v 0.022783 -0.010455 0.026685
v -0.033257 -0.011175 0.008012
v -0.034095 -0.010455 0.008214
v -0.033780 -0.011175 0.005398
v -0.034634 -0.010455 0.005520
v 0.034102 -0.011175 -0.002669
v 0.034954 -0.010454 -0.002749
v 0.034214 -0.011175 0.000001
v 0.035083 -0.010455 0.000002
v 0.026667 -0.010454 -0.022762
v 0.025999 -0.011175 -0.022205
v 0.024791 -0.010454 -0.024787
v 0.024186 -0.011175 -0.024183
v -0.034097 -0.010454 -0.008156
v -0.033260 -0.011175 -0.007955
v -0.034635 -0.010455 -0.005462
v -0.033783 -0.011175 -0.005321
v -0.034098 -0.011175 0.002709
v -0.034951 -0.010454 0.002789
v -0.034211 -0.011175 0.000039
v -0.035080 -0.010455 0.000039
v -0.032530 -0.011175 0.010609
v -0.033352 -0.010455 0.010872
v -0.033257 -0.011175 0.008012
v -0.034095 -0.010455 0.008214
v 0.008178 -0.010454 -0.034079
v 0.007976 -0.011175 -0.033242
v 0.005483 -0.010454 -0.034618
v 0.005343 -0.011175 -0.033765
v 0.034099 -0.010455 -0.008174
v 0.033261 -0.011175 -0.007972
v 0.033356 -0.010455 -0.010832
v 0.032534 -0.011175 -0.010569
v -0.005339 -0.011176 0.033803
v -0.005480 -0.010455 0.034656
v -0.007973 -0.011176 0.033281
v -0.008174 -0.010455 0.034118
v -0.022780 -0.010454 -0.026645
v -0.022223 -0.011175 -0.025978
v -0.024806 -0.010454 -0.024769
v -0.024201 -0.011175 -0.024164
v -0.008193 -0.010454 -0.034077
v -0.007991 -0.011175 -0.033240
v -0.010850 -0.010454 -0.033334
v -0.010587 -0.011175 -0.032513
v -0.002688 -0.011175 -0.034081
v -0.002767 -0.010454 -0.034933
v -0.000017 -0.011175 -0.034193
v -0.000017 -0.010454 -0.035062
v 0.033786 -0.011175 0.005362
v 0.034639 -0.010455 0.005502
v 0.033263 -0.011176 0.007994
v 0.034100 -0.010455 0.008196
v 0.010590 -0.011176 0.032551
v 0.010853 -0.010455 0.033374
v 0.007994 -0.011176 0.033278
v 0.008196 -0.010455 0.034117
v 0.034101 -0.011175 0.002691
v 0.034971 -0.010455 0.002751
v 0.033786 -0.011175 0.005362
v 0.034639 -0.010455 0.005502
v -0.034098 -0.011175 -0.002650
v -0.034968 -0.010455 -0.002711
v -0.033783 -0.011175 -0.005321
v -0.034635 -0.010455 -0.005462
v -0.002669 -0.011176 0.034119
v -0.002730 -0.010455 0.034989
v -0.005339 -0.011176 0.033803
v -0.005480 -0.010455 0.034656
v 0.005483 -0.010454 -0.034618
v 0.005343 -0.011175 -0.033765
v 0.002733 -0.010454 -0.034950
v 0.002672 -0.011175 -0.034081
v 0.000020 -0.011176 0.034232
v 0.000020 -0.010455 0.035101
v -0.002669 -0.011176 0.034119
v -0.002730 -0.010455 0.034989
v 0.002733 -0.010454 -0.034950
v 0.002672 -0.011175 -0.034081
v -0.000017 -0.010454 -0.035062
v -0.000017 -0.011175 -0.034193
v -0.034968 -0.010455 -0.002711
v -0.034098 -0.011175 -0.002650
v -0.035080 -0.010455 0.000039
v -0.034211 -0.011175 0.000039
v 0.034214 -0.011175 0.000001
v 0.035083 -0.010455 0.000002
v 0.034101 -0.011175 0.002691
v 0.034971 -0.010455 0.002751
v -0.002154 0.012615 0.027531
v -0.002154 -0.011824 0.027531
v -0.004310 0.012615 0.027291
v -0.004310 -0.011824 0.027291
v 0.000022 -0.011824 0.027631
v -0.006427 0.012615 0.026872
v 0.000022 0.012615 0.027631
v 0.002178 -0.011824 0.027531
v 0.002178 0.012615 0.027531
v -0.006427 -0.011824 0.026872
v -0.008503 0.012615 0.026273
v -0.008503 -0.011824 0.026273
v -0.010539 0.012615 0.025534
v -0.010539 -0.011824 0.025534
v -0.012516 0.012615 0.024616
v -0.012516 -0.011824 0.024616
v 0.023519 -0.011824 -0.014413
v 0.023519 0.012615 -0.014413
v 0.022321 -0.011824 -0.016210
v 0.022321 0.012615 -0.016210
v 0.020984 -0.011824 -0.017927
v 0.020984 0.012615 -0.017927
v 0.019506 -0.011824 -0.019524
v 0.019506 0.012615 -0.019524
v 0.017909 -0.011824 -0.020981
v 0.017909 0.012615 -0.020981
v 0.016212 -0.011824 -0.022319
v 0.016212 0.012615 -0.022319
v 0.016232 0.012615 0.022340
v 0.016232 -0.011824 0.022340
v 0.014436 0.012615 0.023538
v 0.014436 -0.011824 0.023538
v 0.017949 -0.011824 0.021002
v 0.017949 0.012615 0.021002
v 0.019546 -0.011824 0.019525
v 0.019546 0.012615 0.019525
v 0.021004 -0.011824 0.017928
v 0.021004 0.012615 0.017928
v 0.022341 -0.011824 0.016231
v 0.022341 0.012615 0.016231
v 0.026853 0.012615 0.006449
v 0.026853 -0.011824 0.006449
v 0.026254 0.012615 0.008525
v 0.026254 -0.011824 0.008525
v 0.025516 0.012615 0.010561
v 0.025516 -0.011824 0.010561
v 0.027272 -0.011824 0.004333
v 0.027272 0.012615 0.004333
v 0.027512 -0.011824 0.002177
v 0.027512 0.012615 0.002177
v 0.027612 -0.011824 0.000001
v 0.027612 0.012615 0.000001
v -0.019543 0.012615 -0.019484
v -0.019543 -0.011824 -0.019484
v -0.017946 0.012615 -0.020961
v -0.017946 -0.011824 -0.020961
v -0.016229 0.012615 -0.022299
v -0.016229 -0.011824 -0.022299
v -0.014432 0.012615 -0.023497
v -0.014432 -0.011824 -0.023497
v -0.012536 0.012615 -0.024575
v -0.012536 -0.011824 -0.024575
v 0.006430 -0.011824 -0.026831
v 0.006430 0.012615 -0.026831
v 0.004314 -0.011824 -0.027250
v 0.004314 0.012615 -0.027250
v 0.002158 -0.011824 -0.027490
v 0.002158 0.012615 -0.027490
v -0.000018 -0.011824 -0.027589
v -0.000018 0.012615 -0.027589
v 0.027512 -0.011824 -0.002156
v 0.027512 0.012615 -0.002156
v 0.027252 -0.011824 -0.004312
v 0.027252 0.012615 -0.004312
v 0.026833 -0.011824 -0.006428
v 0.026833 0.012615 -0.006428
v -0.022338 0.012615 -0.016190
v -0.022338 -0.011824 -0.016190
v -0.021000 0.012615 -0.017887
v -0.021000 -0.011824 -0.017887
v -0.019543 0.012615 -0.019484
v -0.019543 -0.011824 -0.019484
v 0.026254 -0.011824 -0.008524
v 0.026254 0.012615 -0.008524
v 0.025496 -0.011824 -0.010560
v 0.025496 0.012615 -0.010560
v 0.026833 0.012615 -0.006428
v 0.026833 -0.011824 -0.006428
v -0.027269 0.012615 -0.004292
v -0.027269 -0.011824 -0.004292
v -0.026850 0.012615 -0.006408
v -0.026850 -0.011824 -0.006408
v -0.026251 0.012615 -0.008484
v -0.026251 -0.011824 -0.008484
v -0.025512 0.012615 -0.010520
v -0.025512 -0.011824 -0.010520
v 0.008506 -0.011824 -0.026232
v 0.008506 0.012615 -0.026232
v 0.006430 -0.011824 -0.026831
v 0.006430 0.012615 -0.026831
v 0.010543 0.012615 -0.025493
v 0.010543 -0.011824 -0.025493
v -0.006447 0.012615 -0.026811
v -0.006447 -0.011824 -0.026811
v -0.004330 0.012615 -0.027230
v -0.004330 -0.011824 -0.027230
v -0.002174 0.012615 -0.027490
v -0.002174 -0.011824 -0.027490
v -0.010579 0.012615 -0.025473
v -0.010579 -0.011824 -0.025473
v -0.008543 0.012615 -0.026232
v -0.008543 -0.011824 -0.026232
v -0.006447 0.012615 -0.026811
v -0.006447 -0.011824 -0.026811
v -0.027249 0.012615 0.004353
v -0.027249 -0.011824 0.004353
v -0.027508 0.012615 0.002197
v -0.027508 -0.011824 0.002197
v -0.014412 0.012615 0.023558
v -0.014412 -0.011824 0.023558
v -0.016209 0.012615 0.022360
v -0.016209 -0.011824 0.022360
v 0.004334 0.012615 0.027271
v 0.004334 -0.011824 0.027271
v 0.002178 0.012615 0.027531
v 0.002178 -0.011824 0.027531
v -0.027508 0.012615 -0.002135
v -0.027508 -0.011824 -0.002135
v -0.027269 0.012615 -0.004292
v -0.027269 -0.011824 -0.004292
v -0.026830 0.012615 0.006469
v -0.026830 -0.011824 0.006469
v -0.027249 0.012615 0.004353
v -0.027249 -0.011824 0.004353
v -0.026251 0.012615 0.008565
v -0.026251 -0.011824 0.008565
v -0.026830 0.012615 0.006469
v -0.026830 -0.011824 0.006469
v -0.025492 -0.011824 0.010601
v -0.025492 0.012615 0.010601
v -0.017906 0.012615 0.021022
v -0.017906 -0.011824 0.021022
v -0.019503 0.012615 0.019565
v -0.019503 -0.011824 0.019565
v -0.016209 -0.011824 0.022360
v -0.016209 0.012615 0.022360
v -0.027508 0.012615 0.002197
v -0.027508 -0.011824 0.002197
v -0.027608 0.012615 0.000041
v -0.027608 -0.011824 0.000041
v -0.025512 0.012615 -0.010520
v -0.025512 -0.011824 -0.010520
v -0.024594 0.012615 -0.012497
v -0.024594 -0.011824 -0.012497
v -0.020980 0.012615 0.017968
v -0.020980 -0.011824 0.017968
v -0.022318 0.012615 0.016251
v -0.022318 -0.011824 0.016251
v -0.019503 -0.011824 0.019565
v -0.019503 0.012615 0.019565
v -0.012516 0.012615 0.024616
v -0.012516 -0.011824 0.024616
v -0.014412 0.012615 0.023558
v -0.014412 -0.011824 0.023558
v 0.025516 0.012615 0.010561
v 0.025516 -0.011824 0.010561
v 0.024597 0.012615 0.012538
v 0.024597 -0.011824 0.012538
v 0.014436 0.012615 0.023538
v 0.014436 -0.011824 0.023538
v 0.012539 0.012615 0.024616
v 0.012539 -0.011824 0.024616
v 0.006450 0.012615 0.026852
v 0.006450 -0.011824 0.026852
v 0.004334 0.012615 0.027271
v 0.004334 -0.011824 0.027271
v 0.027612 -0.011824 0.000001
v 0.027612 0.012615 0.000001
v 0.027512 -0.011824 -0.002156
v 0.027512 0.012615 -0.002156
v 0.025496 -0.011824 -0.010560
v 0.025496 0.012615 -0.010560
v 0.024597 -0.011824 -0.012517
v 0.024597 0.012615 -0.012517
v -0.002174 0.012615 -0.027490
v -0.002174 -0.011824 -0.027490
v -0.000018 0.012615 -0.027589
v -0.000018 -0.011824 -0.027589
v -0.024594 0.012615 0.012558
v -0.024594 -0.011824 0.012558
v -0.025492 0.012615 0.010601
v -0.025492 -0.011824 0.010601
v 0.014416 -0.011824 -0.023517
v 0.014416 0.012615 -0.023517
v 0.012519 -0.011824 -0.024575
v 0.012519 0.012615 -0.024575
v 0.012519 -0.011824 -0.024575
v 0.012519 0.012615 -0.024575
v 0.010543 -0.011824 -0.025493
v 0.010543 0.012615 -0.025493
v 0.024597 -0.011824 -0.012517
v 0.024597 0.012615 -0.012517
v 0.023519 -0.011824 -0.014413
v 0.023519 0.012615 -0.014413
v 0.012539 0.012615 0.024616
v 0.012539 -0.011824 0.024616
v 0.010583 0.012615 0.025514
v 0.010583 -0.011824 0.025514
v 0.024597 0.012615 0.012538
v 0.024597 -0.011824 0.012538
v 0.023539 0.012615 0.014434
v 0.023539 -0.011824 0.014434
v 0.016212 -0.011824 -0.022319
v 0.016212 0.012615 -0.022319
v 0.014416 -0.011824 -0.023517
v 0.014416 0.012615 -0.023517
v 0.010583 0.012615 0.025514
v 0.010583 -0.011824 0.025514
v 0.008546 0.012615 0.026273
v 0.008546 -0.011824 0.026273
v 0.006450 0.012615 0.026852
v 0.006450 -0.011824 0.026852
v -0.027608 0.012615 0.000041
v -0.027608 -0.011824 0.000041
v -0.027508 0.012615 -0.002135
v -0.027508 -0.011824 -0.002135
v -0.022318 0.012615 0.016251
v -0.022318 -0.011824 0.016251
v -0.023516 0.012615 0.014454
v -0.023516 -0.011824 0.014454
v -0.023516 0.012615 0.014454
v -0.023516 -0.011824 0.014454
v -0.024594 0.012615 0.012558
v -0.024594 -0.011824 0.012558
v 0.023539 0.012615 0.014434
v 0.023539 -0.011824 0.014434
v 0.022341 0.012615 0.016231
v 0.022341 -0.011824 0.016231
v -0.023536 0.012615 -0.014393
v -0.023536 -0.011824 -0.014393
v -0.022338 0.012615 -0.016190
v -0.022338 -0.011824 -0.016190
v -0.024594 0.012615 -0.012497
v -0.024594 -0.011824 -0.012497
v -0.023536 0.012615 -0.014393
v -0.023536 -0.011824 -0.014393
v -0.012536 0.012615 -0.024575
v -0.012536 -0.011824 -0.024575
v -0.010579 0.012615 -0.025473
v -0.010579 -0.011824 -0.025473
v -0.017202 0.002118 0.000016
v -0.016616 -0.001323 -0.004436
v -0.017202 -0.001323 0.000016
v -0.016616 0.002118 -0.004436
v -0.014898 -0.001323 -0.008585
v -0.014898 0.002118 -0.008585
v -0.012164 -0.001323 -0.012148
v -0.012164 0.002118 -0.012148
v -0.008601 0.002118 -0.014882
v -0.012164 -0.001323 -0.012148
v -0.012164 0.002118 -0.012148
v -0.008601 -0.001323 -0.014882
v -0.004452 0.002118 -0.016601
v -0.004452 -0.001323 -0.016601
v 0.000001 0.002118 -0.017187
v 0.000001 -0.001323 -0.017187
v 0.004453 0.002118 -0.016601
v 0.000001 -0.001323 -0.017187
v 0.000001 0.002118 -0.017187
v 0.004453 -0.001323 -0.016601
v 0.008602 0.002118 -0.014882
v 0.008602 -0.001323 -0.014882
v 0.012165 0.002118 -0.012148
v 0.012165 -0.001323 -0.012148
v 0.014899 0.002118 -0.008585
v 0.014899 -0.001323 -0.008585
v 0.012165 -0.001323 -0.012148
v 0.012165 0.002118 -0.012148
v 0.016617 0.002118 -0.004436
v 0.016617 -0.001323 -0.004436
v 0.017204 0.002118 0.000016
v 0.017204 -0.001323 0.000016
v 0.016617 0.002118 0.004469
v 0.016617 -0.001323 0.004469
v 0.017204 -0.001323 0.000016
v 0.017204 0.002118 0.000016
v 0.014899 0.002118 0.008618
v 0.014899 -0.001323 0.008618
v 0.012165 0.002118 0.012181
v 0.012165 -0.001323 0.012181
v 0.008602 -0.001323 0.014915
v 0.012165 0.002118 0.012181
v 0.008602 0.002118 0.014915
v 0.012165 -0.001323 0.012181
v 0.004453 -0.001323 0.016633
v 0.004453 0.002118 0.016633
v 0.000001 -0.001323 0.017219
v 0.000001 0.002118 0.017219
v -0.004452 -0.001323 0.016633
v 0.000001 0.002118 0.017219
v -0.004452 0.002118 0.016633
v 0.000001 -0.001323 0.017219
v -0.008601 -0.001323 0.014915
v -0.008601 0.002118 0.014915
v -0.012164 -0.001323 0.012181
v -0.012164 0.002118 0.012181
v -0.012164 0.002118 0.012181
v -0.014898 -0.001323 0.008618
v -0.012164 -0.001323 0.012181
v -0.014898 0.002118 0.008618
v -0.016616 -0.001323 0.004469
v -0.016616 0.002118 0.004469
v -0.017202 0.002118 0.000016
v -0.017202 -0.001323 0.000016
v 0.007123 0.004411 0.002966
v 0.007123 0.002118 0.002966
v 0.007710 0.002118 0.000016
v 0.007710 0.004411 0.000016
v 0.005452 0.004411 0.005467
v 0.005452 0.002118 0.005467
v -0.005450 0.004411 0.005467
v -0.007122 0.004411 0.002966
v -0.005450 0.002118 0.005467
v -0.007122 0.002118 0.002966
v -0.007708 0.004411 0.000016
v -0.007708 0.002118 0.000016
v -0.007708 0.004411 0.000016
v -0.007122 0.004411 -0.002934
v -0.007708 0.002118 0.000016
v -0.007122 0.002118 -0.002934
v -0.005450 0.004411 -0.005435
v -0.005450 0.002118 -0.005435
v -0.005450 0.004411 -0.005435
v -0.002949 0.002118 -0.007106
v -0.005450 0.002118 -0.005435
v -0.002949 0.004411 -0.007106
v 0.000001 0.004411 -0.007693
v 0.000001 0.002118 -0.007693
v 0.000001 0.004411 -0.007693
v 0.002951 0.002118 -0.007106
v 0.000001 0.002118 -0.007693
v 0.002951 0.004411 -0.007106
v 0.005452 0.004411 -0.005435
v 0.005452 0.002118 -0.005435
v 0.007123 0.004411 -0.002934
v 0.007123 0.002118 -0.002934
v 0.005452 0.002118 -0.005435
v 0.005452 0.004411 -0.005435
v 0.007710 0.002118 0.000016
v 0.007710 0.004411 0.000016
v 0.002951 0.002118 0.007139
v 0.005452 0.004411 0.005467
v 0.002951 0.004411 0.007139
v 0.005452 0.002118 0.005467
v 0.000001 0.004411 0.007725
v 0.000001 0.002118 0.007725
v -0.002949 0.002118 0.007139
v 0.000001 0.004411 0.007725
v -0.002949 0.004411 0.007139
v 0.000001 0.002118 0.007725
v -0.005450 0.004411 0.005467
v -0.005450 0.002118 0.005467
v 0.007710 0.004411 0.000016
v 0.007123 0.004411 -0.002934
v 0.007123 0.004411 0.002966
v 0.005452 0.004411 0.005467
v 0.005452 0.004411 -0.005435
v 0.002951 0.004411 -0.007106
v 0.002951 0.004411 0.007139
v 0.000001 0.004411 -0.007693
v 0.000001 0.004411 0.007725
v -0.002949 0.004411 -0.007106
v -0.002949 0.004411 0.007139
v -0.005450 0.004411 -0.005435
v -0.005450 0.004411 0.005467
v -0.007122 0.004411 0.002966
v -0.007122 0.004411 -0.002934
v -0.007708 0.004411 0.000016
v -0.016616 -0.001323 0.004469
v -0.017202 -0.001323 0.000016
v -0.016616 -0.001323 -0.004436
v -0.014898 -0.001323 0.008618
v -0.014898 -0.001323 -0.008585
v -0.012164 -0.001323 0.012181
v -0.012164 -0.001323 -0.012148
v -0.008601 -0.001323 -0.014882
v -0.008601 -0.001323 0.014915
v -0.004452 -0.001323 0.016633
v -0.004452 -0.001323 -0.016601
v 0.000001 -0.001323 -0.017187
v 0.000001 -0.001323 0.017219
v 0.004453 -0.001323 -0.016601
v 0.004453 -0.001323 0.016633
v 0.008602 -0.001323 0.014915
v 0.008602 -0.001323 -0.014882
v 0.012165 -0.001323 0.012181
v 0.012165 -0.001323 -0.012148
v 0.014899 -0.001323 0.008618
v 0.014899 -0.001323 -0.008585
v 0.016617 -0.001323 -0.004436
v 0.016617 -0.001323 0.004469
v 0.017204 -0.001323 0.000016
v 0.000001 0.002118 0.017219
v 0.000001 0.002118 0.000016
v -0.004452 0.002118 0.016633
v -0.008601 0.002118 0.014915
v -0.012164 0.002118 0.012181
v -0.014898 0.002118 0.008618
v -0.016616 0.002118 0.004469
v -0.017202 0.002118 0.000016
v 0.012165 0.002118 -0.012148
v 0.014899 0.002118 -0.008585
v 0.016617 0.002118 -0.004436
v 0.017204 0.002118 0.000016
v 0.008602 0.002118 -0.014882
v 0.004453 0.002118 -0.016601
v 0.000001 0.002118 -0.017187
v 0.004453 0.002118 0.016633
v 0.000001 0.002118 0.017219
v 0.008602 0.002118 0.014915
v 0.012165 0.002118 0.012181
v 0.014899 0.002118 0.008618
v 0.016617 0.002118 0.004469
v 0.017204 0.002118 0.000016
v -0.017202 0.002118 0.000016
v -0.016616 0.002118 -0.004436
v -0.014898 0.002118 -0.008585
v -0.012164 0.002118 -0.012148
v -0.008601 0.002118 -0.014882
v -0.004452 0.002118 -0.016601
v 0.000001 0.002118 -0.017187
v -0.008551 0.012456 0.026336
v -0.012563 0.012623 0.024674
v -0.012563 0.012456 0.024674
v -0.008551 0.012623 0.026336
v -0.007714 0.012456 0.026536
v -0.007961 0.012623 0.026477
v 0.008552 0.012456 0.026336
v 0.012565 0.012456 0.024674
v 0.012565 0.012623 0.024674
v 0.008552 0.012623 0.026336
v 0.007962 0.012623 0.026477
v 0.007716 0.012456 0.026536
v 0.022390 0.012623 0.016282
v 0.019569 0.012456 0.019585
v 0.022390 0.012456 0.016282
v 0.004330 0.012623 -0.027318
v 0.008552 0.012623 -0.026304
v 0.008552 0.012456 -0.026304
v 0.004330 0.012456 -0.027318
v 0.009348 0.012456 -0.025975
v 0.009114 0.012623 -0.026072
v -0.008551 0.012456 -0.026304
v -0.009346 0.012456 -0.025975
v -0.009112 0.012623 -0.026072
v -0.022388 0.012623 -0.016251
v -0.021994 0.012623 -0.016713
v -0.022388 0.012456 -0.016251
v -0.027674 0.012623 0.000016
v -0.027333 0.012623 -0.004314
v -0.027674 0.012456 0.000016
v -0.027333 0.012456 -0.004314
v -0.027606 0.012456 0.000874
v -0.027626 0.012623 0.000621
v -0.022388 0.012623 0.016282
v -0.022705 0.012623 0.015764
v -0.022388 0.012456 0.016282
v 0.016267 0.012456 0.022405
v 0.016267 0.012623 0.022405
v 0.019569 0.012623 0.019585
v 0.022707 0.012623 0.015764
v 0.022839 0.012456 0.015549
v -0.016266 0.012456 0.022405
v -0.016266 0.012623 0.022405
v -0.019568 0.012456 0.019584
v -0.019568 0.012623 0.019584
v -0.022838 0.012456 0.015549
v 0.000001 0.012623 -0.027659
v 0.000001 0.012456 -0.027659
v -0.004328 0.012456 -0.027318
v -0.004328 0.012623 -0.027318
v -0.008551 0.012623 -0.026304
v -0.024658 0.012456 -0.012548
v -0.024658 0.012623 -0.012548
v -0.026319 0.012623 -0.008536
v -0.021830 0.012456 -0.016905
v -0.026319 0.012456 -0.008536
v 0.027675 0.012456 0.000016
v 0.027334 0.012623 -0.004314
v 0.027675 0.012623 0.000016
v 0.027627 0.012623 0.000621
v 0.027608 0.012456 0.000874
v 0.027334 0.012456 -0.004314
v 0.026320 0.012623 -0.008536
v 0.026320 0.012456 -0.008536
v 0.024659 0.012456 -0.012548
v 0.024659 0.012623 -0.012548
v 0.022390 0.012456 -0.016251
v 0.022390 0.012623 -0.016251
v 0.021995 0.012623 -0.016712
v 0.021831 0.012456 -0.016905
v -0.022947 -0.011669 -0.007440
v -0.028078 -0.011669 0.000016
v -0.026704 -0.011669 -0.008661
v -0.024128 -0.011669 0.000016
v -0.019520 -0.011669 -0.014167
v -0.026704 -0.011669 0.008693
v -0.022716 -0.011669 -0.016489
v -0.022947 -0.011669 0.007472
v -0.014182 -0.011669 -0.019505
v -0.022716 -0.011669 0.016520
v -0.016504 -0.011669 -0.022701
v -0.019520 -0.011669 0.014198
v -0.007455 -0.011669 -0.022932
v -0.016504 -0.011669 0.022732
v -0.008676 -0.011669 -0.026689
v -0.014182 -0.011669 0.019537
v 0.000001 -0.011669 -0.024113
v -0.008676 -0.011669 0.026721
v 0.000001 -0.011669 -0.028063
v -0.007455 -0.011669 0.022964
v 0.000001 -0.011669 0.028095
v 0.000001 -0.011669 0.024145
v 0.007457 -0.011669 -0.022932
v 0.008678 -0.011669 -0.026689
v 0.014183 -0.011669 -0.019505
v 0.016505 -0.011669 -0.022701
v 0.019521 -0.011669 -0.014167
v 0.022717 -0.011669 -0.016489
v 0.022949 -0.011669 -0.007440
v 0.026705 -0.011669 -0.008661
v 0.024130 -0.011669 0.000016
v 0.028080 -0.011669 0.000016
v 0.022949 -0.011669 0.007472
v 0.026705 -0.011669 0.008693
v 0.019522 -0.011669 0.014198
v 0.022717 -0.011669 0.016520
v 0.014183 -0.011669 0.019537
v 0.016505 -0.011669 0.022732
v 0.007457 -0.011669 0.022964
v 0.008678 -0.011669 0.026721
v 0.000001 -0.011669 0.024145
v 0.000001 -0.011669 0.028095
v 0.000001 0.012456 0.027690
v -0.001633 0.012623 0.027317
v -0.001922 0.012458 0.027539
v 0.000001 0.012623 0.027460
v 0.001634 0.012623 0.027317
v 0.001923 0.012458 0.027539
v 0.025461 0.012623 0.010006
v 0.026320 0.012456 0.008568
v 0.026101 0.012623 0.008497
v 0.025583 0.012458 0.010349
v 0.026470 0.012623 0.006899
v 0.026771 0.012458 0.006693
v 0.016267 0.012456 -0.022373
v 0.017369 0.012623 -0.021111
v 0.017734 0.012458 -0.021121
v 0.016132 0.012623 -0.022187
v 0.014727 0.012623 -0.023031
v 0.014623 0.012458 -0.023381
v -0.016266 0.012456 -0.022373
v -0.014725 0.012623 -0.023031
v -0.014622 0.012458 -0.023381
v -0.016130 0.012623 -0.022187
v -0.017368 0.012623 -0.021111
v -0.017732 0.012458 -0.021121
v -0.026469 0.012623 0.006899
v -0.026319 0.012456 0.008568
v -0.026100 0.012623 0.008496
v -0.026769 0.012458 0.006693
v -0.025460 0.012623 0.010006
v -0.025581 0.012458 0.010349
v 0.023703 0.011475 0.005187
v 0.026760 0.012348 0.001721
v 0.022806 0.011840 0.005671
v -0.026758 0.012348 0.001721
v -0.023702 0.011475 0.005187
v -0.022805 0.011840 0.005671
v 0.015035 0.012623 -0.017449
v 0.020647 0.012348 -0.017092
v 0.015127 0.011840 -0.017964
v 0.021995 0.012623 -0.016712
v 0.019638 0.011802 -0.017542
v 0.016137 0.011475 -0.018100
v -0.015033 0.012623 -0.017449
v -0.015125 0.011840 -0.017964
v -0.020646 0.012348 -0.017092
v -0.021994 0.012623 -0.016713
v -0.019637 0.011802 -0.017542
v -0.016135 0.011475 -0.018100
v -0.001897 0.012623 0.022982
v -0.006647 0.012348 0.025992
v -0.001668 0.011840 0.023453
v -0.007961 0.012623 0.026477
v -0.007714 0.012456 0.026536
v -0.005566 0.011802 0.025763
v -0.002405 0.011475 0.024156
v 0.001898 0.012623 0.022982
v 0.001669 0.011840 0.023453
v 0.006648 0.012348 0.025992
v 0.007962 0.012623 0.026477
v 0.007716 0.012456 0.026536
v 0.005567 0.011802 0.025763
v 0.002407 0.011475 0.024156
v 0.021256 0.012623 0.008917
v 0.022651 0.012348 0.014365
v 0.021775 0.011840 0.008845
v 0.022707 0.012623 0.015764
v 0.022839 0.012456 0.015549
v 0.022768 0.011802 0.013267
v 0.022216 0.011475 0.009764
v 0.011965 0.012623 -0.019679
v 0.012570 0.011814 -0.019644
v 0.012426 0.011840 -0.019926
v 0.011990 0.012612 -0.019357
v 0.012678 0.011771 -0.019263
v 0.009891 0.012348 -0.024907
v 0.012244 0.011475 -0.020928
v 0.010631 0.011802 -0.024086
v 0.009114 0.012623 -0.026072
v 0.009348 0.012456 -0.025975
v -0.011963 0.012623 -0.019679
v -0.012425 0.011840 -0.019926
v -0.012569 0.011814 -0.019644
v -0.011988 0.012612 -0.019357
v -0.012676 0.011771 -0.019263
v -0.009890 0.012348 -0.024907
v -0.012242 0.011475 -0.020929
v -0.010630 0.011802 -0.024086
v -0.009112 0.012623 -0.026072
v -0.009346 0.012456 -0.025975
v 0.021831 0.012456 -0.016905
v -0.021830 0.012456 -0.016905
v -0.023135 0.009756 0.000016
v -0.024128 -0.011669 0.000016
v -0.022850 0.009756 -0.003604
v -0.022850 0.009756 0.003635
v -0.022947 -0.011669 -0.007440
v -0.022947 -0.011669 0.007472
v -0.022003 0.009756 -0.007133
v -0.022003 0.009756 0.007165
v -0.020613 0.009756 -0.010488
v -0.020613 0.009756 0.010519
v -0.019520 -0.011669 -0.014167
v -0.019520 -0.011669 0.014198
v -0.018717 0.009756 -0.013583
v -0.018717 0.009756 0.013614
v -0.016359 0.009756 -0.016344
v -0.016359 0.009756 0.016375
v -0.014182 -0.011669 -0.019505
v -0.014182 -0.011669 0.019537
v -0.013598 0.009756 -0.018701
v -0.013598 0.009756 0.018733
v -0.010503 0.009756 -0.020598
v -0.010503 0.009756 0.020630
v -0.007455 -0.011669 -0.022932
v -0.007455 -0.011669 0.022964
v -0.007149 0.009756 -0.021988
v -0.007149 0.009756 0.022019
v -0.003619 0.009756 -0.022835
v -0.003619 0.009756 0.022867
v 0.000001 -0.011669 0.024145
v 0.000001 0.009756 0.023152
v 0.000001 -0.011669 -0.024113
v 0.000001 0.009756 -0.023120
v 0.003620 0.009756 -0.022835
v 0.007457 -0.011669 -0.022932
v 0.007150 0.009756 -0.021988
v 0.010504 0.009756 -0.020598
v 0.014183 -0.011669 -0.019505
v 0.013599 0.009756 -0.018701
v 0.016360 0.009756 -0.016344
v 0.019521 -0.011669 -0.014167
v 0.018718 0.009756 -0.013583
v 0.020615 0.009756 -0.010488
v 0.022949 -0.011669 -0.007440
v 0.022004 0.009756 -0.007133
v 0.022852 0.009756 -0.003604
v 0.024130 -0.011669 0.000016
v 0.023137 0.009756 0.000016
v 0.022852 0.009756 0.003635
v 0.022949 -0.011669 0.007472
v 0.022004 0.009756 0.007165
v 0.020615 0.009756 0.010519
v 0.019522 -0.011669 0.014198
v 0.018718 0.009756 0.013614
v 0.016360 0.009756 0.016375
v 0.014183 -0.011669 0.019537
v 0.013599 0.009756 0.018733
v 0.010504 0.009756 0.020630
v 0.007457 -0.011669 0.022964
v 0.007150 0.009756 0.022019
v 0.003620 0.009756 0.022867
v 0.000001 -0.011669 0.024145
v 0.000001 0.009756 0.023152
v -0.005626 0.007382 0.007760
v -0.004695 0.007390 0.008421
v -0.004695 0.008875 0.008421
v -0.006543 0.008875 0.007079
v -0.005624 0.008917 0.007757
v 0.009446 0.007390 -0.001852
v 0.009104 0.007382 -0.002942
v 0.009446 0.008875 -0.001852
v 0.009101 0.008917 -0.002941
v 0.008740 0.008875 -0.004024
v 0.008740 0.007390 -0.004024
v -0.009103 0.007382 -0.002942
v -0.008739 0.008875 -0.004025
v -0.008739 0.007390 -0.004025
v -0.009445 0.008875 -0.001852
v -0.009100 0.008917 -0.002941
v 0.005627 0.007382 0.007760
v 0.004696 0.008875 0.008421
v 0.004696 0.007390 0.008421
v 0.005625 0.008917 0.007757
v 0.006544 0.008875 0.007079
v 0.006530 0.009479 0.006773
v 0.006544 0.007390 0.007079
v 0.000001 0.009465 -0.009327
v 0.001311 0.009479 -0.009289
v 0.001142 0.008875 -0.009544
v 0.000001 0.008917 -0.009553
v 0.000001 0.007382 -0.009556
v 0.001142 0.007390 -0.009544
v -0.001141 0.008875 -0.009544
v -0.001310 0.009479 -0.009289
v -0.001141 0.007390 -0.009544
v -0.005491 0.009465 0.007574
v -0.004408 0.009479 0.008314
v -0.006529 0.009479 0.006773
v -0.006543 0.007390 0.007079
v -0.008444 0.009479 -0.004106
v -0.008885 0.009465 -0.002871
v -0.009445 0.007390 -0.001852
v -0.009254 0.009479 -0.001613
v 0.008886 0.009465 -0.002871
v 0.009255 0.009479 -0.001613
v 0.008445 0.009479 -0.004106
v 0.005492 0.009465 0.007574
v 0.004409 0.009479 0.008314
v 0.001287 0.007544 -0.006207
v 0.000001 0.006645 -0.006950
v 0.000001 0.007544 -0.006950
v 0.001287 0.006645 -0.006207
v 0.000001 0.007544 -0.006950
v -0.001285 0.006645 -0.006207
v -0.001285 0.007544 -0.006207
v 0.000001 0.006645 -0.006950
v 0.006317 0.007544 -0.000684
v 0.006317 0.006645 -0.000684
v 0.006626 0.006645 -0.002137
v 0.006626 0.007544 -0.002137
v 0.006626 0.007544 -0.002137
v 0.005522 0.006645 -0.003130
v 0.005522 0.007544 -0.003130
v 0.006626 0.006645 -0.002137
v 0.002618 0.006645 0.005806
v 0.004095 0.006645 0.005651
v 0.002618 0.007544 0.005806
v 0.004095 0.007544 0.005651
v 0.004095 0.007544 0.005651
v 0.004095 0.006645 0.005651
v 0.004699 0.006645 0.004294
v 0.004699 0.007544 0.004294
v -0.004094 0.007544 0.005651
v -0.004698 0.007544 0.004294
v -0.004094 0.006645 0.005651
v -0.004698 0.006645 0.004294
v -0.004094 0.006645 0.005651
v -0.002617 0.006645 0.005806
v -0.004094 0.007544 0.005651
v -0.002617 0.007544 0.005806
v -0.005520 0.007544 -0.003130
v -0.006624 0.006645 -0.002137
v -0.006624 0.007544 -0.002137
v -0.005520 0.006645 -0.003130
v -0.006315 0.007544 -0.000684
v -0.006624 0.007544 -0.002137
v -0.006315 0.006645 -0.000684
v -0.006624 0.006645 -0.002137
v -0.004142 0.008977 0.014695
v -0.004695 0.008875 0.008421
v -0.004695 0.007390 0.008421
v -0.004142 0.010085 0.014695
v 0.004144 0.008977 0.014695
v 0.004696 0.008875 0.008421
v 0.004144 0.010085 0.014695
v -0.008739 0.008875 -0.004025
v -0.011979 0.008977 -0.009425
v -0.008739 0.007390 -0.004025
v -0.012680 0.010085 0.008492
v -0.006543 0.008875 0.007079
v -0.006529 0.009479 0.006773
v -0.012680 0.008977 0.008492
v -0.006543 0.007390 0.007079
v -0.016641 0.009738 0.009457
v -0.016641 0.010425 0.009457
v -0.004231 0.009863 0.007757
v -0.005151 0.009842 0.007107
v -0.005491 0.009465 0.007574
v -0.004408 0.009479 0.008314
v -0.006054 0.009863 0.006432
v -0.006529 0.009479 0.006773
v 0.004232 0.009863 0.007757
v 0.005492 0.009465 0.007574
v 0.005153 0.009842 0.007107
v 0.004409 0.009479 0.008314
v 0.006056 0.009863 0.006432
v 0.006530 0.009479 0.006773
v 0.009255 0.009479 -0.001613
v 0.008886 0.009465 -0.002871
v 0.008671 0.009863 -0.001616
v 0.008337 0.009842 -0.002693
v 0.007974 0.009863 -0.003760
v 0.008445 0.009479 -0.004106
v 0.001128 0.009863 -0.008734
v 0.000001 0.009465 -0.009327
v 0.000001 0.009842 -0.008749
v 0.001311 0.009479 -0.009289
v -0.001126 0.009863 -0.008734
v -0.001310 0.009479 -0.009289
v -0.008336 0.009842 -0.002693
v -0.007973 0.009863 -0.003760
v -0.008885 0.009465 -0.002871
v -0.008444 0.009479 -0.004106
v -0.008670 0.009863 -0.001616
v -0.009254 0.009479 -0.001613
v 0.000616 0.007590 -0.003980
v 0.001137 0.006645 -0.004328
v 0.000616 0.006645 -0.003980
v 0.001137 0.007799 -0.004328
v 0.000001 0.007502 -0.003857
v 0.001485 0.006645 -0.004850
v 0.000001 0.006645 -0.003857
v 0.001485 0.008099 -0.004850
v -0.000614 0.006645 -0.003980
v 0.001608 0.006645 -0.005465
v -0.000614 0.007590 -0.003980
v 0.001608 0.008442 -0.005465
v 0.001485 0.006645 -0.006080
v 0.001485 0.008777 -0.006080
v -0.001136 0.006645 -0.004328
v -0.001136 0.007799 -0.004328
v -0.001484 0.006645 -0.004850
v -0.001484 0.008099 -0.004850
v -0.001606 0.006645 -0.005465
v -0.001606 0.008442 -0.005465
v -0.001484 0.006645 -0.006080
v -0.001484 0.008777 -0.006080
v -0.001850 0.007590 0.003610
v -0.001633 0.006645 0.004198
v -0.001633 0.007799 0.004198
v -0.001658 0.006645 0.004825
v -0.001850 0.006645 0.003610
v -0.001658 0.008099 0.004825
v -0.001920 0.006645 0.005394
v -0.001920 0.008442 0.005394
v -0.002276 0.007502 0.003149
v -0.002276 0.006645 0.003149
v -0.002846 0.006645 0.002887
v -0.002846 0.007590 0.002887
v -0.003472 0.006645 0.002862
v -0.003472 0.007799 0.002862
v -0.004061 0.006645 0.003079
v -0.004061 0.008099 0.003079
v -0.004521 0.006645 0.003505
v -0.004521 0.008442 0.003505
v 0.021535 0.009828 0.001751
v 0.020362 0.010489 0.002165
v 0.021535 0.010515 0.001751
v 0.020362 0.009802 0.002165
v 0.019013 0.010425 0.002159
v 0.019013 0.009738 0.002159
v 0.015242 0.010085 0.000612
v 0.015242 0.008977 0.000612
v 0.009446 0.008875 -0.001852
v 0.009446 0.007390 -0.001852
v -0.003609 0.007590 -0.001804
v -0.003780 0.006645 -0.002407
v -0.003609 0.006645 -0.001804
v -0.003780 0.007799 -0.002407
v -0.003683 0.007502 -0.001181
v -0.004168 0.006645 -0.002900
v -0.003683 0.006645 -0.001181
v -0.004168 0.008099 -0.002900
v -0.003990 0.006645 -0.000634
v -0.004715 0.006645 -0.003207
v -0.003990 0.007590 -0.000634
v -0.004715 0.008442 -0.003207
v -0.004482 0.006645 -0.000246
v -0.005338 0.006645 -0.003280
v -0.004482 0.007799 -0.000246
v -0.005338 0.008777 -0.003280
v -0.005941 0.006645 -0.003110
v -0.005941 0.009053 -0.003110
v -0.005086 0.006645 -0.000076
v -0.005086 0.008099 -0.000076
v -0.005708 0.006645 -0.000149
v -0.005708 0.008442 -0.000149
v -0.006256 0.006645 -0.000456
v -0.006256 0.008777 -0.000456
v 0.001635 0.006645 0.004198
v 0.001852 0.007590 0.003610
v 0.001635 0.007799 0.004198
v 0.001852 0.006645 0.003610
v 0.002277 0.007502 0.003149
v 0.002277 0.006645 0.003149
v 0.002847 0.006645 0.002887
v 0.002847 0.007590 0.002887
v 0.003474 0.006645 0.002862
v 0.003474 0.007799 0.002862
v 0.004062 0.006645 0.003079
v 0.004062 0.008099 0.003079
v 0.003991 0.007590 -0.000634
v 0.004483 0.006645 -0.000246
v 0.003991 0.006645 -0.000634
v 0.004483 0.007799 -0.000246
v 0.003684 0.007502 -0.001181
v 0.005087 0.006645 -0.000076
v 0.003684 0.006645 -0.001181
v 0.005087 0.008099 -0.000076
v 0.005710 0.006645 -0.000149
v 0.005710 0.008442 -0.000149
v 0.003611 0.006645 -0.001804
v 0.003611 0.007590 -0.001804
v 0.003781 0.006645 -0.002407
v 0.003781 0.007799 -0.002407
v 0.004169 0.006645 -0.002900
v 0.004169 0.008099 -0.002900
v 0.004716 0.006645 -0.003206
v 0.004716 0.008442 -0.003206
v 0.005339 0.006645 -0.003280
v 0.005339 0.008777 -0.003280
v 0.005943 0.006645 -0.003110
v 0.005943 0.009053 -0.003110
v 0.000001 0.012623 0.027460
v 0.000001 0.012623 0.025600
v -0.001633 0.012623 0.027317
v -0.001468 0.012623 0.026776
v -0.000352 0.012623 0.025685
v 0.001634 0.012623 0.027317
v 0.001469 0.012623 0.026776
v 0.000354 0.012623 0.025685
v 0.026101 0.012623 0.008497
v 0.024333 0.012623 0.007922
v 0.025461 0.012623 0.010006
v 0.024997 0.012623 0.009682
v 0.024305 0.012623 0.008284
v 0.026470 0.012623 0.006899
v 0.025905 0.012623 0.006888
v 0.024523 0.012623 0.007613
v 0.016132 0.012623 -0.022187
v 0.015039 0.012623 -0.020682
v 0.017369 0.012623 -0.021111
v 0.016918 0.012623 -0.020770
v 0.015374 0.012623 -0.020544
v 0.014727 0.012623 -0.023031
v 0.014542 0.012623 -0.022497
v 0.014803 0.012623 -0.020959
v -0.016130 0.012623 -0.022187
v -0.015037 0.012623 -0.020683
v -0.014725 0.012623 -0.023031
v -0.014541 0.012623 -0.022497
v -0.014802 0.012623 -0.020959
v -0.017368 0.012623 -0.021111
v -0.016916 0.012623 -0.020771
v -0.015373 0.012623 -0.020544
v -0.026100 0.012623 0.008496
v -0.024332 0.012623 0.007922
v -0.026469 0.012623 0.006899
v -0.025903 0.012623 0.006889
v -0.024522 0.012623 0.007613
v -0.025460 0.012623 0.010006
v -0.024996 0.012623 0.009681
v -0.024303 0.012623 0.008283
v -0.008513 0.009925 0.022520
v -0.007687 0.009905 0.022360
v -0.007482 0.009925 0.023046
v -0.009277 0.009925 0.022302
v -0.003787 0.009925 0.023933
v 0.000001 0.009925 0.024231
v 0.007688 0.009905 0.022360
v 0.003789 0.009925 0.023933
v -0.005004 0.009828 0.021032
v 0.007483 0.009925 0.023046
v 0.008515 0.009925 0.022520
v 0.009279 0.009925 0.022302
v 0.005005 0.009828 0.021032
v 0.004249 0.009802 0.020044
v -0.004247 0.009802 0.020044
v 0.003837 0.009738 0.018760
v -0.003836 0.009738 0.018760
v 0.004144 0.008977 0.014695
v -0.004142 0.008977 0.014695
v -0.004695 0.007390 0.008421
v 0.004696 0.007390 0.008421
v 0.000001 0.007382 0.007683
v -0.002369 0.007382 0.007308
v 0.002370 0.007382 0.007308
v -0.004506 0.007382 0.006219
v 0.004508 0.007382 0.006219
v -0.005626 0.007382 0.007760
v 0.005627 0.007382 0.007760
v -0.006543 0.007390 0.007079
v -0.006202 0.007382 0.004522
v -0.007291 0.007382 0.002385
v 0.005277 0.010085 -0.014295
v 0.001142 0.008875 -0.009544
v 0.001311 0.009479 -0.009289
v 0.005277 0.008977 -0.014295
v 0.001142 0.007390 -0.009544
v 0.007914 0.009738 -0.017404
v 0.006326 0.011974 -0.013762
v 0.007914 0.010425 -0.017404
v 0.001901 0.011076 -0.008581
v 0.010077 0.012471 -0.018154
v 0.001128 0.009863 -0.008734
v 0.008336 0.010489 -0.018684
v 0.001583 0.010951 -0.008053
v 0.010341 0.012518 -0.018788
v 0.001070 0.009837 -0.008028
v 0.010223 0.012553 -0.019520
v 0.001440 0.010684 -0.007404
v 0.008305 0.010515 -0.019928
v 0.001781 0.009823 -0.006031
v 0.006914 0.010592 -0.022580
v 0.001485 0.008777 -0.006080
v 0.007522 0.012621 -0.025089
v 0.001898 0.009367 -0.005310
v 0.006340 0.010612 -0.023195
v 0.001608 0.008442 -0.005465
v 0.007191 0.012627 -0.025506
v 0.001760 0.008825 -0.004551
v 0.005594 0.010612 -0.023468
v 0.001485 0.008099 -0.004850
v 0.006667 0.012627 -0.025759
v 0.001322 0.008284 -0.003916
v 0.004186 0.012623 -0.026408
v 0.001137 0.007799 -0.004328
v 0.003789 0.010612 -0.023902
v 0.000616 0.007590 -0.003980
v 0.000001 0.012623 -0.026697
v 0.000772 0.007964 -0.003583
v 0.000001 0.010612 -0.024200
v 0.000001 0.007799 -0.003460
v -0.003788 0.010612 -0.023902
v 0.000001 0.007502 -0.003857
v -0.004185 0.012623 -0.026408
v -0.000614 0.007590 -0.003980
v -0.005593 0.010612 -0.023468
v -0.000771 0.007964 -0.003583
v -0.006665 0.012627 -0.025759
v -0.001320 0.008284 -0.003916
v -0.007189 0.012627 -0.025506
v -0.001136 0.007799 -0.004328
v -0.006339 0.010612 -0.023195
v -0.001484 0.008099 -0.004850
v -0.007520 0.012621 -0.025089
v -0.001759 0.008825 -0.004551
v -0.006913 0.010592 -0.022580
v -0.001606 0.008442 -0.005465
v -0.010222 0.012553 -0.019520
v -0.001897 0.009367 -0.005310
v -0.008304 0.010515 -0.019928
v -0.001484 0.008777 -0.006080
v -0.008335 0.010489 -0.018684
v -0.001780 0.009823 -0.006031
v -0.010339 0.012518 -0.018788
v -0.001068 0.009837 -0.008028
v -0.010076 0.012471 -0.018154
v -0.001439 0.010684 -0.007404
v -0.007913 0.010425 -0.017404
v -0.001582 0.010951 -0.008053
v -0.006324 0.011974 -0.013762
v -0.001126 0.009863 -0.008734
v -0.001900 0.011076 -0.008581
v -0.001310 0.009479 -0.009289
v -0.005276 0.010085 -0.014295
v -0.001141 0.008875 -0.009544
v -0.005276 0.008977 -0.014295
v -0.001141 0.007390 -0.009544
v -0.007913 0.009738 -0.017404
v -0.007913 0.010425 -0.017404
v -0.021533 0.010515 0.001751
v -0.023625 0.009905 -0.000391
v -0.023625 0.010592 -0.000391
v -0.024033 0.009925 -0.001127
v -0.021533 0.009828 0.001751
v -0.020360 0.010489 0.002165
v -0.020360 0.009802 0.002165
v -0.019012 0.010425 0.002159
v -0.019012 0.009738 0.002159
v -0.015240 0.010085 0.000612
v -0.009445 0.008875 -0.001852
v -0.015240 0.008977 0.000612
v -0.009445 0.007390 -0.001852
v -0.009184 0.012627 0.024890
v -0.008551 0.012623 0.026336
v -0.007961 0.012623 0.026477
v -0.009757 0.012627 0.024787
v -0.008671 0.012621 0.024746
v -0.012563 0.012623 0.024674
v -0.003212 0.012553 0.021829
v -0.012145 0.012623 0.023853
v -0.001897 0.012623 0.022982
v -0.016266 0.012623 0.022405
v -0.001687 0.012612 0.022735
v -0.015700 0.012623 0.021626
v -0.002687 0.012518 0.021306
v -0.018917 0.012623 0.018933
v -0.001662 0.012582 0.022374
v -0.019568 0.012623 0.019584
v -0.002528 0.012471 0.020639
v -0.020543 0.012627 0.016950
v -0.002248 0.011944 0.014972
v -0.022388 0.012623 0.016282
v -0.002981 0.011974 0.014880
v -0.020818 0.012627 0.016437
v -0.002793 0.011046 0.008076
v -0.022705 0.012623 0.015764
v -0.003515 0.011076 0.008088
v -0.020840 0.012621 0.015905
v -0.003462 0.010951 0.007473
v -0.019752 0.012553 0.009812
v -0.002710 0.010940 0.007606
v -0.021255 0.012623 0.008917
v -0.003196 0.010684 0.006865
v -0.021085 0.012612 0.008642
v -0.002421 0.010734 0.007199
v -0.019417 0.012518 0.009150
v -0.002113 0.009823 0.005955
v -0.020749 0.012582 0.008506
v -0.018832 0.012471 0.008793
v -0.013529 0.011944 0.006776
v -0.011979 0.010085 -0.009425
v -0.008444 0.009479 -0.004106
v -0.014121 0.009738 -0.012894
v -0.011148 0.011974 -0.010257
v -0.014121 0.010425 -0.012894
v -0.007589 0.011076 -0.004449
v -0.014166 0.012471 -0.015182
v -0.007973 0.009863 -0.003760
v -0.015208 0.010489 -0.013691
v -0.007184 0.010951 -0.003982
v -0.014688 0.012518 -0.015629
v -0.007320 0.009837 -0.003487
v -0.015421 0.012553 -0.015743
v -0.006611 0.010684 -0.003646
v -0.016401 0.010515 -0.014045
v -0.005200 0.009823 -0.003546
v -0.005338 0.008777 -0.003280
v -0.004478 0.009367 -0.003435
v -0.019352 0.010592 -0.013542
v 0.001287 0.007544 -0.004722
v 0.001287 0.006645 -0.004722
v 0.001287 0.006645 -0.006207
v 0.001287 0.007544 -0.006207
v -0.001285 0.007544 -0.006207
v -0.001285 0.006645 -0.004722
v -0.001285 0.007544 -0.004722
v -0.001285 0.006645 -0.006207
v 0.004904 0.006645 -0.000225
v 0.006317 0.006645 -0.000684
v 0.004904 0.007544 -0.000225
v 0.006317 0.007544 -0.000684
v 0.005522 0.007544 -0.003130
v 0.004109 0.006645 -0.002672
v 0.004109 0.007544 -0.002672
v 0.005522 0.006645 -0.003130
v 0.001745 0.007544 0.004605
v 0.002618 0.006645 0.005806
v 0.002618 0.007544 0.005806
v 0.001745 0.006645 0.004605
v 0.004699 0.007544 0.004294
v 0.004699 0.006645 0.004294
v 0.003826 0.006645 0.003093
v 0.003826 0.007544 0.003093
v -0.004698 0.007544 0.004294
v -0.003825 0.007544 0.003093
v -0.004698 0.006645 0.004294
v -0.003825 0.006645 0.003093
v -0.002617 0.007544 0.005806
v -0.002617 0.006645 0.005806
v -0.001744 0.006645 0.004605
v -0.001744 0.007544 0.004605
v -0.004108 0.007544 -0.002672
v -0.005520 0.006645 -0.003130
v -0.005520 0.007544 -0.003130
v -0.004108 0.006645 -0.002672
v -0.006315 0.006645 -0.000684
v -0.004903 0.006645 -0.000225
v -0.006315 0.007544 -0.000684
v -0.004903 0.007544 -0.000225
v -0.022427 0.012623 0.005308
v -0.022581 0.011814 0.005894
v -0.022252 0.011771 0.006115
v -0.022129 0.012612 0.005431
v -0.027626 0.012623 0.000621
v -0.027606 0.012456 0.000874
v -0.021909 0.011721 0.006150
v -0.021777 0.012582 0.005343
v -0.026207 0.011802 0.002678
v -0.014918 0.011944 0.002499
v -0.014640 0.010256 0.003650
v -0.010107 0.009009 0.002067
v -0.008528 0.011046 -0.000151
v -0.009676 0.008901 0.002039
v -0.008056 0.010940 -0.000216
v -0.009319 0.008825 0.002199
v -0.007580 0.010734 -0.000067
v -0.008643 0.008693 0.002627
v -0.006008 0.009606 0.001230
v -0.008521 0.008676 0.002785
v -0.005704 0.009400 0.001869
v -0.008527 0.008693 0.002984
v -0.005574 0.009606 0.002565
v -0.006083 0.010734 0.004538
v -0.008822 0.008825 0.003728
v 0.006544 0.007390 0.007079
v 0.006204 0.007382 0.004523
v 0.007293 0.007382 0.002385
v -0.009445 0.007390 -0.001852
v -0.007667 0.007382 0.000016
v -0.012680 0.008977 0.008492
v -0.007291 0.007382 -0.002354
v -0.015240 0.008977 0.000612
v -0.009103 0.007382 -0.002942
v -0.016641 0.009738 0.009457
v -0.019012 0.009738 0.002159
v -0.017735 0.009802 0.010245
v -0.020360 0.009802 0.002165
v -0.018441 0.009828 0.011269
v -0.021533 0.009828 0.001751
v -0.008739 0.007390 -0.004025
v -0.018874 0.009905 0.014232
v -0.006202 0.007382 -0.004491
v -0.004506 0.007382 -0.006187
v -0.023625 0.009905 -0.000391
v -0.001141 0.007390 -0.009544
v -0.002369 0.007382 -0.007276
v 0.000001 0.007382 -0.007652
v -0.005276 0.008977 -0.014295
v 0.000001 0.007382 -0.009556
v -0.011979 0.008977 -0.009425
v -0.007913 0.009738 -0.017404
v -0.014121 0.009738 -0.012894
v -0.008335 0.009802 -0.018684
v -0.015208 0.009802 -0.013691
v -0.008304 0.009828 -0.019928
v -0.016401 0.009828 -0.014045
v -0.006913 0.009905 -0.022580
v 0.001142 0.007390 -0.009544
v 0.002370 0.007382 -0.007276
v 0.004508 0.007382 -0.006187
v 0.008740 0.007390 -0.004024
v 0.006204 0.007382 -0.004491
v 0.007293 0.007382 -0.002354
v 0.011980 0.008977 -0.009425
v 0.009104 0.007382 -0.002942
v 0.005277 0.008977 -0.014295
v 0.014123 0.009738 -0.012894
v 0.007914 0.009738 -0.017404
v 0.008336 0.009802 -0.018684
v 0.015210 0.009802 -0.013691
v 0.016402 0.009828 -0.014045
v 0.008305 0.009828 -0.019928
v 0.019354 0.009905 -0.013542
v 0.009446 0.007390 -0.001852
v 0.007668 0.007382 0.000016
v 0.015242 0.008977 0.000612
v 0.012681 0.008977 0.008492
v 0.019013 0.009738 0.002159
v 0.016642 0.009738 0.009457
v 0.020362 0.009802 0.002165
v 0.017736 0.009802 0.010245
v 0.018442 0.009828 0.011269
v 0.021535 0.009828 0.001751
v 0.018875 0.009905 0.014232
v 0.023627 0.009905 -0.000391
v 0.023030 0.009925 0.007499
v 0.021576 0.009925 0.011009
v 0.023918 0.009925 0.003804
v 0.019591 0.009925 0.014249
v 0.018773 0.009925 0.015068
v 0.018329 0.009925 0.015726
v 0.024216 0.009925 0.000016
v 0.024035 0.009925 -0.001127
v 0.024063 0.009925 -0.001921
v 0.004148 0.008284 0.000057
v 0.005087 0.008099 -0.000076
v 0.004483 0.007799 -0.000246
v 0.003991 0.007590 -0.000634
v 0.003662 0.007964 -0.000363
v 0.003306 0.007799 -0.001058
v 0.003684 0.007502 -0.001181
v 0.003611 0.007590 -0.001804
v 0.003185 0.007964 -0.001830
v 0.003331 0.008284 -0.002455
v 0.003781 0.007799 -0.002407
v 0.004169 0.008099 -0.002900
v 0.003800 0.008825 -0.003069
v 0.004716 0.008442 -0.003206
v -0.003798 0.008825 -0.003069
v -0.004715 0.008442 -0.003207
v -0.004168 0.008099 -0.002900
v -0.003330 0.008284 -0.002455
v -0.003780 0.007799 -0.002407
v -0.003609 0.007590 -0.001804
v -0.003184 0.007964 -0.001830
v -0.003305 0.007799 -0.001058
v -0.003683 0.007502 -0.001181
v -0.003990 0.007590 -0.000634
v -0.003660 0.007964 -0.000363
v -0.004146 0.008284 0.000057
v -0.004482 0.007799 -0.000246
v -0.005086 0.008099 -0.000076
v 0.002847 0.007590 0.002887
v 0.002044 0.007799 0.002828
v 0.002277 0.007502 0.003149
v -0.002042 0.007799 0.002828
v -0.002846 0.007590 0.002887
v -0.002276 0.007502 0.003149
v 0.011797 0.012582 -0.019049
v 0.012678 0.011771 -0.019263
v 0.011990 0.012612 -0.019357
v -0.011988 0.012612 -0.019357
v -0.012676 0.011771 -0.019263
v -0.011796 0.012582 -0.019049
v 0.020117 0.009925 -0.013186
v 0.019591 0.009925 -0.014217
v 0.017123 0.009925 -0.017107
v 0.014234 0.009925 -0.019575
v 0.006914 0.009905 -0.022580
v 0.010994 0.009925 -0.021560
v 0.007483 0.009925 -0.023014
v 0.006340 0.009925 -0.023195
v 0.005594 0.009925 -0.023468
v -0.006339 0.009925 -0.023195
v -0.007482 0.009925 -0.023014
v -0.005593 0.009925 -0.023468
v -0.010993 0.009925 -0.021560
v -0.014233 0.009925 -0.019575
v -0.019352 0.009905 -0.013542
v -0.017122 0.009925 -0.017107
v -0.019590 0.009925 -0.014217
v -0.020115 0.009925 -0.013186
v -0.020605 0.009925 -0.012561
v -0.023135 0.009756 0.000016
v -0.023916 0.009756 0.003804
v -0.022850 0.009756 0.003635
v -0.022003 0.009756 0.007165
v -0.024214 0.009756 0.000016
v -0.023029 0.009756 0.007499
v -0.023916 0.009756 -0.003772
v -0.020613 0.009756 0.010519
v -0.022850 0.009756 -0.003604
v -0.021575 0.009756 0.011009
v -0.022003 0.009756 -0.007133
v -0.018717 0.009756 0.013614
v -0.023029 0.009756 -0.007467
v -0.019590 0.009756 0.014249
v -0.021575 0.009756 -0.010978
v -0.016359 0.009756 0.016375
v -0.020613 0.009756 -0.010488
v -0.017122 0.009756 0.017138
v -0.018717 0.009756 -0.013583
v -0.013598 0.009756 0.018733
v -0.019590 0.009756 -0.014217
v -0.014233 0.009756 0.019606
v -0.017122 0.009756 -0.017107
v -0.010993 0.009756 0.021592
v -0.016359 0.009756 -0.016344
v -0.010503 0.009756 0.020630
v -0.014233 0.009756 -0.019575
v -0.007482 0.009756 0.023046
v -0.013598 0.009756 -0.018701
v -0.007149 0.009756 0.022019
v -0.010993 0.009756 -0.021560
v -0.003787 0.009756 0.023933
v -0.010503 0.009756 -0.020598
v -0.003619 0.009756 0.022867
v -0.007482 0.009756 -0.023014
v 0.000001 0.009756 0.024231
v -0.007149 0.009756 -0.021988
v 0.000001 0.009756 0.023152
v -0.003787 0.009756 -0.023901
v 0.003620 0.009756 0.022867
v -0.003619 0.009756 -0.022835
v 0.003789 0.009756 0.023933
v 0.000001 0.009756 -0.023120
v 0.007150 0.009756 0.022019
v 0.000001 0.009756 -0.024199
v 0.007483 0.009756 0.023046
v 0.003620 0.009756 -0.022835
v 0.010504 0.009756 0.020630
v 0.003789 0.009756 -0.023901
v 0.010994 0.009756 0.021592
v 0.007483 0.009756 -0.023014
v 0.013599 0.009756 0.018733
v 0.007150 0.009756 -0.021988
v 0.014234 0.009756 0.019606
v 0.010994 0.009756 -0.021560
v 0.016360 0.009756 0.016375
v 0.010504 0.009756 -0.020598
v 0.017123 0.009756 0.017138
v 0.013599 0.009756 -0.018701
v 0.019591 0.009756 0.014249
v 0.014234 0.009756 -0.019575
v 0.018718 0.009756 0.013614
v 0.016360 0.009756 -0.016344
v 0.021576 0.009756 0.011009
v 0.017123 0.009756 -0.017107
v 0.020615 0.009756 0.010519
v 0.018718 0.009756 -0.013583
v 0.023030 0.009756 0.007499
v 0.019591 0.009756 -0.014218
v 0.022004 0.009756 0.007165
v 0.021576 0.009756 -0.010978
v 0.023918 0.009756 0.003804
v 0.020615 0.009756 -0.010488
v 0.022852 0.009756 0.003635
v 0.023030 0.009756 -0.007467
v 0.023137 0.009756 0.000016
v 0.022004 0.009756 -0.007133
v 0.024216 0.009756 0.000016
v 0.022852 0.009756 -0.003604
v 0.023918 0.009756 -0.003772
v 0.022429 0.012623 0.005308
v 0.022583 0.011814 0.005894
v 0.022253 0.011771 0.006115
v 0.022130 0.012612 0.005431
v 0.027627 0.012623 0.000621
v 0.027608 0.012456 0.000874
v 0.021910 0.011721 0.006150
v 0.026208 0.011802 0.002678
v 0.021778 0.012582 0.005344
v 0.014920 0.011944 0.002499
v 0.014641 0.010256 0.003650
v 0.010109 0.009009 0.002067
v 0.008530 0.011046 -0.000151
v 0.009678 0.008901 0.002039
v 0.008057 0.010940 -0.000216
v 0.009320 0.008825 0.002199
v 0.007581 0.010734 -0.000067
v 0.008644 0.008693 0.002627
v 0.006010 0.009606 0.001230
v 0.008522 0.008676 0.002785
v 0.005706 0.009400 0.001869
v 0.006803 0.011046 0.005164
v 0.013216 0.011974 0.007444
v 0.013530 0.011944 0.006776
v 0.018833 0.012471 0.008793
v 0.020750 0.012582 0.008506
v 0.019419 0.012518 0.009150
v 0.021087 0.012612 0.008642
v 0.019754 0.012553 0.009812
v 0.021256 0.012623 0.008917
v 0.022707 0.012623 0.015764
v 0.020841 0.012621 0.015905
v 0.020819 0.012627 0.016437
v 0.022390 0.012623 0.016282
v 0.020544 0.012627 0.016950
v 0.019569 0.012623 0.019585
v 0.018918 0.012623 0.018933
v 0.016267 0.012623 0.022405
v 0.015702 0.012623 0.021626
v 0.012146 0.012623 0.023853
v 0.012565 0.012623 0.024674
v 0.009758 0.012627 0.024787
v 0.008552 0.012623 0.026336
v 0.009185 0.012627 0.024890
v 0.007962 0.012623 0.026477
v 0.008672 0.012621 0.024746
v 0.003214 0.012553 0.021829
v 0.001898 0.012623 0.022982
v 0.001688 0.012612 0.022735
v 0.002688 0.012518 0.021306
v 0.001663 0.012582 0.022374
v 0.002529 0.012471 0.020639
v 0.002249 0.011944 0.014972
v 0.002982 0.011974 0.014880
v 0.002795 0.011046 0.008076
v 0.003516 0.011076 0.008089
v 0.003463 0.010951 0.007473
v 0.002711 0.010940 0.007606
v 0.003197 0.010684 0.006865
v 0.002422 0.010734 0.007199
v 0.002115 0.009823 0.005955
v 0.000703 0.009606 0.006106
v 0.001596 0.009367 0.005440
v 0.001261 0.008825 0.004745
v 0.000480 0.007562 0.003130
v 0.001243 0.008284 0.003973
v 0.000968 0.007566 0.003013
v 0.000001 0.009400 0.006014
v 0.000001 0.007558 0.003171
v -0.000479 0.007562 0.003130
v -0.000701 0.009606 0.006106
v -0.001260 0.008825 0.004745
v -0.001594 0.009367 0.005440
v -0.014813 0.011814 -0.018014
v -0.014719 0.012612 -0.017373
v -0.014416 0.011771 -0.017998
v -0.014119 0.011721 -0.017825
v -0.014486 0.012582 -0.017095
v -0.009708 0.010256 -0.011529
v -0.010609 0.011944 -0.010763
v -0.006971 0.009009 -0.007585
v -0.006997 0.011046 -0.004863
v -0.006639 0.008901 -0.007309
v -0.006654 0.010940 -0.004532
v -0.006256 0.008825 -0.007228
v -0.006180 0.010734 -0.004373
v -0.005457 0.008693 -0.007177
v -0.004147 0.009606 -0.004499
v -0.003525 0.009400 -0.004837
v -0.005266 0.008676 -0.007233
v -0.003011 0.009606 -0.005324
v -0.005154 0.008693 -0.007398
v -0.002263 0.010734 -0.007219
v -0.004955 0.008825 -0.008173
v -0.002268 0.010940 -0.007718
v -0.004914 0.008901 -0.008562
v -0.002477 0.011046 -0.008147
v -0.005074 0.009009 -0.008964
v -0.006971 0.011944 -0.013406
v -0.007980 0.010256 -0.012785
v -0.012604 0.011721 -0.018926
v -0.006381 0.010940 0.004939
v -0.009017 0.008901 0.004067
v -0.006802 0.011046 0.005164
v -0.009383 0.009009 0.004298
v -0.013529 0.011944 0.006776
v -0.013979 0.010256 0.005681
v -0.020749 0.012582 0.008506
v -0.021330 0.011721 0.007931
v -0.021085 0.012612 0.008642
v -0.021587 0.011771 0.008161
v -0.021724 0.011814 0.008533
v -0.021255 0.012623 0.008917
v -0.021773 0.011840 0.008845
v -0.022650 0.012348 0.014365
v -0.022705 0.012623 0.015764
v -0.022838 0.012456 0.015549
v -0.022766 0.011802 0.013266
v -0.022215 0.011475 0.009764
v -0.024033 0.009925 -0.001127
v -0.024214 0.009925 0.000016
v -0.024062 0.009925 -0.001921
v -0.023916 0.009925 0.003804
v -0.023029 0.009925 0.007499
v -0.021575 0.009925 0.011009
v -0.019590 0.009925 0.014249
v -0.018771 0.009925 0.015067
v -0.018328 0.009925 0.015726
v -0.004506 0.004690 0.006219
v -0.002369 0.004690 0.007308
v -0.002369 0.007382 0.007308
v 0.000001 0.004690 0.007683
v -0.004506 0.007382 0.006219
v 0.000001 0.007382 0.007683
v -0.006202 0.004690 0.004522
v 0.002370 0.007382 0.007308
v -0.006202 0.007382 0.004522
v 0.002370 0.004690 0.007308
v -0.007291 0.004690 0.002385
v 0.004508 0.004690 0.006219
v -0.007291 0.007382 0.002385
v 0.004508 0.007382 0.006219
v -0.007667 0.007382 0.000016
v 0.006204 0.007382 0.004523
v -0.007667 0.004690 0.000016
v 0.006204 0.004690 0.004523
v -0.007291 0.004690 -0.002354
v 0.007293 0.004690 0.002385
v -0.007291 0.007382 -0.002354
v 0.007293 0.007382 0.002385
v -0.006202 0.007382 -0.004491
v 0.007668 0.007382 0.000016
v -0.006202 0.004690 -0.004491
v 0.007668 0.004690 0.000016
v -0.004506 0.004690 -0.006187
v 0.007293 0.004690 -0.002354
v -0.004506 0.007382 -0.006187
v 0.007293 0.007382 -0.002354
v -0.002369 0.007382 -0.007276
v 0.006204 0.007382 -0.004491
v -0.002369 0.004690 -0.007276
v 0.006204 0.004690 -0.004491
v 0.000001 0.004690 -0.007652
v 0.004508 0.004690 -0.006187
v 0.000001 0.007382 -0.007652
v 0.004508 0.007382 -0.006187
v 0.002370 0.007382 -0.007276
v 0.002370 0.004690 -0.007276
v 0.006999 0.011046 -0.004863
v 0.007185 0.010951 -0.003982
v 0.007590 0.011076 -0.004449
v 0.003150 0.007566 0.000022
v 0.003662 0.007964 -0.000363
v 0.003116 0.007569 -0.000430
v 0.011149 0.011974 -0.010257
v 0.004148 0.008284 0.000057
v 0.010611 0.011944 -0.010763
v 0.014168 0.012471 -0.015182
v 0.014488 0.012582 -0.017095
v 0.014689 0.012518 -0.015629
v 0.014720 0.012612 -0.017373
v 0.015422 0.012553 -0.015743
v 0.015035 0.012623 -0.017449
v 0.021995 0.012623 -0.016712
v 0.021552 0.012621 -0.014895
v 0.022052 0.012627 -0.014709
v 0.022390 0.012623 -0.016251
v 0.022454 0.012627 -0.014289
v 0.024659 0.012623 -0.012548
v 0.023838 0.012623 -0.012130
v 0.026320 0.012623 -0.008536
v 0.025406 0.012623 -0.008239
v 0.026424 0.012623 -0.004169
v 0.027334 0.012623 -0.004314
v 0.026574 0.012627 -0.001609
v 0.027675 0.012623 0.000016
v 0.026495 0.012627 -0.001033
v 0.027627 0.012623 0.000621
v 0.026200 0.012621 -0.000589
v 0.021740 0.012553 0.003701
v 0.022429 0.012623 0.005308
v 0.022130 0.012612 0.005431
v 0.021079 0.012518 0.004039
v 0.021778 0.012582 0.005344
v 0.020395 0.012471 0.003984
v 0.014920 0.011944 0.002499
v 0.015058 0.011974 0.001774
v 0.008530 0.011046 -0.000151
v 0.008765 0.011076 -0.000833
v 0.008163 0.010951 -0.000973
v 0.008057 0.010940 -0.000216
v 0.007502 0.010684 -0.000908
v 0.007581 0.010734 -0.000067
v 0.006302 0.009823 -0.000159
v 0.006010 0.009606 0.001230
v 0.005652 0.009367 0.000175
v 0.004888 0.008825 0.000279
v 0.003111 0.007562 0.000523
v 0.005706 0.009400 0.001869
v 0.003001 0.007558 0.000991
v 0.002815 0.007562 0.001434
v 0.005576 0.009606 0.002565
v 0.004109 0.008825 0.002676
v 0.003380 0.008284 0.002420
v 0.004667 0.009367 0.003209
v 0.002552 0.007566 0.001862
v 0.004996 0.009823 0.003861
v 0.002740 0.007964 0.002474
v 0.006084 0.010734 0.004538
v 0.002259 0.007569 0.002208
v 0.005527 0.010684 0.005173
v 0.002044 0.007799 0.002828
v 0.006382 0.010940 0.004939
v 0.001852 0.007565 0.002564
v 0.006023 0.010951 0.005613
v 0.001387 0.007569 0.002841
v 0.001492 0.007964 0.003381
v 0.006592 0.011076 0.005854
v -0.002268 0.010940 -0.007718
v -0.001439 0.010684 -0.007404
v -0.001582 0.010951 -0.008053
v 0.000001 0.007565 -0.003134
v 0.000540 0.007569 -0.003085
v 0.000001 0.007799 -0.003460
v -0.002477 0.011046 -0.008147
v 0.000772 0.007964 -0.003583
v -0.001900 0.011076 -0.008581
v 0.000980 0.007566 -0.002977
v -0.006324 0.011974 -0.013762
v 0.001322 0.008284 -0.003916
v -0.006971 0.011944 -0.013406
v -0.010076 0.012471 -0.018154
v -0.011796 0.012582 -0.019049
v -0.010339 0.012518 -0.018788
v -0.011988 0.012612 -0.019357
v -0.010222 0.012553 -0.019520
v -0.011963 0.012623 -0.019679
v -0.009112 0.012623 -0.026072
v -0.007520 0.012621 -0.025089
v -0.007189 0.012627 -0.025506
v -0.008551 0.012623 -0.026304
v -0.006665 0.012627 -0.025759
v -0.004328 0.012623 -0.027318
v -0.004185 0.012623 -0.026408
v 0.000001 0.012623 -0.027659
v 0.000001 0.012623 -0.026697
v 0.004186 0.012623 -0.026408
v 0.004330 0.012623 -0.027318
v 0.006667 0.012627 -0.025759
v 0.008552 0.012623 -0.026304
v 0.007191 0.012627 -0.025506
v 0.009114 0.012623 -0.026072
v 0.007522 0.012621 -0.025089
v 0.010223 0.012553 -0.019520
v 0.011965 0.012623 -0.019679
v 0.011990 0.012612 -0.019357
v 0.010341 0.012518 -0.018788
v 0.011797 0.012582 -0.019049
v 0.010077 0.012471 -0.018154
v 0.006973 0.011944 -0.013406
v 0.006326 0.011974 -0.013762
v 0.002478 0.011046 -0.008147
v 0.001901 0.011076 -0.008581
v 0.001583 0.010951 -0.008053
v 0.002270 0.010940 -0.007718
v 0.001440 0.010684 -0.007404
v 0.002264 0.010734 -0.007219
v 0.001781 0.009823 -0.006031
v 0.003012 0.009606 -0.005324
v 0.001898 0.009367 -0.005310
v 0.001760 0.008825 -0.004551
v 0.001444 0.007562 -0.002785
v 0.003527 0.009400 -0.004837
v 0.001855 0.007558 -0.002537
v 0.002219 0.007562 -0.002222
v 0.004148 0.009606 -0.004499
v 0.003800 0.008825 -0.003069
v 0.003331 0.008284 -0.002455
v 0.004480 0.009367 -0.003435
v 0.002545 0.007566 -0.001840
v 0.005202 0.009823 -0.003546
v 0.003185 0.007964 -0.001830
v 0.006182 0.010734 -0.004372
v 0.002783 0.007569 -0.001455
v 0.006613 0.010684 -0.003646
v 0.003306 0.007799 -0.001058
v 0.006655 0.010940 -0.004532
v 0.002996 0.007565 -0.000957
v -0.007501 0.010684 -0.000908
v -0.007580 0.010734 -0.000067
v -0.006301 0.009823 -0.000159
v -0.003305 0.007799 -0.001058
v -0.003660 0.007964 -0.000363
v -0.003115 0.007569 -0.000430
v -0.008056 0.010940 -0.000216
v -0.002995 0.007565 -0.000957
v -0.008162 0.010951 -0.000973
v -0.002782 0.007569 -0.001455
v -0.008528 0.011046 -0.000151
v -0.003184 0.007964 -0.001830
v -0.008763 0.011076 -0.000833
v -0.002543 0.007566 -0.001840
v -0.015057 0.011974 0.001774
v -0.003330 0.008284 -0.002455
v -0.014918 0.011944 0.002499
v -0.020394 0.012471 0.003984
v -0.021777 0.012582 0.005343
v -0.021078 0.012518 0.004039
v -0.022129 0.012612 0.005431
v -0.021738 0.012553 0.003701
v -0.022427 0.012623 0.005308
v -0.027626 0.012623 0.000621
v -0.026199 0.012621 -0.000589
v -0.026494 0.012627 -0.001033
v -0.027674 0.012623 0.000016
v -0.026573 0.012627 -0.001609
v -0.027333 0.012623 -0.004314
v -0.026423 0.012623 -0.004169
v -0.026319 0.012623 -0.008536
v -0.025404 0.012623 -0.008239
v -0.023836 0.012623 -0.012130
v -0.024658 0.012623 -0.012548
v -0.022453 0.012627 -0.014289
v -0.022388 0.012623 -0.016251
v -0.022050 0.012627 -0.014709
v -0.021994 0.012623 -0.016713
v -0.021551 0.012621 -0.014895
v -0.015421 0.012553 -0.015743
v -0.015033 0.012623 -0.017449
v -0.014719 0.012612 -0.017373
v -0.014688 0.012518 -0.015629
v -0.014486 0.012582 -0.017095
v -0.014166 0.012471 -0.015182
v -0.010609 0.011944 -0.010763
v -0.011148 0.011974 -0.010257
v -0.006997 0.011046 -0.004863
v -0.007589 0.011076 -0.004449
v -0.007184 0.010951 -0.003982
v -0.006654 0.010940 -0.004532
v -0.006611 0.010684 -0.003646
v -0.006180 0.010734 -0.004373
v -0.005200 0.009823 -0.003546
v -0.004147 0.009606 -0.004499
v -0.004478 0.009367 -0.003435
v -0.003798 0.008825 -0.003069
v -0.002218 0.007562 -0.002222
v -0.003525 0.009400 -0.004837
v -0.001854 0.007558 -0.002537
v -0.001442 0.007562 -0.002785
v -0.003011 0.009606 -0.005324
v -0.001759 0.008825 -0.004551
v -0.001320 0.008284 -0.003916
v -0.001897 0.009367 -0.005310
v -0.000978 0.007566 -0.002977
v -0.001780 0.009823 -0.006031
v -0.000771 0.007964 -0.003583
v -0.002263 0.010734 -0.007219
v -0.000538 0.007569 -0.003085
v 0.020606 0.009925 -0.012561
v 0.004062 0.008099 0.003079
v 0.004522 0.006645 0.003505
v 0.004522 0.008442 0.003505
v -0.001386 0.011814 0.023309
v -0.001687 0.012612 0.022735
v -0.001075 0.011771 0.023064
v -0.000935 0.011721 0.022749
v -0.001662 0.012582 0.022374
v -0.001068 0.010256 0.015063
v -0.002248 0.011944 0.014972
v -0.001172 0.009009 0.010263
v -0.002793 0.011046 0.008076
v -0.001066 0.008901 0.009844
v -0.002710 0.010940 0.007606
v -0.000803 0.008825 0.009553
v -0.002421 0.010734 0.007199
v -0.000187 0.008693 0.009043
v -0.000701 0.009606 0.006106
v 0.000001 0.008676 0.008976
v 0.000001 0.009400 0.006014
v 0.001388 0.011814 0.023309
v 0.001688 0.012612 0.022735
v 0.001076 0.011771 0.023064
v 0.000937 0.011721 0.022749
v 0.001663 0.012582 0.022374
v 0.001069 0.010256 0.015063
v 0.002249 0.011944 0.014972
v 0.001173 0.009009 0.010263
v 0.002795 0.011046 0.008076
v 0.001067 0.008901 0.009844
v 0.002711 0.010940 0.007606
v 0.000805 0.008825 0.009553
v 0.002422 0.010734 0.007199
v 0.000188 0.008693 0.009043
v 0.000703 0.009606 0.006106
v 0.000001 0.008676 0.008976
v 0.000001 0.009400 0.006014
v 0.021725 0.011814 0.008533
v 0.021087 0.012612 0.008642
v 0.021588 0.011771 0.008161
v 0.021332 0.011721 0.007931
v 0.020750 0.012582 0.008506
v 0.013981 0.010256 0.005681
v 0.013530 0.011944 0.006776
v 0.009384 0.009009 0.004298
v 0.006803 0.011046 0.005164
v 0.009018 0.008901 0.004067
v 0.006382 0.010940 0.004939
v 0.008823 0.008825 0.003728
v 0.008528 0.008693 0.002984
v 0.006084 0.010734 0.004538
v 0.005576 0.009606 0.002565
v 0.008522 0.008676 0.002785
v 0.005706 0.009400 0.001869
v 0.014814 0.011814 -0.018013
v 0.014720 0.012612 -0.017373
v 0.014418 0.011771 -0.017998
v 0.014120 0.011721 -0.017825
v 0.014488 0.012582 -0.017095
v 0.009709 0.010256 -0.011529
v 0.010611 0.011944 -0.010763
v 0.006973 0.009009 -0.007585
v 0.006999 0.011046 -0.004863
v 0.006640 0.008901 -0.007309
v 0.006655 0.010940 -0.004532
v 0.006257 0.008825 -0.007228
v 0.006182 0.010734 -0.004372
v 0.005458 0.008693 -0.007177
v 0.004148 0.009606 -0.004499
v 0.005267 0.008676 -0.007233
v 0.003527 0.009400 -0.004837
v 0.006056 0.009863 0.006432
v 0.006592 0.011076 0.005854
v 0.006023 0.010951 0.005613
v 0.005594 0.009837 0.005895
v 0.005527 0.010684 0.005173
v 0.004996 0.009823 0.003861
v 0.004785 0.008777 0.004075
v 0.004667 0.009367 0.003209
v 0.004785 0.006645 0.004075
v 0.004109 0.008825 0.002676
v 0.004062 0.006645 0.003079
v 0.003380 0.008284 0.002420
v 0.003474 0.007799 0.002862
v 0.002740 0.007964 0.002474
v 0.001852 0.007590 0.003610
v 0.001492 0.007964 0.003381
v 0.001243 0.008284 0.003973
v 0.001635 0.007799 0.004198
v 0.001659 0.008099 0.004825
v 0.001261 0.008825 0.004745
v 0.001922 0.008442 0.005394
v 0.001922 0.006645 0.005394
v 0.001596 0.009367 0.005440
v 0.002382 0.008777 0.005820
v 0.002382 0.006645 0.005820
v 0.002115 0.009823 0.005955
v 0.005155 0.008693 -0.007398
v 0.003012 0.009606 -0.005324
v 0.005267 0.008676 -0.007233
v 0.003527 0.009400 -0.004837
v 0.002264 0.010734 -0.007219
v 0.004957 0.008825 -0.008173
v 0.002270 0.010940 -0.007718
v 0.004915 0.008901 -0.008562
v 0.002478 0.011046 -0.008147
v 0.005075 0.009009 -0.008964
v 0.006973 0.011944 -0.013406
v 0.007981 0.010256 -0.012785
v 0.012605 0.011721 -0.018926
v -0.005708 0.008442 -0.000149
v -0.004886 0.008825 0.000279
v 0.024886 0.012354 0.010010
v 0.025461 0.012623 0.010006
v 0.024997 0.012623 0.009682
v -0.024885 0.012354 0.010010
v -0.024996 0.012623 0.009681
v -0.025460 0.012623 0.010006
v 0.001387 0.007569 0.002841
v 0.001852 0.007565 0.002564
v 0.000001 0.007696 0.000016
v 0.002259 0.007569 0.002208
v 0.000968 0.007566 0.003013
v 0.002552 0.007566 0.001862
v 0.000480 0.007562 0.003130
v 0.002815 0.007562 0.001434
v 0.000001 0.007558 0.003171
v 0.003001 0.007558 0.000991
v -0.000479 0.007562 0.003130
v 0.003111 0.007562 0.000523
v -0.000967 0.007566 0.003013
v 0.003150 0.007566 0.000022
v -0.001386 0.007569 0.002841
v 0.003116 0.007569 -0.000430
v -0.001850 0.007565 0.002564
v 0.002996 0.007565 -0.000957
v 0.000001 0.007544 -0.006950
v 0.000001 0.007832 -0.005465
v 0.001287 0.007544 -0.006207
v 0.001287 0.007544 -0.004722
v -0.001285 0.007544 -0.006207
v 0.000001 0.007544 -0.003980
v -0.001285 0.007544 -0.004722
v 0.006626 0.007544 -0.002137
v 0.005213 0.007832 -0.001678
v 0.006317 0.007544 -0.000684
v 0.004904 0.007544 -0.000225
v 0.005522 0.007544 -0.003130
v 0.003801 0.007544 -0.001219
v 0.004109 0.007544 -0.002672
v 0.004095 0.007544 0.005651
v 0.003222 0.007832 0.004450
v 0.002618 0.007544 0.005806
v 0.001745 0.007544 0.004605
v 0.004699 0.007544 0.004294
v 0.002349 0.007544 0.003248
v 0.003826 0.007544 0.003093
v -0.004094 0.007544 0.005651
v -0.003221 0.007832 0.004450
v -0.004698 0.007544 0.004294
v -0.003825 0.007544 0.003093
v -0.002617 0.007544 0.005806
v -0.002348 0.007544 0.003248
v -0.001744 0.007544 0.004605
v -0.006624 0.007544 -0.002137
v -0.005212 0.007832 -0.001678
v -0.005520 0.007544 -0.003130
v -0.004108 0.007544 -0.002672
v -0.006315 0.007544 -0.000684
v -0.003799 0.007544 -0.001219
v -0.004903 0.007544 -0.000225
v -0.002258 0.007569 0.002208
v 0.002783 0.007569 -0.001455
v -0.002551 0.007566 0.001862
v 0.002545 0.007566 -0.001840
v -0.002813 0.007562 0.001434
v 0.002219 0.007562 -0.002222
v -0.003000 0.007558 0.000991
v 0.001855 0.007558 -0.002537
v -0.003109 0.007562 0.000523
v 0.001444 0.007562 -0.002785
v -0.003149 0.007566 0.000022
v 0.000980 0.007566 -0.002977
v -0.003115 0.007569 -0.000430
v 0.000540 0.007569 -0.003085
v -0.002995 0.007565 -0.000957
v 0.000001 0.007565 -0.003134
v -0.002782 0.007569 -0.001455
v -0.000538 0.007569 -0.003085
v -0.002543 0.007566 -0.001840
v -0.000978 0.007566 -0.002977
v -0.002218 0.007562 -0.002222
v -0.001442 0.007562 -0.002785
v -0.001854 0.007558 -0.002537
v 0.016634 0.011641 -0.019042
v 0.017932 0.011814 -0.019284
v 0.016981 0.011713 -0.019332
v -0.017931 0.011814 -0.019284
v -0.016633 0.011641 -0.019042
v -0.016979 0.011713 -0.019332
v 0.017124 0.010612 0.017139
v 0.015702 0.012623 0.021626
v 0.018918 0.012623 0.018933
v 0.018330 0.010612 0.015727
v 0.020544 0.012627 0.016950
v 0.020819 0.012627 0.016437
v 0.018773 0.010612 0.015068
v 0.020841 0.012621 0.015905
v 0.018875 0.010592 0.014232
v 0.019754 0.012553 0.009812
v 0.018442 0.010515 0.011269
v 0.017736 0.010489 0.010245
v 0.019419 0.012518 0.009150
v 0.018833 0.012471 0.008793
v 0.016642 0.010425 0.009457
v 0.013216 0.011974 0.007444
v 0.012681 0.010085 0.008492
v 0.006530 0.009479 0.006773
v 0.006544 0.008875 0.007079
v 0.012681 0.008977 0.008492
v 0.009255 0.009479 -0.001613
v 0.015058 0.011974 0.001774
v 0.019013 0.010425 0.002159
v 0.008765 0.011076 -0.000833
v 0.020395 0.012471 0.003984
v 0.008671 0.009863 -0.001616
v 0.020362 0.010489 0.002165
v 0.008163 0.010951 -0.000973
v 0.021079 0.012518 0.004039
v 0.007981 0.009837 -0.001453
v 0.021740 0.012553 0.003701
v 0.007502 0.010684 -0.000908
v 0.021535 0.010515 0.001751
v 0.006302 0.009823 -0.000159
v 0.023627 0.010592 -0.000391
v 0.006257 0.008777 -0.000456
v 0.026200 0.012621 -0.000589
v 0.024035 0.010612 -0.001127
v 0.026495 0.012627 -0.001033
v 0.024064 0.010612 -0.001921
v 0.026574 0.012627 -0.001609
v 0.026424 0.012623 -0.004169
v 0.023918 0.010612 -0.003772
v 0.006815 0.009228 -0.001552
v 0.006645 0.009053 -0.000948
v 0.007981 0.009837 -0.001453
v 0.006257 0.008777 -0.000456
v 0.006741 0.009274 -0.002175
v 0.007676 0.009816 -0.002478
v 0.008337 0.009842 -0.002693
v 0.008671 0.009863 -0.001616
v 0.007321 0.009837 -0.003487
v 0.007974 0.009863 -0.003760
v 0.006435 0.009228 -0.002721
v 0.005943 0.009053 -0.003110
v -0.006434 0.009228 -0.002722
v -0.005941 0.009053 -0.003110
v -0.007320 0.009837 -0.003487
v -0.006740 0.009274 -0.002175
v -0.007675 0.009816 -0.002478
v -0.008336 0.009842 -0.002693
v -0.007973 0.009863 -0.003760
v -0.007980 0.009837 -0.001453
v -0.008670 0.009863 -0.001616
v -0.006814 0.009228 -0.001552
v -0.006644 0.009053 -0.000948
v -0.006256 0.008777 -0.000456
v 0.003597 0.009228 0.006012
v 0.002971 0.009053 0.006037
v 0.003864 0.009837 0.007152
v 0.002382 0.008777 0.005820
v 0.004167 0.009274 0.005750
v 0.004744 0.009816 0.006545
v 0.005153 0.009842 0.007107
v 0.004232 0.009863 0.007757
v 0.005594 0.009837 0.005895
v 0.006056 0.009863 0.006432
v 0.004593 0.009228 0.005289
v 0.004809 0.009053 0.004701
v 0.004785 0.008777 0.004075
v 0.000616 0.009228 -0.006950
v 0.001137 0.009053 -0.006601
v 0.001070 0.009837 -0.008028
v 0.001485 0.008777 -0.006080
v 0.000001 0.009274 -0.007072
v 0.000001 0.009816 -0.008055
v 0.000001 0.009842 -0.008749
v 0.001128 0.009863 -0.008734
v -0.001068 0.009837 -0.008028
v -0.001126 0.009863 -0.008734
v -0.000614 0.009228 -0.006950
v -0.001136 0.009053 -0.006601
v -0.001484 0.008777 -0.006080
v 0.005339 0.008777 -0.003280
v 0.004480 0.009367 -0.003435
v -0.003596 0.009228 0.006012
v -0.003863 0.009837 0.007152
v -0.002969 0.009053 0.006037
v -0.002381 0.008777 0.005820
v -0.004165 0.009274 0.005750
v -0.004743 0.009816 0.006545
v -0.005151 0.009842 0.007107
v -0.004231 0.009863 0.007757
v -0.005592 0.009837 0.005895
v -0.006054 0.009863 0.006432
v -0.004591 0.009228 0.005289
v -0.004808 0.009053 0.004701
v -0.004783 0.008777 0.004074
v -0.013215 0.011974 0.007444
v -0.006802 0.011046 0.005164
v -0.006590 0.011076 0.005854
v -0.006022 0.010951 0.005613
v -0.006381 0.010940 0.004939
v -0.005525 0.010684 0.005173
v -0.006083 0.010734 0.004538
v -0.004994 0.009823 0.003861
v -0.005574 0.009606 0.002565
v -0.004665 0.009367 0.003209
v -0.004107 0.008825 0.002676
v -0.002813 0.007562 0.001434
v -0.003379 0.008284 0.002420
v -0.005704 0.009400 0.001869
v -0.002551 0.007566 0.001862
v -0.003000 0.007558 0.000991
v -0.002738 0.007964 0.002474
v -0.002258 0.007569 0.002208
v -0.002042 0.007799 0.002828
v -0.001850 0.007565 0.002564
v -0.001386 0.007569 0.002841
v -0.001491 0.007964 0.003381
v -0.000967 0.007566 0.003013
v -0.001242 0.008284 0.003973
v -0.003109 0.007562 0.000523
v -0.006008 0.009606 0.001230
v -0.004886 0.008825 0.000279
v -0.004146 0.008284 0.000057
v -0.005651 0.009367 0.000175
v -0.003149 0.007566 0.000022
v -0.002381 0.006645 0.005820
v -0.001920 0.006645 0.005394
v -0.001658 0.006645 0.004825
v -0.018917 0.012623 0.018933
v -0.015700 0.012623 0.021626
v -0.017122 0.010612 0.017139
v -0.018328 0.010612 0.015727
v -0.020543 0.012627 0.016950
v -0.020818 0.012627 0.016437
v -0.018771 0.010612 0.015067
v -0.020840 0.012621 0.015905
v -0.018874 0.010592 0.014232
v -0.019752 0.012553 0.009812
v -0.018441 0.010515 0.011269
v -0.017735 0.010489 0.010245
v -0.019417 0.012518 0.009150
v -0.018832 0.012471 0.008793
v -0.016641 0.010425 0.009457
v -0.013215 0.011974 0.007444
v -0.006590 0.011076 0.005854
v -0.006054 0.009863 0.006432
v -0.006022 0.010951 0.005613
v -0.005592 0.009837 0.005895
v -0.005525 0.010684 0.005173
v -0.004994 0.009823 0.003861
v -0.004783 0.008777 0.004074
v -0.004665 0.009367 0.003209
v -0.004521 0.008442 0.003505
v -0.004107 0.008825 0.002676
v -0.004061 0.008099 0.003079
v -0.003379 0.008284 0.002420
v -0.003472 0.007799 0.002862
v -0.002738 0.007964 0.002474
v -0.001850 0.007590 0.003610
v -0.001491 0.007964 0.003381
v -0.001242 0.008284 0.003973
v -0.001633 0.007799 0.004198
v -0.001658 0.008099 0.004825
v -0.001260 0.008825 0.004745
v -0.001920 0.008442 0.005394
v -0.001594 0.009367 0.005440
v -0.002381 0.008777 0.005820
v -0.002113 0.009823 0.005955
v -0.002381 0.006645 0.005820
v -0.001920 0.006645 0.005394
v 0.002382 0.006645 0.005820
v 0.001659 0.006645 0.004825
v 0.001922 0.006645 0.005394
v 0.001635 0.006645 0.004198
v 0.002971 0.006645 0.006037
v 0.001852 0.006645 0.003610
v 0.003597 0.006645 0.006012
v 0.002277 0.006645 0.003149
v 0.004167 0.006646 0.005750
v 0.002847 0.006645 0.002887
v 0.004593 0.006645 0.005289
v 0.004809 0.006645 0.004701
v 0.003474 0.006645 0.002862
v 0.004785 0.006645 0.004075
v 0.004062 0.006645 0.003079
v 0.004522 0.006645 0.003505
v 0.006257 0.006645 -0.000456
v 0.005087 0.006645 -0.000076
v 0.005710 0.006645 -0.000149
v 0.004483 0.006645 -0.000246
v 0.006645 0.006645 -0.000948
v 0.003991 0.006645 -0.000634
v 0.006815 0.006645 -0.001552
v 0.006741 0.006646 -0.002175
v 0.003684 0.006645 -0.001181
v 0.006435 0.006645 -0.002721
v 0.003611 0.006645 -0.001804
v 0.005943 0.006645 -0.003110
v 0.003781 0.006645 -0.002407
v 0.005339 0.006645 -0.003280
v 0.004169 0.006645 -0.002900
v 0.004716 0.006645 -0.003206
v 0.001485 0.006645 -0.006080
v 0.001485 0.006645 -0.004850
v 0.001608 0.006645 -0.005465
v -0.001484 0.006645 -0.006080
v -0.001606 0.006645 -0.005465
v -0.001484 0.006645 -0.004850
v -0.005338 0.006645 -0.003280
v -0.004168 0.006645 -0.002900
v -0.004715 0.006645 -0.003207
v -0.006256 0.006645 -0.000456
v -0.005708 0.006645 -0.000149
v -0.005086 0.006645 -0.000076
v -0.004482 0.006645 -0.000246
v -0.006644 0.006645 -0.000948
v -0.003990 0.006645 -0.000634
v -0.006814 0.006645 -0.001552
v -0.003683 0.006645 -0.001181
v -0.006740 0.006646 -0.002175
v -0.003609 0.006645 -0.001804
v -0.006434 0.006645 -0.002722
v -0.005941 0.006645 -0.003110
v -0.003780 0.006645 -0.002407
v -0.004783 0.006645 0.004074
v -0.004061 0.006645 0.003079
v -0.004521 0.006645 0.003505
v -0.003472 0.006645 0.002862
v -0.004808 0.006645 0.004701
v -0.002846 0.006645 0.002887
v -0.004591 0.006645 0.005289
v -0.002276 0.006645 0.003149
v -0.004165 0.006646 0.005750
v -0.001850 0.006645 0.003610
v -0.003596 0.006645 0.006012
v -0.002969 0.006645 0.006037
v -0.001633 0.006645 0.004198
v 0.000001 0.006645 -0.003857
v 0.000616 0.006645 -0.006950
v 0.000001 0.006646 -0.007072
v 0.000616 0.006645 -0.003980
v -0.000614 0.006645 -0.003980
v 0.001137 0.006645 -0.006601
v -0.000614 0.006645 -0.006950
v 0.001137 0.006645 -0.004328
v -0.001136 0.006645 -0.006601
v -0.001136 0.006645 -0.004328
v 0.014348 0.010266 0.004678
v 0.009384 0.009009 0.004298
v 0.013981 0.010256 0.005681
v 0.009018 0.008901 0.004067
v 0.008823 0.008825 0.003728
v 0.008528 0.008693 0.002984
v 0.021332 0.011721 0.007931
v 0.008644 0.008693 0.002627
v 0.008522 0.008676 0.002785
v 0.009320 0.008825 0.002199
v 0.009678 0.008901 0.002039
v 0.010109 0.009009 0.002067
v 0.014641 0.010256 0.003650
v 0.021910 0.011721 0.006150
v 0.021621 0.011721 0.007041
v 0.021588 0.011771 0.008161
v 0.022253 0.011771 0.006115
v 0.023917 0.012096 0.007787
v 0.021725 0.011814 0.008533
v 0.022583 0.011814 0.005894
v 0.023870 0.012119 0.008422
v 0.024253 0.012119 0.007245
v 0.021775 0.011840 0.008845
v 0.022806 0.011840 0.005671
v 0.023723 0.012134 0.009189
v 0.022216 0.011475 0.009764
v 0.024105 0.012206 0.009458
v 0.023266 0.011641 0.009946
v 0.024886 0.012354 0.010010
v 0.024585 0.012134 0.006538
v 0.023703 0.011475 0.005187
v 0.025051 0.012206 0.006545
v 0.024659 0.011641 0.005657
v 0.026008 0.012354 0.006558
v 0.025110 0.011713 0.005688
v 0.026312 0.012375 0.006046
v 0.026771 0.012458 0.006693
v 0.025585 0.011783 0.005470
v 0.025851 0.011814 0.005090
v 0.026612 0.012413 0.005708
v 0.027334 0.012456 0.004345
v 0.026039 0.011822 0.004318
v 0.023703 0.011475 0.005187
v 0.026208 0.011802 0.002678
v 0.026921 0.012422 0.004345
v 0.027158 0.012410 0.001842
v 0.027158 0.012410 0.001842
v 0.027608 0.012456 0.000874
v 0.026760 0.012348 0.001721
v 0.026208 0.011802 0.002678
v 0.008868 0.010266 -0.012189
v 0.006973 0.009009 -0.007585
v 0.009709 0.010256 -0.011529
v 0.006640 0.008901 -0.007309
v 0.006257 0.008825 -0.007228
v 0.005458 0.008693 -0.007177
v 0.005267 0.008676 -0.007233
v 0.005155 0.008693 -0.007398
v 0.004957 0.008825 -0.008173
v 0.004915 0.008901 -0.008562
v 0.005075 0.009009 -0.008964
v 0.007981 0.010256 -0.012785
v 0.012605 0.011721 -0.018926
v 0.014120 0.011721 -0.017825
v 0.013363 0.011721 -0.018375
v 0.012678 0.011771 -0.019263
v 0.014418 0.011771 -0.017998
v 0.014782 0.012096 -0.020329
v 0.012570 0.011814 -0.019644
v 0.014814 0.011814 -0.018013
v 0.014371 0.012119 -0.020815
v 0.015372 0.012119 -0.020088
v 0.012426 0.011840 -0.019926
v 0.015127 0.011840 -0.017964
v 0.013801 0.012134 -0.021349
v 0.012244 0.011475 -0.020928
v 0.012986 0.011641 -0.021693
v 0.013952 0.012207 -0.021791
v 0.014259 0.012354 -0.022697
v 0.016056 0.012134 -0.019711
v 0.016137 0.011475 -0.018100
v 0.016429 0.012207 -0.019991
v 0.017196 0.012354 -0.020563
v 0.017742 0.012375 -0.020328
v 0.017734 0.012458 -0.021121
v 0.017493 0.011783 -0.019435
v 0.018184 0.012413 -0.020231
v 0.019569 0.012456 -0.019553
v 0.018538 0.011822 -0.018770
v 0.016137 0.011475 -0.018100
v 0.019638 0.011802 -0.017542
v 0.019235 0.012422 -0.019309
v 0.020898 0.012410 -0.017425
v 0.020898 0.012410 -0.017425
v 0.021831 0.012456 -0.016905
v 0.020647 0.012348 -0.017092
v 0.019638 0.011802 -0.017542
v -0.008866 0.010266 -0.012189
v -0.005074 0.009009 -0.008964
v -0.007980 0.010256 -0.012785
v -0.004914 0.008901 -0.008562
v -0.004955 0.008825 -0.008173
v -0.005154 0.008693 -0.007398
v -0.005266 0.008676 -0.007233
v -0.005457 0.008693 -0.007177
v -0.006256 0.008825 -0.007228
v -0.006639 0.008901 -0.007309
v -0.006971 0.009009 -0.007585
v -0.009708 0.010256 -0.011529
v -0.014119 0.011721 -0.017825
v -0.012604 0.011721 -0.018926
v -0.013361 0.011721 -0.018375
v -0.014416 0.011771 -0.017998
v -0.012676 0.011771 -0.019263
v -0.014781 0.012096 -0.020329
v -0.014813 0.011814 -0.018014
v -0.012569 0.011814 -0.019644
v -0.015371 0.012119 -0.020088
v -0.014369 0.012119 -0.020816
v -0.015125 0.011840 -0.017964
v -0.012425 0.011840 -0.019926
v -0.013799 0.012134 -0.021349
v -0.012242 0.011475 -0.020929
v -0.012984 0.011641 -0.021693
v -0.013950 0.012207 -0.021791
v -0.014258 0.012354 -0.022697
v -0.016054 0.012134 -0.019711
v -0.016135 0.011475 -0.018100
v -0.016428 0.012207 -0.019991
v -0.017195 0.012354 -0.020563
v -0.017741 0.012375 -0.020328
v -0.017732 0.012458 -0.021121
v -0.017492 0.011783 -0.019435
v -0.018183 0.012413 -0.020231
v -0.019568 0.012456 -0.019553
v -0.018537 0.011822 -0.018770
v -0.016135 0.011475 -0.018100
v -0.019637 0.011802 -0.017542
v -0.019234 0.012422 -0.019310
v -0.020896 0.012410 -0.017425
v -0.020896 0.012410 -0.017425
v -0.021830 0.012456 -0.016905
v -0.020646 0.012348 -0.017092
v -0.019637 0.011802 -0.017542
v -0.014347 0.010266 0.004677
v -0.010107 0.009009 0.002067
v -0.014640 0.010256 0.003650
v -0.009676 0.008901 0.002039
v -0.009319 0.008825 0.002199
v -0.008643 0.008693 0.002627
v -0.008521 0.008676 0.002785
v -0.021909 0.011721 0.006150
v -0.008822 0.008825 0.003728
v -0.008527 0.008693 0.002984
v -0.009017 0.008901 0.004067
v -0.009383 0.009009 0.004298
v -0.013979 0.010256 0.005681
v -0.021330 0.011721 0.007931
v -0.021619 0.011721 0.007041
v -0.022252 0.011771 0.006115
v -0.021587 0.011771 0.008161
v -0.023916 0.012096 0.007787
v -0.022581 0.011814 0.005894
v -0.021724 0.011814 0.008533
v -0.024252 0.012119 0.007245
v -0.023869 0.012119 0.008422
v -0.022805 0.011840 0.005671
v -0.021773 0.011840 0.008845
v -0.024583 0.012134 0.006538
v -0.023702 0.011475 0.005187
v -0.025050 0.012207 0.006545
v -0.024658 0.011641 0.005657
v -0.026007 0.012354 0.006558
v -0.023722 0.012134 0.009189
v -0.022215 0.011475 0.009764
v -0.024104 0.012207 0.009458
v -0.023265 0.011641 0.009946
v -0.024885 0.012354 0.010010
v -0.023647 0.011713 0.010186
v -0.024830 0.012375 0.010602
v -0.025581 0.012458 0.010349
v -0.023903 0.011783 0.010642
v -0.023895 0.011814 0.011105
v -0.024874 0.012413 0.011052
v -0.024658 0.012456 0.012579
v -0.023594 0.011822 0.011841
v -0.022215 0.011475 0.009764
v -0.022766 0.011802 0.013266
v -0.024323 0.012422 0.012337
v -0.023044 0.012410 0.014500
v -0.023044 0.012410 0.014500
v -0.022838 0.012456 0.015549
v -0.022650 0.012348 0.014365
v -0.022766 0.011802 0.013266
v 0.000001 0.010266 0.015102
v -0.001172 0.009009 0.010263
v -0.001068 0.010256 0.015063
v -0.001066 0.008901 0.009844
v -0.000803 0.008825 0.009553
v -0.000187 0.008693 0.009043
v 0.000001 0.008676 0.008976
v 0.000188 0.008693 0.009043
v 0.000805 0.008825 0.009553
v 0.001067 0.008901 0.009844
v 0.001173 0.009009 0.010263
v 0.001069 0.010256 0.015063
v 0.000937 0.011721 0.022749
v -0.000935 0.011721 0.022749
v 0.000001 0.011721 0.022749
v 0.001076 0.011771 0.023064
v -0.001075 0.011771 0.023064
v 0.000001 0.012096 0.025163
v 0.001388 0.011814 0.023309
v -0.001386 0.011814 0.023309
v 0.000619 0.012119 0.025315
v -0.000618 0.012119 0.025315
v 0.001669 0.011840 0.023453
v -0.001668 0.011840 0.023453
v 0.001395 0.012134 0.025412
v 0.002407 0.011475 0.024156
v 0.001532 0.012207 0.025858
v 0.002256 0.011641 0.025211
v 0.001816 0.012354 0.026772
v -0.001393 0.012134 0.025412
v -0.002405 0.011475 0.024156
v -0.001531 0.012207 0.025858
v -0.002254 0.011641 0.025211
v -0.001814 0.012354 0.026772
v -0.002364 0.011713 0.025649
v -0.002395 0.012375 0.026903
v -0.001922 0.012458 0.027539
v -0.002719 0.011783 0.026033
v -0.002809 0.012413 0.027084
v -0.004329 0.012456 0.027349
v -0.003162 0.011814 0.026169
v -0.003954 0.011822 0.026110
v -0.002405 0.011475 0.024156
v -0.005566 0.011802 0.025763
v -0.004201 0.012422 0.026956
v -0.006654 0.012410 0.026408
v -0.006654 0.012410 0.026408
v -0.007714 0.012456 0.026536
v -0.006647 0.012348 0.025992
v -0.005566 0.011802 0.025763
v 0.004409 0.009479 0.008314
v 0.004696 0.007390 0.008421
v 0.003837 0.009738 0.018760
v 0.003837 0.010425 0.018760
v 0.002982 0.011974 0.014880
v 0.003837 0.010425 0.018760
v 0.003516 0.011076 0.008089
v 0.002529 0.012471 0.020639
v 0.004232 0.009863 0.007757
v 0.004249 0.010489 0.020044
v 0.003463 0.010951 0.007473
v 0.002688 0.012518 0.021306
v 0.003864 0.009837 0.007152
v 0.003214 0.012553 0.021829
v 0.003197 0.010684 0.006865
v 0.005005 0.010515 0.021032
v 0.008672 0.012621 0.024746
v 0.007688 0.010592 0.022360
v 0.008515 0.010612 0.022520
v 0.009185 0.012627 0.024890
v 0.009279 0.010612 0.022303
v 0.009758 0.012627 0.024787
v 0.012146 0.012623 0.023853
v 0.010994 0.010612 0.021592
v 0.014234 0.010612 0.019607
v 0.025406 0.012623 -0.008239
v 0.023031 0.010612 -0.007467
v 0.021577 0.010612 -0.010978
v 0.023838 0.012623 -0.012130
v 0.020607 0.010612 -0.012561
v 0.022454 0.012627 -0.014289
v 0.022052 0.012627 -0.014709
v 0.020117 0.010612 -0.013186
v 0.021552 0.012621 -0.014895
v 0.019354 0.010592 -0.013542
v 0.015422 0.012553 -0.015743
v 0.016402 0.010515 -0.014045
v 0.015210 0.010489 -0.013691
v 0.014689 0.012518 -0.015629
v 0.014168 0.012471 -0.015182
v 0.014123 0.010425 -0.012894
v 0.011149 0.011974 -0.010257
v 0.011980 0.010085 -0.009425
v 0.008445 0.009479 -0.004106
v 0.007590 0.011076 -0.004449
v 0.007974 0.009863 -0.003760
v 0.007185 0.010951 -0.003982
v 0.008740 0.008875 -0.004024
v 0.007321 0.009837 -0.003487
v 0.006613 0.010684 -0.003646
v 0.005202 0.009823 -0.003546
v 0.011980 0.008977 -0.009425
v 0.014123 0.009738 -0.012894
v 0.008740 0.007390 -0.004024
v 0.000001 0.006645 -0.003980
v 0.001287 0.006645 -0.004722
v 0.000001 0.007544 -0.003980
v 0.001287 0.007544 -0.004722
v -0.001285 0.006645 -0.004722
v 0.000001 0.006645 -0.003980
v -0.001285 0.007544 -0.004722
v 0.000001 0.007544 -0.003980
v 0.003801 0.006645 -0.001219
v 0.004904 0.006645 -0.000225
v 0.003801 0.007544 -0.001219
v 0.004904 0.007544 -0.000225
v 0.003801 0.007544 -0.001219
v 0.004109 0.007544 -0.002672
v 0.003801 0.006645 -0.001219
v 0.004109 0.006645 -0.002672
v 0.001745 0.007544 0.004605
v 0.002349 0.007544 0.003248
v 0.001745 0.006645 0.004605
v 0.002349 0.006645 0.003248
v 0.003826 0.007544 0.003093
v 0.002349 0.006645 0.003248
v 0.002349 0.007544 0.003248
v 0.003826 0.006645 0.003093
v -0.002348 0.007544 0.003248
v -0.003825 0.006645 0.003093
v -0.003825 0.007544 0.003093
v -0.002348 0.006645 0.003248
v -0.001744 0.007544 0.004605
v -0.001744 0.006645 0.004605
v -0.002348 0.006645 0.003248
v -0.002348 0.007544 0.003248
v -0.003799 0.007544 -0.001219
v -0.003799 0.006645 -0.001219
v -0.004108 0.006645 -0.002672
v -0.004108 0.007544 -0.002672
v -0.004903 0.006645 -0.000225
v -0.003799 0.006645 -0.001219
v -0.004903 0.007544 -0.000225
v -0.003799 0.007544 -0.001219
v 0.005652 0.009367 0.000175
v 0.005710 0.008442 -0.000149
v 0.004888 0.008825 0.000279
v 0.006645 0.006645 -0.000948
v 0.006645 0.009053 -0.000948
v 0.005339 0.008777 -0.003280
v -0.005338 0.008777 -0.003280
v -0.004408 0.009479 0.008314
v -0.003836 0.009738 0.018760
v -0.003836 0.010425 0.018760
v -0.002981 0.011974 0.014880
v -0.003836 0.010425 0.018760
v -0.003515 0.011076 0.008088
v -0.002528 0.012471 0.020639
v -0.004231 0.009863 0.007757
v -0.004247 0.010489 0.020044
v -0.003462 0.010951 0.007473
v -0.002687 0.012518 0.021306
v -0.003863 0.009837 0.007152
v -0.003212 0.012553 0.021829
v -0.003196 0.010684 0.006865
v -0.005004 0.010515 0.021032
v -0.008671 0.012621 0.024746
v -0.007687 0.010592 0.022360
v -0.008513 0.010612 0.022520
v -0.009184 0.012627 0.024890
v -0.009278 0.010612 0.022303
v -0.009757 0.012627 0.024787
v -0.012145 0.012623 0.023853
v -0.010993 0.010612 0.021592
v -0.014233 0.010612 0.019607
v -0.021551 0.012621 -0.014895
v -0.020115 0.010612 -0.013186
v -0.022050 0.012627 -0.014709
v -0.020606 0.010612 -0.012561
v -0.022453 0.012627 -0.014289
v -0.023836 0.012623 -0.012130
v -0.021576 0.010612 -0.010978
v -0.025404 0.012623 -0.008239
v -0.023030 0.010612 -0.007467
v -0.023917 0.010612 -0.003772
v -0.026423 0.012623 -0.004169
v -0.024063 0.010612 -0.001921
v -0.026573 0.012627 -0.001609
v -0.026494 0.012627 -0.001033
v -0.024033 0.010612 -0.001127
v -0.026199 0.012621 -0.000589
v -0.023625 0.010592 -0.000391
v -0.021738 0.012553 0.003701
v -0.021533 0.010515 0.001751
v -0.020360 0.010489 0.002165
v -0.021078 0.012518 0.004039
v -0.020394 0.012471 0.003984
v -0.019012 0.010425 0.002159
v -0.015057 0.011974 0.001774
v -0.009254 0.009479 -0.001613
v -0.008763 0.011076 -0.000833
v -0.008670 0.009863 -0.001616
v -0.008162 0.010951 -0.000973
v -0.007980 0.009837 -0.001453
v -0.007501 0.010684 -0.000908
v -0.006301 0.009823 -0.000159
v -0.006256 0.008777 -0.000456
v -0.005651 0.009367 0.000175
v 0.002396 0.012375 0.026903
v 0.001923 0.012458 0.027539
v 0.002810 0.012413 0.027084
v 0.004330 0.012456 0.027349
v 0.002720 0.011783 0.026033
v 0.002366 0.011713 0.025649
v 0.003163 0.011814 0.026169
v 0.003956 0.011822 0.026110
v 0.002407 0.011475 0.024156
v 0.005567 0.011802 0.025763
v 0.004203 0.012422 0.026956
v 0.006655 0.012410 0.026408
v 0.006655 0.012410 0.026408
v 0.007716 0.012456 0.026536
v 0.006648 0.012348 0.025992
v 0.005567 0.011802 0.025763
v 0.024831 0.012375 0.010602
v 0.025583 0.012458 0.010349
v 0.024876 0.012413 0.011053
v 0.024659 0.012456 0.012580
v 0.023904 0.011783 0.010642
v 0.023648 0.011713 0.010186
v 0.023897 0.011814 0.011105
v 0.024324 0.012422 0.012337
v 0.023045 0.012410 0.014500
v 0.022839 0.012456 0.015549
v 0.022651 0.012348 0.014365
v 0.022768 0.011802 0.013267
v 0.023595 0.011822 0.011841
v 0.022216 0.011475 0.009764
v 0.022768 0.011802 0.013267
v 0.023045 0.012410 0.014500
v 0.013867 0.012375 -0.023144
v 0.014623 0.012458 -0.023381
v 0.013638 0.012413 -0.023534
v 0.012565 0.012456 -0.024642
v 0.013094 0.011783 -0.022631
v 0.013154 0.011713 -0.022112
v 0.012815 0.011814 -0.023002
v 0.012138 0.011822 -0.023419
v 0.012244 0.011475 -0.020928
v 0.010631 0.011802 -0.024086
v 0.012436 0.012422 -0.024249
v 0.010130 0.012410 -0.025248
v 0.010130 0.012410 -0.025248
v 0.009348 0.012456 -0.025975
v 0.009891 0.012348 -0.024907
v 0.010631 0.011802 -0.024086
v -0.013865 0.012375 -0.023144
v -0.014622 0.012458 -0.023381
v -0.013636 0.012413 -0.023534
v -0.012563 0.012456 -0.024642
v -0.013092 0.011783 -0.022631
v -0.013153 0.011713 -0.022112
v -0.012813 0.011814 -0.023002
v -0.012435 0.012422 -0.024249
v -0.010129 0.012410 -0.025248
v -0.009346 0.012456 -0.025975
v -0.009890 0.012348 -0.024907
v -0.010630 0.011802 -0.024086
v -0.012137 0.011822 -0.023419
v -0.012242 0.011475 -0.020929
v -0.010630 0.011802 -0.024086
v -0.010129 0.012410 -0.025248
v -0.026311 0.012375 0.006046
v -0.026769 0.012458 0.006693
v -0.026611 0.012413 0.005708
v -0.027333 0.012456 0.004345
v -0.025584 0.011783 0.005470
v -0.025109 0.011713 0.005688
v -0.025850 0.011814 0.005090
v -0.026920 0.012422 0.004345
v -0.027157 0.012410 0.001842
v -0.027606 0.012456 0.000874
v -0.026758 0.012348 0.001721
v -0.026207 0.011802 0.002678
v -0.026038 0.011822 0.004318
v -0.023702 0.011475 0.005187
v -0.026207 0.011802 0.002678
v -0.027157 0.012410 0.001842
v 0.003597 0.009228 0.006012
v 0.004167 0.006646 0.005750
v 0.003597 0.006645 0.006012
v 0.004167 0.009274 0.005750
v 0.002971 0.009053 0.006037
v 0.004593 0.009228 0.005289
v 0.002971 0.006645 0.006037
v 0.004593 0.006645 0.005289
v 0.004809 0.009053 0.004701
v 0.004809 0.006645 0.004701
v 0.001659 0.006645 0.004825
v 0.001635 0.007799 0.004198
v 0.001635 0.006645 0.004198
v 0.006257 0.006645 -0.000456
v 0.005710 0.006645 -0.000149
v 0.006815 0.006645 -0.001552
v 0.006815 0.009228 -0.001552
v 0.006741 0.006646 -0.002175
v 0.006741 0.009274 -0.002175
v 0.006435 0.009228 -0.002721
v 0.006435 0.006645 -0.002721
v 0.005943 0.009053 -0.003110
v 0.005943 0.006645 -0.003110
v -0.003596 0.009228 0.006012
v -0.004165 0.006646 0.005750
v -0.004165 0.009274 0.005750
v -0.004591 0.009228 0.005289
v -0.003596 0.006645 0.006012
v -0.004591 0.006645 0.005289
v -0.002969 0.009053 0.006037
v -0.004808 0.009053 0.004701
v -0.002969 0.006645 0.006037
v -0.004808 0.006645 0.004701
v -0.004783 0.006645 0.004074
v -0.004521 0.006645 0.003505
v 0.000001 0.006646 -0.007072
v 0.000616 0.009228 -0.006950
v 0.000001 0.009274 -0.007072
v -0.000614 0.009228 -0.006950
v 0.000616 0.006645 -0.006950
v -0.000614 0.006645 -0.006950
v 0.001137 0.009053 -0.006601
v -0.001136 0.009053 -0.006601
v 0.001137 0.006645 -0.006601
v 0.001485 0.008777 -0.006080
v 0.001485 0.006645 -0.006080
v -0.001136 0.006645 -0.006601
v -0.001484 0.008777 -0.006080
v -0.001484 0.006645 -0.006080
v 0.008305 0.010515 -0.019928
v 0.006914 0.009905 -0.022580
v 0.008305 0.009828 -0.019928
v 0.006914 0.010592 -0.022580
v 0.008336 0.010489 -0.018684
v 0.008336 0.009802 -0.018684
v 0.007914 0.010425 -0.017404
v -0.006740 0.006646 -0.002175
v -0.006434 0.009228 -0.002722
v -0.006740 0.009274 -0.002175
v -0.006814 0.009228 -0.001552
v -0.006434 0.006645 -0.002722
v -0.005941 0.009053 -0.003110
v -0.005941 0.006645 -0.003110
v -0.006814 0.006645 -0.001552
v -0.006644 0.009053 -0.000948
v -0.006644 0.006645 -0.000948
v -0.006256 0.008777 -0.000456
v -0.006256 0.006645 -0.000456
v -0.019352 0.009905 -0.013542
v -0.016401 0.010515 -0.014045
v -0.019352 0.010592 -0.013542
v -0.020115 0.009925 -0.013186
v -0.020115 0.010612 -0.013186
v -0.016401 0.009828 -0.014045
v -0.015208 0.010489 -0.013691
v -0.015208 0.009802 -0.013691
v -0.014121 0.010425 -0.012894
v 0.017123 0.009756 0.017138
v 0.017123 0.009925 0.017138
v 0.018329 0.009925 0.015726
v 0.019591 0.009925 0.014249
v 0.019591 0.009756 0.014249
v 0.021576 0.009925 0.011009
v 0.021576 0.009756 0.011009
v 0.018773 0.010612 0.015068
v 0.018773 0.009925 0.015068
v 0.018875 0.010592 0.014232
v 0.018875 0.009905 0.014232
v 0.018442 0.010515 0.011269
v 0.018442 0.009828 0.011269
v 0.017736 0.010489 0.010245
v 0.017736 0.009802 0.010245
v 0.016642 0.010425 0.009457
v 0.016642 0.009738 0.009457
v 0.006544 0.007390 0.007079
v 0.023030 0.009925 0.007499
v 0.023030 0.009756 0.007499
v 0.023918 0.009925 0.003804
v 0.023918 0.009756 0.003804
v 0.024216 0.009756 0.000016
v 0.024216 0.009925 0.000016
v 0.024063 0.009925 -0.001921
v 0.023918 0.009756 -0.003772
v 0.023918 0.009925 -0.003772
v 0.024064 0.010612 -0.001921
v 0.023918 0.010612 -0.003772
v 0.024035 0.010612 -0.001127
v 0.024035 0.009925 -0.001127
v 0.023627 0.010592 -0.000391
v 0.023627 0.009905 -0.000391
v -0.006913 0.010592 -0.022580
v -0.006339 0.009925 -0.023195
v -0.006339 0.010612 -0.023195
v -0.006913 0.009905 -0.022580
v -0.008304 0.010515 -0.019928
v -0.008304 0.009828 -0.019928
v -0.008335 0.010489 -0.018684
v -0.008335 0.009802 -0.018684
v -0.018874 0.009905 0.014232
v -0.018441 0.010515 0.011269
v -0.018874 0.010592 0.014232
v -0.018771 0.009925 0.015067
v -0.018771 0.010612 0.015067
v -0.018441 0.009828 0.011269
v -0.017735 0.010489 0.010245
v -0.017735 0.009802 0.010245
v -0.000352 0.012623 0.025685
v 0.000001 0.012623 0.025600
v 0.000001 0.012096 0.025163
v 0.000354 0.012623 0.025685
v -0.000618 0.012119 0.025315
v 0.000619 0.012119 0.025315
v -0.001468 0.012623 0.026776
v 0.001469 0.012623 0.026776
v -0.001814 0.012354 0.026772
v -0.001633 0.012623 0.027317
v -0.001922 0.012458 0.027539
v 0.001816 0.012354 0.026772
v 0.001634 0.012623 0.027317
v 0.001923 0.012458 0.027539
v 0.015372 0.012119 -0.020088
v 0.015039 0.012623 -0.020682
v 0.014782 0.012096 -0.020329
v 0.014803 0.012623 -0.020959
v 0.015374 0.012623 -0.020544
v 0.014371 0.012119 -0.020815
v 0.016918 0.012623 -0.020770
v 0.014542 0.012623 -0.022497
v 0.017196 0.012354 -0.020563
v 0.017369 0.012623 -0.021111
v 0.017734 0.012458 -0.021121
v 0.014259 0.012354 -0.022697
v 0.014727 0.012623 -0.023031
v 0.014623 0.012458 -0.023381
v -0.014781 0.012096 -0.020329
v -0.014369 0.012119 -0.020816
v -0.014802 0.012623 -0.020959
v -0.014541 0.012623 -0.022497
v -0.015037 0.012623 -0.020683
v -0.014258 0.012354 -0.022697
v -0.014725 0.012623 -0.023031
v -0.014622 0.012458 -0.023381
v -0.015371 0.012119 -0.020088
v -0.015373 0.012623 -0.020544
v -0.016916 0.012623 -0.020771
v -0.017195 0.012354 -0.020563
v -0.017368 0.012623 -0.021111
v -0.017732 0.012458 -0.021121
v 0.023870 0.012119 0.008422
v 0.024333 0.012623 0.007922
v 0.023917 0.012096 0.007787
v 0.024305 0.012623 0.008284
v 0.025583 0.012458 0.010349
v 0.024253 0.012119 0.007245
v 0.024523 0.012623 0.007613
v 0.025905 0.012623 0.006888
v 0.026008 0.012354 0.006558
v 0.026470 0.012623 0.006899
v 0.026771 0.012458 0.006693
v -0.024252 0.012119 0.007245
v -0.024522 0.012623 0.007613
v -0.023916 0.012096 0.007787
v -0.025903 0.012623 0.006889
v -0.026007 0.012354 0.006558
v -0.026469 0.012623 0.006899
v -0.026769 0.012458 0.006693
v -0.024332 0.012623 0.007922
v -0.023869 0.012119 0.008422
v -0.024303 0.012623 0.008283
v -0.025581 0.012458 0.010349
v 0.023030 0.009925 -0.007467
v 0.023031 0.010612 -0.007467
v 0.021576 0.009925 -0.010978
v 0.021577 0.010612 -0.010978
v 0.020607 0.010612 -0.012561
v 0.020606 0.009925 -0.012561
v 0.019591 0.009756 -0.014218
v 0.021576 0.009756 -0.010978
v 0.020117 0.009925 -0.013186
v 0.020117 0.010612 -0.013186
v 0.019354 0.010592 -0.013542
v 0.019354 0.009905 -0.013542
v 0.016402 0.010515 -0.014045
v 0.016402 0.009828 -0.014045
v 0.015210 0.010489 -0.013691
v 0.015210 0.009802 -0.013691
v 0.014123 0.010425 -0.012894
v 0.010994 0.009756 0.021592
v 0.009279 0.009925 0.022302
v 0.010994 0.009925 0.021592
v 0.007483 0.009756 0.023046
v 0.007483 0.009925 0.023046
v 0.003789 0.009756 0.023933
v 0.003789 0.009925 0.023933
v 0.000001 0.009756 0.024231
v 0.000001 0.009925 0.024231
v -0.003787 0.009756 0.023933
v -0.003787 0.009925 0.023933
v 0.008515 0.010612 0.022520
v 0.009279 0.010612 0.022303
v 0.008515 0.009925 0.022520
v 0.007688 0.010592 0.022360
v 0.007688 0.009905 0.022360
v 0.005005 0.010515 0.021032
v 0.005005 0.009828 0.021032
v 0.004249 0.010489 0.020044
v 0.004249 0.009802 0.020044
v 0.006340 0.009925 -0.023195
v 0.006340 0.010612 -0.023195
v -0.024033 0.010612 -0.001127
v -0.010993 0.009756 0.021592
v -0.010993 0.009925 0.021592
v -0.009277 0.009925 0.022302
v -0.007482 0.009756 0.023046
v -0.009278 0.010612 0.022303
v -0.010993 0.010612 0.021592
v -0.014233 0.009925 0.019606
v -0.014233 0.009756 0.019606
v -0.017122 0.009756 0.017138
v -0.008513 0.010612 0.022520
v -0.008513 0.009925 0.022520
v -0.007687 0.010592 0.022360
v -0.007687 0.009905 0.022360
v -0.005004 0.010515 0.021032
v -0.005004 0.009828 0.021032
v -0.004247 0.010489 0.020044
v -0.004247 0.009802 0.020044
v -0.017122 0.009925 0.017138
v -0.014233 0.010612 0.019607
v -0.017122 0.010612 0.017139
v -0.018328 0.010612 0.015727
v -0.018328 0.009925 0.015726
v -0.019590 0.009756 0.014249
v -0.019590 0.009925 0.014249
v -0.023916 0.009756 -0.003772
v -0.023916 0.009925 -0.003772
v -0.024062 0.009925 -0.001921
v -0.023029 0.009756 -0.007467
v -0.024063 0.010612 -0.001921
v -0.023917 0.010612 -0.003772
v -0.023029 0.009925 -0.007467
v -0.023030 0.010612 -0.007467
v -0.021575 0.009756 -0.010978
v -0.024214 0.009756 0.000016
v -0.024214 0.009925 0.000016
v -0.023916 0.009925 0.003804
v -0.023916 0.009756 0.003804
v -0.023029 0.009925 0.007499
v -0.023029 0.009756 0.007499
v -0.021575 0.009925 0.011009
v -0.021575 0.009756 0.011009
v -0.019590 0.009756 -0.014217
v -0.020605 0.009925 -0.012561
v -0.021576 0.010612 -0.010978
v -0.020606 0.010612 -0.012561
v -0.019590 0.009925 -0.014217
v -0.017122 0.009756 -0.017107
v -0.017122 0.009925 -0.017107
v -0.014233 0.009925 -0.019575
v -0.014233 0.009756 -0.019575
v -0.010993 0.009925 -0.021560
v -0.010993 0.009756 -0.021560
v 0.023030 0.009756 -0.007467
v 0.019591 0.009925 -0.014217
v 0.017123 0.009925 -0.017107
v 0.017123 0.009756 -0.017107
v 0.014234 0.009925 -0.019575
v 0.014234 0.009756 -0.019575
v 0.010994 0.009756 -0.021560
v 0.010994 0.009925 -0.021560
v 0.007483 0.009756 -0.023014
v 0.007483 0.009925 -0.023014
v -0.003787 0.009756 -0.023901
v -0.003787 0.009925 -0.023901
v -0.005593 0.009925 -0.023468
v -0.007482 0.009756 -0.023014
v 0.000001 0.009756 -0.024199
v -0.003788 0.010612 -0.023902
v 0.000001 0.010612 -0.024200
v -0.005593 0.010612 -0.023468
v 0.000001 0.009925 -0.024199
v 0.003789 0.009756 -0.023901
v 0.003789 0.009925 -0.023901
v 0.003789 0.010612 -0.023902
v 0.005594 0.009925 -0.023468
v 0.005594 0.010612 -0.023468
v -0.007482 0.009925 -0.023014
v 0.018330 0.010612 0.015727
v -0.021575 0.009925 -0.010978
v -0.007482 0.009925 0.023046
v 0.014234 0.009925 0.019606
v 0.010994 0.010612 0.021592
v 0.014234 0.010612 0.019607
v 0.017124 0.010612 0.017139
v 0.014234 0.009756 0.019606
v 0.033242 -0.011176 0.007986
v 0.031321 -0.011811 0.007506
v 0.033765 -0.011175 0.005353
v 0.031814 -0.011811 0.005039
v -0.033281 -0.011175 -0.007963
v -0.031362 -0.011810 -0.007482
v -0.033804 -0.011175 -0.005329
v -0.031853 -0.011811 -0.005015
v -0.026016 -0.011176 0.022236
v -0.024511 -0.011811 0.020956
v -0.024203 -0.011176 0.024214
v -0.022802 -0.011811 0.022814
v 0.022765 -0.011810 -0.022792
v 0.024165 -0.011175 -0.024191
v 0.024474 -0.011810 -0.020933
v 0.025978 -0.011175 -0.022213
v 0.005008 -0.011810 -0.031824
v 0.005322 -0.011175 -0.033774
v 0.007475 -0.011810 -0.031331
v 0.007955 -0.011175 -0.033250
v -0.007994 -0.011176 0.033273
v -0.007513 -0.011811 0.031351
v -0.005361 -0.011176 0.033795
v -0.005046 -0.011812 0.031843
v -0.022245 -0.011175 -0.025986
v -0.020965 -0.011810 -0.024482
v -0.024223 -0.011175 -0.024173
v -0.022823 -0.011810 -0.022773
v 0.022205 -0.011176 0.026009
v 0.020924 -0.011811 0.024503
v 0.024183 -0.011176 0.024195
v 0.022782 -0.011811 0.022795
v -0.017910 -0.011175 -0.029140
v -0.016866 -0.011810 -0.027459
v -0.020132 -0.011175 -0.027663
v -0.018971 -0.011810 -0.026054
v -0.005361 -0.011176 0.033795
v -0.005046 -0.011812 0.031843
v -0.002690 -0.011176 0.034111
v -0.002523 -0.011811 0.032129
v -0.024203 -0.011176 0.024214
v -0.022802 -0.011811 0.022814
v -0.022222 -0.011176 0.026043
v -0.020943 -0.011811 0.024520
v -0.027694 -0.011176 0.020123
v -0.026083 -0.011811 0.018962
v -0.026016 -0.011176 0.022236
v -0.024511 -0.011811 0.020956
v 0.026046 -0.011810 -0.018940
v 0.027656 -0.011175 -0.020100
v 0.027451 -0.011810 -0.016834
v 0.029132 -0.011175 -0.017879
v 0.020092 -0.011176 0.027686
v 0.018930 -0.011812 0.026075
v 0.022205 -0.011176 0.026009
v 0.020924 -0.011811 0.024503
v -0.030497 -0.011176 0.015550
v -0.028723 -0.011811 0.014658
v -0.029170 -0.011176 0.017902
v -0.027488 -0.011811 0.016857
v 0.002485 -0.011809 -0.032109
v 0.002651 -0.011175 -0.034089
v 0.005008 -0.011810 -0.031824
v 0.005322 -0.011175 -0.033774
v -0.024223 -0.011175 -0.024173
v -0.022823 -0.011810 -0.022773
v -0.026051 -0.011175 -0.022192
v -0.024530 -0.011810 -0.020913
v 0.024474 -0.011810 -0.020933
v 0.025978 -0.011175 -0.022213
v 0.026046 -0.011810 -0.018940
v 0.027656 -0.011175 -0.020100
v 0.027451 -0.011810 -0.016834
v 0.029132 -0.011175 -0.017879
v 0.028686 -0.011810 -0.014635
v 0.030459 -0.011175 -0.015526
v 0.033765 -0.011175 0.005353
v 0.031814 -0.011811 0.005039
v 0.034080 -0.011175 0.002682
v 0.032099 -0.011810 0.002516
v 0.017870 -0.011176 0.029162
v 0.016825 -0.011811 0.027479
v 0.020092 -0.011176 0.027686
v 0.018930 -0.011812 0.026075
v -0.015557 -0.011175 -0.030466
v -0.014666 -0.011810 -0.028693
v -0.017910 -0.011175 -0.029140
v -0.016866 -0.011810 -0.027459
v -0.029170 -0.011176 0.017902
v -0.027488 -0.011811 0.016857
v -0.027694 -0.011176 0.020123
v -0.026083 -0.011811 0.018962
v -0.020132 -0.011175 -0.027663
v -0.018971 -0.011810 -0.026054
v -0.022245 -0.011175 -0.025986
v -0.020965 -0.011810 -0.024482
v 0.024183 -0.011176 0.024195
v 0.022782 -0.011811 0.022795
v 0.026011 -0.011176 0.022215
v 0.024489 -0.011811 0.020935
v -0.033804 -0.011175 -0.005329
v -0.031853 -0.011811 -0.005015
v -0.034119 -0.011175 -0.002659
v -0.032139 -0.011810 -0.002492
v 0.015518 -0.011176 0.030489
v 0.014626 -0.011811 0.028714
v 0.017870 -0.011176 0.029162
v 0.016825 -0.011811 0.027479
v -0.034119 -0.011175 -0.002659
v -0.032139 -0.011810 -0.002492
v -0.034232 -0.011175 0.000031
v -0.032251 -0.011811 0.000031
v 0.007475 -0.011810 -0.031331
v 0.007955 -0.011175 -0.033250
v 0.009921 -0.011810 -0.030645
v 0.010531 -0.011175 -0.032537
v -0.031636 -0.011175 -0.013060
v -0.029804 -0.011810 -0.012300
v -0.032568 -0.011175 -0.010539
v -0.030676 -0.011810 -0.009929
v -0.030513 -0.011175 -0.015506
v -0.028742 -0.011810 -0.014596
v -0.031636 -0.011175 -0.013060
v -0.029804 -0.011810 -0.012300
v -0.034232 -0.011175 0.000031
v -0.032251 -0.011811 0.000031
v -0.034119 -0.011175 0.002701
v -0.032138 -0.011810 0.002554
v 0.034080 -0.011175 0.002682
v 0.032099 -0.011810 0.002516
v 0.034193 -0.011175 -0.000007
v 0.032212 -0.011811 -0.000007
v 0.032528 -0.011176 0.010562
v 0.030635 -0.011811 0.009952
v 0.033242 -0.011176 0.007986
v 0.031321 -0.011811 0.007506
v 0.009921 -0.011810 -0.030645
v 0.010531 -0.011175 -0.032537
v 0.012293 -0.011810 -0.029774
v 0.013053 -0.011175 -0.031605
v 0.020906 -0.011810 -0.024499
v 0.022184 -0.011175 -0.026020
v 0.022765 -0.011810 -0.022792
v 0.024165 -0.011175 -0.024191
v -0.002562 -0.011809 -0.032109
v -0.002709 -0.011175 -0.034089
v -0.000038 -0.011810 -0.032222
v -0.000038 -0.011175 -0.034202
v 0.002651 -0.011175 -0.034089
v 0.002485 -0.011809 -0.032109
v -0.000038 -0.011175 -0.034202
v -0.000038 -0.011810 -0.032222
v -0.010570 -0.011176 0.032559
v -0.009959 -0.011811 0.030666
v -0.007994 -0.011176 0.033273
v -0.007513 -0.011811 0.031351
v -0.013091 -0.011176 0.031627
v -0.012331 -0.011811 0.029794
v -0.010570 -0.011176 0.032559
v -0.009959 -0.011811 0.030666
v -0.000001 -0.011176 0.034224
v -0.000000 -0.011811 0.032242
v 0.002670 -0.011176 0.034111
v 0.002522 -0.011811 0.032129
v -0.032568 -0.011175 -0.010539
v -0.030676 -0.011810 -0.009929
v -0.033281 -0.011175 -0.007963
v -0.031362 -0.011810 -0.007482
v 0.030474 -0.011176 0.015530
v 0.028701 -0.011811 0.014619
v 0.031596 -0.011176 0.013084
v 0.029764 -0.011811 0.012324
v 0.031596 -0.011176 0.013084
v 0.029764 -0.011811 0.012324
v 0.032528 -0.011176 0.010562
v 0.030635 -0.011811 0.009952
v -0.002690 -0.011176 0.034111
v -0.002523 -0.011811 0.032129
v -0.000001 -0.011176 0.034224
v -0.000000 -0.011811 0.032242
v -0.015537 -0.011176 0.030505
v -0.014626 -0.011811 0.028732
v -0.013091 -0.011176 0.031627
v -0.012331 -0.011811 0.029794
v 0.032100 -0.011810 -0.002530
v 0.034080 -0.011175 -0.002677
v 0.032212 -0.011811 -0.000007
v 0.034193 -0.011175 -0.000007
v 0.010569 -0.011176 0.032543
v 0.009959 -0.011812 0.030649
v 0.013089 -0.011176 0.031625
v 0.012330 -0.011811 0.029776
v 0.018896 -0.011810 -0.026075
v 0.020074 -0.011175 -0.027682
v 0.020906 -0.011810 -0.024499
v 0.022184 -0.011175 -0.026020
v -0.031633 -0.011176 0.013120
v -0.029784 -0.011811 0.012362
v -0.030497 -0.011176 0.015550
v -0.028723 -0.011811 0.014658
v 0.013089 -0.011176 0.031625
v 0.012330 -0.011811 0.029776
v 0.015518 -0.011176 0.030489
v 0.014626 -0.011811 0.028714
v 0.031303 -0.011810 -0.007520
v 0.033240 -0.011176 -0.007981
v 0.031796 -0.011810 -0.005053
v 0.033762 -0.011175 -0.005366
v -0.034119 -0.011175 0.002701
v -0.032138 -0.011810 0.002554
v -0.033801 -0.011175 0.005390
v -0.031834 -0.011810 0.005077
v 0.012293 -0.011810 -0.029774
v 0.013053 -0.011175 -0.031605
v 0.014589 -0.011810 -0.028711
v 0.015499 -0.011175 -0.030483
v -0.026051 -0.011175 -0.022192
v -0.024530 -0.011810 -0.020913
v -0.027713 -0.011175 -0.020081
v -0.026106 -0.011810 -0.018903
v 0.028686 -0.011810 -0.014635
v 0.030459 -0.011175 -0.015526
v 0.029747 -0.011810 -0.012339
v 0.031595 -0.011175 -0.013097
v 0.007973 -0.011176 0.033270
v 0.007512 -0.011811 0.031332
v 0.010569 -0.011176 0.032543
v 0.009959 -0.011812 0.030649
v -0.005398 -0.011175 -0.033770
v -0.005085 -0.011810 -0.031804
v -0.008012 -0.011175 -0.033248
v -0.007552 -0.011810 -0.031312
v 0.031796 -0.011810 -0.005053
v 0.033762 -0.011175 -0.005366
v 0.032100 -0.011810 -0.002530
v 0.034080 -0.011175 -0.002677
v -0.017891 -0.011176 0.029181
v -0.016847 -0.011811 0.027482
v -0.015537 -0.011176 0.030505
v -0.014626 -0.011811 0.028732
v 0.026011 -0.011176 0.022215
v 0.024489 -0.011811 0.020935
v 0.027673 -0.011176 0.020105
v 0.026065 -0.011811 0.018926
v 0.030621 -0.011810 -0.009967
v 0.032512 -0.011175 -0.010577
v 0.031303 -0.011810 -0.007520
v 0.033240 -0.011176 -0.007981
v 0.005358 -0.011176 0.033792
v 0.005045 -0.011811 0.031824
v 0.007973 -0.011176 0.033270
v 0.007512 -0.011811 0.031332
v 0.002670 -0.011176 0.034111
v 0.002522 -0.011811 0.032129
v 0.005358 -0.011176 0.033792
v 0.005045 -0.011811 0.031824
v -0.033801 -0.011175 0.005390
v -0.031834 -0.011810 0.005077
v -0.033278 -0.011176 0.008004
v -0.031341 -0.011811 0.007544
v -0.033278 -0.011176 0.008004
v -0.031341 -0.011811 0.007544
v -0.032551 -0.011176 0.010601
v -0.030659 -0.011811 0.009991
v -0.032551 -0.011176 0.010601
v -0.030659 -0.011811 0.009991
v -0.031633 -0.011176 0.013120
v -0.029784 -0.011811 0.012362
v -0.013128 -0.011175 -0.031602
v -0.012370 -0.011810 -0.029755
v -0.015557 -0.011175 -0.030466
v -0.014666 -0.011810 -0.028693
v -0.008012 -0.011175 -0.033248
v -0.007552 -0.011810 -0.031312
v -0.010608 -0.011175 -0.032521
v -0.009999 -0.011810 -0.030630
v -0.005085 -0.011810 -0.031804
v -0.005398 -0.011175 -0.033770
v -0.002562 -0.011809 -0.032109
v -0.002709 -0.011175 -0.034089
v -0.022222 -0.011176 0.026043
v -0.020943 -0.011811 0.024520
v -0.020112 -0.011176 0.027705
v -0.018933 -0.011811 0.026096
v -0.029189 -0.011175 -0.017860
v -0.027492 -0.011810 -0.016817
v -0.030513 -0.011175 -0.015506
v -0.028742 -0.011810 -0.014596
v 0.014589 -0.011810 -0.028711
v 0.015499 -0.011175 -0.030483
v 0.016810 -0.011810 -0.027461
v 0.017852 -0.011175 -0.029158
v -0.027713 -0.011175 -0.020081
v -0.026106 -0.011810 -0.018903
v -0.029189 -0.011175 -0.017860
v -0.027492 -0.011810 -0.016817
v 0.029150 -0.011176 0.017883
v 0.027451 -0.011811 0.016840
v 0.030474 -0.011176 0.015530
v 0.028701 -0.011811 0.014619
v -0.010608 -0.011175 -0.032521
v -0.009999 -0.011810 -0.030630
v -0.013128 -0.011175 -0.031602
v -0.012370 -0.011810 -0.029755
v -0.020112 -0.011176 0.027705
v -0.018933 -0.011811 0.026096
v -0.017891 -0.011176 0.029181
v -0.016847 -0.011811 0.027482
v 0.027673 -0.011176 0.020105
v 0.026065 -0.011811 0.018926
v 0.029150 -0.011176 0.017883
v 0.027451 -0.011811 0.016840
v 0.016810 -0.011810 -0.027461
v 0.017852 -0.011175 -0.029158
v 0.018896 -0.011810 -0.026075
v 0.020074 -0.011175 -0.027682
v 0.029747 -0.011810 -0.012339
v 0.031595 -0.011175 -0.013097
v 0.030621 -0.011810 -0.009967
v 0.032512 -0.011175 -0.010577
v 0.034080 0.011966 -0.002677
v 0.030082 0.012844 -0.002368
v 0.034193 0.011966 -0.000007
v 0.030180 0.012845 -0.000007
v -0.030121 0.012845 -0.002348
v -0.034119 0.011966 -0.002659
v -0.030218 0.012845 0.000031
v -0.034232 0.011966 0.000031
v 0.030082 0.012844 0.002353
v 0.034080 0.011966 0.002682
v 0.030180 0.012845 -0.000007
v 0.034193 0.011966 -0.000007
v -0.000039 0.012845 -0.030187
v -0.000038 0.011966 -0.034201
v -0.002399 0.012844 -0.030089
v -0.002709 0.011966 -0.034088
v -0.002360 0.012844 0.030114
v -0.002690 0.011966 0.034112
v -0.000000 0.012845 0.030211
v -0.000001 0.011966 0.034225
v -0.030218 0.012845 0.000031
v -0.034232 0.011966 0.000031
v -0.030121 0.012844 0.002391
v -0.034119 0.011966 0.002701
v 0.002341 0.012845 -0.030089
v 0.002651 0.011966 -0.034088
v -0.000039 0.012845 -0.030187
v -0.000038 0.011966 -0.034201
v -0.000000 0.012845 0.030211
v -0.000001 0.011966 0.034225
v 0.002360 0.012844 0.030114
v 0.002670 0.011966 0.034112
v -0.004721 0.012844 0.029828
v -0.005361 0.011966 0.033797
v -0.002360 0.012844 0.030114
v -0.002690 0.011966 0.034112
v -0.029830 0.012845 0.004752
v -0.033800 0.011967 0.005390
v -0.029368 0.012844 0.007073
v -0.033279 0.011966 0.008004
v -0.015786 0.012845 0.025760
v -0.017891 0.011967 0.029181
v -0.013716 0.012845 0.026921
v -0.015537 0.011967 0.030506
v 0.028690 0.012844 0.009337
v 0.032528 0.011967 0.010562
v 0.029347 0.012845 0.007035
v 0.033242 0.011966 0.007986
v 0.032512 0.011967 -0.010577
v 0.028690 0.012845 -0.009332
v 0.033240 0.011966 -0.007981
v 0.029329 0.012844 -0.007050
v -0.026929 0.012845 -0.013684
v -0.030513 0.011967 -0.015506
v -0.027917 0.012844 -0.011538
v -0.031636 0.011966 -0.013060
v -0.024434 0.012845 0.017771
v -0.027694 0.011967 0.020124
v -0.022966 0.012844 0.019631
v -0.026017 0.011966 0.022237
v -0.028729 0.012844 -0.009313
v -0.032566 0.011967 -0.010557
v -0.029386 0.012845 -0.007010
v -0.033281 0.011966 -0.007963
v 0.021320 0.012844 -0.021347
v 0.024164 0.011967 -0.024191
v 0.019579 0.012844 -0.022953
v 0.022184 0.011966 -0.026020
v 0.027879 0.012844 0.011562
v 0.031597 0.011966 0.013084
v 0.028690 0.012844 0.009337
v 0.032528 0.011967 0.010562
v 0.017703 0.012844 -0.024424
v 0.020074 0.011967 -0.027682
v 0.015747 0.012845 -0.025736
v 0.017852 0.011967 -0.029157
v -0.011588 0.012845 -0.027884
v -0.013128 0.011967 -0.031602
v -0.013737 0.012844 -0.026880
v -0.015557 0.011966 -0.030466
v 0.033762 0.011967 -0.005366
v 0.029791 0.012845 -0.004728
v 0.034080 0.011966 -0.002677
v 0.030082 0.012844 -0.002368
v -0.007042 0.012845 0.029379
v -0.007994 0.011966 0.033273
v -0.004721 0.012844 0.029828
v -0.005361 0.011966 0.033797
v -0.009344 0.012844 0.028722
v -0.010570 0.011967 0.032560
v -0.007042 0.012845 0.029379
v -0.007994 0.011966 0.033273
v -0.011569 0.012844 0.027910
v -0.013092 0.011966 0.031628
v -0.009344 0.012844 0.028722
v -0.010570 0.011967 0.032560
v -0.013716 0.012845 0.026921
v -0.015537 0.011967 0.030506
v -0.011569 0.012844 0.027910
v -0.013092 0.011966 0.031628
v 0.024416 0.012844 0.017734
v 0.027674 0.011967 0.020105
v 0.025729 0.012845 0.015778
v 0.029150 0.011967 0.017883
v 0.021340 0.012844 0.021352
v 0.024183 0.011967 0.024196
v 0.022946 0.012844 0.019611
v 0.026012 0.011966 0.022216
v -0.022966 0.012844 0.019631
v -0.026017 0.011966 0.022237
v -0.021359 0.012844 0.021371
v -0.024203 0.011967 0.024215
v 0.009305 0.012844 -0.028698
v 0.010531 0.011967 -0.032536
v 0.007003 0.012845 -0.029355
v 0.007955 0.011966 -0.033250
v 0.017740 0.012845 0.024426
v 0.020092 0.011967 0.027687
v 0.019599 0.012844 0.022959
v 0.022205 0.011966 0.026009
v -0.013737 0.012844 -0.026880
v -0.015557 0.011966 -0.030466
v -0.015805 0.012845 -0.025718
v -0.017910 0.011967 -0.029139
v 0.011549 0.012845 0.027908
v 0.013089 0.011967 0.031626
v 0.013698 0.012844 0.026905
v 0.015518 0.011966 0.030490
v -0.009363 0.012845 -0.028697
v -0.010608 0.011967 -0.032519
v -0.011588 0.012845 -0.027884
v -0.013128 0.011967 -0.031602
v -0.030121 0.012844 0.002391
v -0.034119 0.011966 0.002701
v -0.029830 0.012845 0.004752
v -0.033800 0.011967 0.005390
v 0.004720 0.012845 0.029823
v 0.005359 0.011967 0.033793
v 0.007042 0.012844 0.029361
v 0.007973 0.011966 0.033271
v -0.007081 0.012844 -0.029336
v -0.008012 0.011966 -0.033247
v -0.009363 0.012845 -0.028697
v -0.010608 0.011967 -0.032519
v 0.007003 0.012845 -0.029355
v 0.007955 0.011966 -0.033250
v 0.004682 0.012844 -0.029804
v 0.005322 0.011966 -0.033773
v 0.011531 0.012844 -0.027886
v 0.013053 0.011966 -0.031604
v 0.009305 0.012844 -0.028698
v 0.010531 0.011967 -0.032536
v -0.026912 0.012844 0.013729
v -0.030497 0.011966 0.015550
v -0.025749 0.012845 0.015798
v -0.029170 0.011967 0.017902
v -0.024455 0.012844 -0.017710
v -0.027713 0.011967 -0.020081
v -0.025767 0.012845 -0.015754
v -0.029189 0.011967 -0.017859
v -0.021359 0.012844 0.021371
v -0.024203 0.011967 0.024215
v -0.019618 0.012844 0.022977
v -0.022223 0.011966 0.026044
v 0.022927 0.012844 -0.019607
v 0.025978 0.011966 -0.022213
v 0.021320 0.012844 -0.021347
v 0.024164 0.011967 -0.024191
v -0.017779 0.012845 -0.024402
v -0.020131 0.011967 -0.027663
v -0.019638 0.012844 -0.022935
v -0.022244 0.011966 -0.025985
v 0.025710 0.012845 -0.015774
v 0.029131 0.011967 -0.017878
v 0.024395 0.012845 -0.017747
v 0.027655 0.011967 -0.020100
v -0.025767 0.012845 -0.015754
v -0.029189 0.011967 -0.017859
v -0.026929 0.012845 -0.013684
v -0.030513 0.011967 -0.015506
v -0.027915 0.012845 0.011580
v -0.031633 0.011967 0.013121
v -0.026912 0.012844 0.013729
v -0.030497 0.011966 0.015550
v -0.027917 0.012844 -0.011538
v -0.031636 0.011966 -0.013060
v -0.028729 0.012844 -0.009313
v -0.032566 0.011967 -0.010557
v -0.028729 0.012845 0.009356
v -0.032551 0.011967 0.010601
v -0.027915 0.012845 0.011580
v -0.031633 0.011967 0.013121
v -0.029368 0.012844 0.007073
v -0.033279 0.011966 0.008004
v -0.028729 0.012845 0.009356
v -0.032551 0.011967 0.010601
v -0.004759 0.012845 -0.029799
v -0.005397 0.011967 -0.033769
v -0.007081 0.012844 -0.029336
v -0.008012 0.011966 -0.033247
v -0.029835 0.012844 -0.004690
v -0.033804 0.011966 -0.005329
v -0.030121 0.012845 -0.002348
v -0.034119 0.011966 -0.002659
v 0.029796 0.012844 0.004714
v 0.033765 0.011966 0.005353
v 0.030082 0.012844 0.002353
v 0.034080 0.011966 0.002682
v 0.026890 0.012845 0.013708
v 0.030474 0.011967 0.015530
v 0.027879 0.012844 0.011562
v 0.031597 0.011966 0.013084
v 0.013698 0.012844 0.026905
v 0.015518 0.011966 0.030490
v 0.015767 0.012845 0.025742
v 0.017871 0.011967 0.029163
v -0.019638 0.012844 -0.022935
v -0.022244 0.011966 -0.025985
v -0.021379 0.012844 -0.021328
v -0.024222 0.011967 -0.024172
v -0.021379 0.012844 -0.021328
v -0.024222 0.011967 -0.024172
v -0.022984 0.012844 -0.019586
v -0.026051 0.011966 -0.022191
v 0.024395 0.012845 -0.017747
v 0.027655 0.011967 -0.020100
v 0.022927 0.012844 -0.019607
v 0.025978 0.011966 -0.022213
v -0.015805 0.012845 -0.025718
v -0.017910 0.011967 -0.029139
v -0.017779 0.012845 -0.024402
v -0.020131 0.011967 -0.027663
v 0.026873 0.012844 -0.013705
v 0.030458 0.011966 -0.015526
v 0.025710 0.012845 -0.015774
v 0.029131 0.011967 -0.017878
v 0.033240 0.011966 -0.007981
v 0.029329 0.012844 -0.007050
v 0.033762 0.011967 -0.005366
v 0.029791 0.012845 -0.004728
v -0.025749 0.012845 0.015798
v -0.029170 0.011967 0.017902
v -0.024434 0.012845 0.017771
v -0.027694 0.011967 0.020124
v -0.002399 0.012844 -0.030089
v -0.002709 0.011966 -0.034088
v -0.004759 0.012845 -0.029799
v -0.005397 0.011967 -0.033769
v 0.004682 0.012844 -0.029804
v 0.005322 0.011966 -0.033773
v 0.002341 0.012845 -0.030089
v 0.002651 0.011966 -0.034088
v 0.029347 0.012845 0.007035
v 0.033242 0.011966 0.007986
v 0.029796 0.012844 0.004714
v 0.033765 0.011966 0.005353
v 0.013677 0.012845 -0.026897
v 0.015498 0.011967 -0.030482
v 0.011531 0.012844 -0.027886
v 0.013053 0.011966 -0.031604
v 0.025729 0.012845 0.015778
v 0.029150 0.011967 0.017883
v 0.026890 0.012845 0.013708
v 0.030474 0.011967 0.015530
v -0.017742 0.012844 0.024448
v -0.020113 0.011967 0.027705
v -0.015786 0.012845 0.025760
v -0.017891 0.011967 0.029181
v -0.029386 0.012845 -0.007010
v -0.033281 0.011966 -0.007963
v -0.029835 0.012844 -0.004690
v -0.033804 0.011966 -0.005329
v 0.019599 0.012844 0.022959
v 0.022205 0.011966 0.026009
v 0.021340 0.012844 0.021352
v 0.024183 0.011967 0.024196
v 0.015767 0.012845 0.025742
v 0.017871 0.011967 0.029163
v 0.017740 0.012845 0.024426
v 0.020092 0.011967 0.027687
v 0.015747 0.012845 -0.025736
v 0.017852 0.011967 -0.029157
v 0.013677 0.012845 -0.026897
v 0.015498 0.011967 -0.030482
v 0.027876 0.012845 -0.011556
v 0.031594 0.011967 -0.013097
v 0.026873 0.012844 -0.013705
v 0.030458 0.011966 -0.015526
v 0.028690 0.012845 -0.009332
v 0.032512 0.011967 -0.010577
v 0.027876 0.012845 -0.011556
v 0.031594 0.011967 -0.013097
v 0.009325 0.012845 0.028721
v 0.010569 0.011967 0.032543
v 0.011549 0.012845 0.027908
v 0.013089 0.011967 0.031626
v 0.007042 0.012844 0.029361
v 0.007973 0.011966 0.033271
v 0.009325 0.012845 0.028721
v 0.010569 0.011967 0.032543
v 0.002360 0.012844 0.030114
v 0.002670 0.011966 0.034112
v 0.004720 0.012845 0.029823
v 0.005359 0.011967 0.033793
v -0.019618 0.012844 0.022977
v -0.022223 0.011966 0.026044
v -0.017742 0.012844 0.024448
v -0.020113 0.011967 0.027705
v 0.019579 0.012844 -0.022953
v 0.022184 0.011966 -0.026020
v 0.017703 0.012844 -0.024424
v 0.020074 0.011967 -0.027682
v -0.022984 0.012844 -0.019586
v -0.026051 0.011966 -0.022191
v -0.024455 0.012844 -0.017710
v -0.027713 0.011967 -0.020081
v 0.022946 0.012844 0.019611
v 0.026012 0.011966 0.022216
v 0.024416 0.012844 0.017734
v 0.027674 0.011967 0.020105
v 0.027870 0.012938 0.004413
v 0.029796 0.012844 0.004714
v 0.028128 0.012938 0.002213
v 0.030082 0.012844 0.002353
v -0.022852 0.012937 0.016622
v -0.024434 0.012845 0.017771
v -0.021486 0.012938 0.018366
v -0.022966 0.012844 0.019631
v 0.002181 0.012938 -0.028135
v 0.002341 0.012845 -0.030089
v -0.000039 0.012937 -0.028231
v -0.000039 0.012845 -0.030187
v 0.004381 0.012938 -0.027877
v 0.004682 0.012844 -0.029804
v 0.002181 0.012938 -0.028135
v 0.002341 0.012845 -0.030089
v 0.019960 0.012937 0.019971
v 0.021340 0.012844 0.021352
v 0.021466 0.012938 0.018347
v 0.022946 0.012844 0.019611
v 0.021466 0.012938 0.018347
v 0.022833 0.012937 0.016602
v 0.024416 0.012844 0.017734
v -0.028167 0.012938 -0.002188
v -0.030121 0.012845 -0.002348
v -0.028263 0.012937 0.000032
v -0.030218 0.012845 0.000031
v 0.026085 0.012938 0.010795
v 0.027879 0.012844 0.011562
v 0.026836 0.012937 0.008733
v 0.028690 0.012844 0.009337
v -0.027909 0.012938 -0.004388
v -0.029835 0.012844 -0.004690
v -0.028167 0.012938 -0.002188
v -0.030121 0.012845 -0.002348
v -0.021505 0.012938 -0.018322
v -0.022984 0.012844 -0.019586
v -0.022872 0.012937 -0.016577
v -0.024455 0.012844 -0.017710
v 0.021447 0.012938 -0.018342
v 0.022927 0.012844 -0.019607
v 0.019940 0.012937 -0.019967
v 0.021320 0.012844 -0.021347
v -0.019998 0.012937 -0.019947
v -0.021379 0.012844 -0.021328
v -0.021505 0.012938 -0.018322
v -0.010802 0.012938 0.026116
v -0.011569 0.012844 0.027910
v -0.008740 0.012937 0.026868
v -0.009344 0.012844 0.028722
v -0.028167 0.012938 0.002252
v -0.030121 0.012844 0.002391
v -0.002220 0.012938 0.028160
v -0.002360 0.012844 0.030114
v 0.000000 0.012937 0.028256
v -0.000000 0.012845 0.030211
v -0.004420 0.012938 0.027902
v -0.004721 0.012844 0.029828
v -0.002220 0.012938 0.028160
v -0.002360 0.012844 0.030114
v -0.026124 0.012938 -0.010770
v -0.027917 0.012844 -0.011538
v -0.026875 0.012937 -0.008708
v -0.028729 0.012844 -0.009313
v -0.018354 0.012938 0.021498
v -0.019618 0.012844 0.022977
v -0.016609 0.012937 0.022865
v -0.017742 0.012844 0.024448
v -0.018374 0.012938 -0.021454
v -0.019638 0.012844 -0.022935
v -0.019979 0.012937 0.019991
v -0.021359 0.012844 0.021371
v -0.018354 0.012938 0.021498
v -0.002259 0.012938 -0.028135
v -0.002399 0.012844 -0.030089
v -0.016629 0.012937 -0.022821
v -0.017779 0.012845 -0.024402
v -0.018374 0.012938 -0.021454
v -0.019638 0.012844 -0.022935
v 0.028128 0.012938 0.002213
v 0.030082 0.012844 0.002353
v 0.028224 0.012937 -0.000007
v 0.030180 0.012845 -0.000007
v 0.028128 0.012938 -0.002228
v 0.030082 0.012844 -0.002368
v 0.010763 0.012938 -0.026092
v 0.011531 0.012844 -0.027886
v 0.008701 0.012937 -0.026843
v 0.009305 0.012844 -0.028698
v 0.018315 0.012938 -0.021473
v 0.019579 0.012844 -0.022953
v 0.016570 0.012937 -0.022840
v 0.017703 0.012844 -0.024424
v 0.018315 0.012938 -0.021473
v 0.016590 0.012937 0.022845
v 0.017740 0.012845 0.024426
v 0.018335 0.012938 0.021479
v 0.019599 0.012844 0.022959
v 0.018335 0.012938 0.021479
v 0.019599 0.012844 0.022959
v -0.021486 0.012938 0.018366
v -0.022966 0.012844 0.019631
v 0.022813 0.012937 -0.016597
v 0.024395 0.012845 -0.017747
v 0.021447 0.012938 -0.018342
v 0.022927 0.012844 -0.019607
v 0.002221 0.012938 0.028160
v 0.002360 0.012844 0.030114
v 0.024042 0.012937 -0.014754
v 0.025710 0.012845 -0.015774
v 0.022813 0.012937 -0.016597
v 0.024395 0.012845 -0.017747
v -0.006599 0.012935 0.027479
v -0.007042 0.012845 0.029379
v 0.029329 0.012844 -0.007050
v 0.027432 0.012938 -0.006588
v 0.029791 0.012845 -0.004728
v 0.027863 0.012935 -0.004427
v 0.027447 0.012935 0.006592
v 0.029347 0.012845 0.007035
v 0.022833 0.012937 0.016602
v 0.024416 0.012844 0.017734
v 0.024059 0.012936 0.014757
v 0.025729 0.012845 0.015778
v -0.014785 0.012937 -0.024049
v -0.015805 0.012845 -0.025718
v -0.016629 0.012937 -0.022821
v -0.017779 0.012845 -0.024402
v -0.016609 0.012937 0.022865
v -0.017742 0.012844 0.024448
v -0.014764 0.012936 0.024091
v -0.015786 0.012845 0.025760
v -0.025170 0.012937 0.012855
v -0.026912 0.012844 0.013729
v -0.024081 0.012937 0.014778
v -0.025749 0.012845 0.015798
v -0.010842 0.012938 -0.026072
v -0.011588 0.012845 -0.027884
v -0.012862 0.012937 -0.025139
v -0.013737 0.012844 -0.026880
v 0.006581 0.012938 0.027464
v 0.007042 0.012844 0.029361
v 0.008720 0.012935 0.026864
v 0.009325 0.012845 0.028721
v -0.028167 0.012938 0.002252
v -0.030121 0.012844 0.002391
v -0.027902 0.012935 0.004451
v -0.029830 0.012845 0.004752
v 0.004420 0.012935 0.027895
v 0.004720 0.012845 0.029823
v 0.006581 0.012938 0.027464
v 0.007042 0.012844 0.029361
v 0.012784 0.012937 -0.025158
v 0.013677 0.012845 -0.026897
v 0.010763 0.012938 -0.026092
v 0.011531 0.012844 -0.027886
v -0.022852 0.012937 0.016622
v -0.024434 0.012845 0.017771
v -0.026104 0.012938 0.010835
v -0.027915 0.012845 0.011580
v -0.004459 0.012935 -0.027870
v -0.004759 0.012845 -0.029799
v -0.006620 0.012938 -0.027440
v -0.007081 0.012844 -0.029336
v -0.002259 0.012938 -0.028135
v -0.002399 0.012844 -0.030089
v 0.002221 0.012938 0.028160
v 0.002360 0.012844 0.030114
v -0.027486 0.012935 -0.006567
v -0.029386 0.012845 -0.007010
v -0.025190 0.012937 -0.012791
v -0.026929 0.012845 -0.013684
v -0.026124 0.012938 -0.010770
v -0.027917 0.012844 -0.011538
v -0.022872 0.012937 -0.016577
v -0.024455 0.012844 -0.017710
v -0.024098 0.012936 -0.014732
v -0.025767 0.012845 -0.015754
v -0.012823 0.012937 0.025183
v -0.013716 0.012845 0.026921
v -0.010802 0.012938 0.026116
v -0.011569 0.012844 0.027910
v 0.012824 0.012937 0.025163
v 0.013698 0.012844 0.026905
v 0.014747 0.012937 0.024074
v 0.015767 0.012845 0.025742
v 0.026065 0.012938 -0.010810
v 0.027876 0.012845 -0.011556
v 0.025131 0.012937 -0.012831
v 0.026873 0.012844 -0.013705
v -0.006620 0.012938 -0.027440
v -0.007081 0.012844 -0.029336
v -0.008759 0.012935 -0.026840
v -0.009363 0.012845 -0.028697
v -0.027471 0.012938 0.006612
v -0.029368 0.012844 0.007073
v -0.026872 0.012935 0.008752
v -0.028729 0.012845 0.009356
v 0.006560 0.012935 -0.027454
v 0.007003 0.012845 -0.029355
v 0.010803 0.012938 0.026097
v 0.011549 0.012845 0.027908
v 0.025151 0.012937 0.012816
v 0.026890 0.012845 0.013708
v 0.026085 0.012938 0.010795
v 0.027879 0.012844 0.011562
v 0.016570 0.012937 -0.022840
v 0.017703 0.012844 -0.024424
v 0.014725 0.012936 -0.024067
v 0.015747 0.012845 -0.025736
v 0.016590 0.012937 0.022845
v 0.017740 0.012845 0.024426
v 0.027432 0.012938 -0.006588
v 0.029329 0.012844 -0.007050
v 0.026833 0.012935 -0.008727
v 0.028690 0.012845 -0.009332
v -0.027471 0.012938 0.006612
v -0.029368 0.012844 0.007073
v 0.030082 0.012844 -0.002368
v 0.028128 0.012938 -0.002228
v 0.010803 0.012938 0.026097
v 0.011549 0.012845 0.027908
v 0.027447 0.012935 0.006592
v 0.029347 0.012845 0.007035
v -0.010842 0.012938 -0.026072
v -0.011588 0.012845 -0.027884
v -0.027486 0.012935 -0.006567
v -0.029386 0.012845 -0.007010
v -0.026104 0.012938 0.010835
v -0.027915 0.012845 0.011580
v 0.026065 0.012938 -0.010810
v 0.027876 0.012845 -0.011556
v -0.006599 0.012935 0.027479
v -0.007042 0.012845 0.029379
v 0.006560 0.012935 -0.027454
v 0.007003 0.012845 -0.029355
v 0.005045 -0.011811 0.031824
v 0.004734 -0.012073 0.029923
v 0.007512 -0.011811 0.031332
v 0.007072 -0.012072 0.029460
v -0.002523 -0.011811 0.032129
v -0.002377 -0.012072 0.030214
v -0.000000 -0.011811 0.032242
v -0.000000 -0.012072 0.030311
v -0.018933 -0.011811 0.026096
v -0.017797 -0.012072 0.024534
v -0.016847 -0.011811 0.027482
v -0.015827 -0.012071 0.025849
v -0.011594 -0.012072 0.028011
v -0.012331 -0.011811 0.029794
v -0.013758 -0.012072 0.027007
v -0.014626 -0.011811 0.028732
v -0.016847 -0.011811 0.027482
v -0.015827 -0.012071 0.025849
v -0.014626 -0.011811 0.028732
v -0.013758 -0.012072 0.027007
v -0.005046 -0.011812 0.031843
v -0.004735 -0.012073 0.029926
v -0.002523 -0.011811 0.032129
v -0.002377 -0.012072 0.030214
v 0.026065 -0.011811 0.018926
v 0.024503 -0.012071 0.017791
v 0.027451 -0.011811 0.016840
v 0.025818 -0.012070 0.015820
v 0.009353 -0.012072 0.028807
v 0.009959 -0.011812 0.030649
v 0.007072 -0.012072 0.029460
v 0.007512 -0.011811 0.031332
v 0.002522 -0.011811 0.032129
v 0.002377 -0.012070 0.030198
v 0.005045 -0.011811 0.031824
v 0.004734 -0.012073 0.029923
v -0.026083 -0.011811 0.018962
v -0.024521 -0.012072 0.017828
v -0.024511 -0.011811 0.020956
v -0.023036 -0.012071 0.019705
v 0.027451 -0.011811 0.016840
v 0.025818 -0.012070 0.015820
v 0.028701 -0.011811 0.014619
v 0.026976 -0.012071 0.013752
v -0.024521 -0.012072 0.017828
v -0.026083 -0.011811 0.018962
v -0.025837 -0.012070 0.015858
v -0.027488 -0.011811 0.016857
v -0.012331 -0.011811 0.029794
v -0.011594 -0.012072 0.028011
v -0.009959 -0.011811 0.030666
v -0.009372 -0.012072 0.028823
v -0.024511 -0.011811 0.020956
v -0.023036 -0.012071 0.019705
v -0.022802 -0.011811 0.022814
v -0.021432 -0.012071 0.021444
v -0.000000 -0.011811 0.032242
v -0.000000 -0.012072 0.030311
v 0.002522 -0.011811 0.032129
v 0.002377 -0.012070 0.030198
v 0.032099 -0.011810 0.002516
v 0.030186 -0.012069 0.002370
v 0.032212 -0.011811 -0.000007
v 0.030284 -0.012068 -0.000007
v -0.031834 -0.011810 0.005077
v -0.029936 -0.012068 0.004766
v -0.031341 -0.011811 0.007544
v -0.029470 -0.012069 0.007104
v 0.029764 -0.011811 0.012324
v 0.027982 -0.012070 0.011588
v 0.030635 -0.011811 0.009952
v 0.028793 -0.012070 0.009365
v 0.016825 -0.011811 0.027479
v 0.015825 -0.012072 0.025827
v 0.018930 -0.011812 0.026075
v 0.017797 -0.012072 0.024496
v 0.014626 -0.011811 0.028714
v 0.013740 -0.012071 0.026991
v 0.016825 -0.011811 0.027479
v 0.015825 -0.012072 0.025827
v -0.020943 -0.011811 0.024520
v -0.019674 -0.012070 0.023048
v -0.018933 -0.011811 0.026096
v -0.017797 -0.012072 0.024534
v 0.018930 -0.011812 0.026075
v 0.017797 -0.012072 0.024496
v 0.020924 -0.011811 0.024503
v 0.019673 -0.012071 0.023028
v 0.009959 -0.011812 0.030649
v 0.009353 -0.012072 0.028807
v 0.012330 -0.011811 0.029776
v 0.011594 -0.012072 0.027993
v 0.029432 -0.012069 -0.007080
v 0.031303 -0.011810 -0.007520
v 0.029897 -0.012068 -0.004742
v 0.031796 -0.011810 -0.005053
v 0.020924 -0.011811 0.024503
v 0.019673 -0.012071 0.023028
v 0.022782 -0.011811 0.022795
v 0.021412 -0.012071 0.021424
v 0.028701 -0.011811 0.014619
v 0.026976 -0.012071 0.013752
v 0.029764 -0.011811 0.012324
v 0.027982 -0.012070 0.011588
v -0.007513 -0.011811 0.031351
v -0.007073 -0.012072 0.029464
v -0.005046 -0.011812 0.031843
v -0.004735 -0.012073 0.029926
v -0.009959 -0.011811 0.030666
v -0.009372 -0.012072 0.028823
v -0.007513 -0.011811 0.031351
v -0.007073 -0.012072 0.029464
v 0.012330 -0.011811 0.029776
v 0.011594 -0.012072 0.027993
v 0.014626 -0.011811 0.028714
v 0.013740 -0.012071 0.026991
v -0.030659 -0.011811 0.009991
v -0.028818 -0.012068 0.009386
v -0.029784 -0.011811 0.012362
v -0.028002 -0.012070 0.011626
v -0.032139 -0.011810 -0.002492
v -0.030226 -0.012067 -0.002346
v -0.032251 -0.011811 0.000031
v -0.030323 -0.012068 0.000031
v -0.028742 -0.011810 -0.014596
v -0.027019 -0.012067 -0.013729
v -0.029804 -0.011810 -0.012300
v -0.028023 -0.012067 -0.011565
v -0.031341 -0.011811 0.007544
v -0.029470 -0.012069 0.007104
v -0.030659 -0.011811 0.009991
v -0.028818 -0.012068 0.009386
v -0.032138 -0.011810 0.002554
v -0.030209 -0.012067 0.002409
v -0.031834 -0.011810 0.005077
v -0.029936 -0.012068 0.004766
v 0.031814 -0.011811 0.005039
v 0.029899 -0.012068 0.004728
v 0.032099 -0.011810 0.002516
v 0.030186 -0.012069 0.002370
v -0.022802 -0.011811 0.022814
v -0.021432 -0.012071 0.021444
v -0.020943 -0.011811 0.024520
v -0.019674 -0.012070 0.023048
v -0.030226 -0.012067 -0.002346
v -0.032139 -0.011810 -0.002492
v -0.029938 -0.012068 -0.004704
v -0.031853 -0.011811 -0.005015
v -0.029784 -0.011811 0.012362
v -0.028002 -0.012070 0.011626
v -0.028723 -0.011811 0.014658
v -0.027001 -0.012068 0.013773
v -0.028723 -0.011811 0.014658
v -0.027001 -0.012068 0.013773
v -0.027488 -0.011811 0.016857
v -0.025837 -0.012070 0.015858
v 0.023017 -0.012069 0.019667
v 0.024489 -0.011811 0.020935
v 0.021412 -0.012071 0.021424
v 0.022782 -0.011811 0.022795
v 0.024489 -0.011811 0.020935
v 0.023017 -0.012069 0.019667
v 0.026065 -0.011811 0.018926
v 0.024503 -0.012071 0.017791
v 0.030635 -0.011811 0.009952
v 0.028793 -0.012070 0.009365
v 0.031321 -0.011811 0.007506
v 0.029434 -0.012069 0.007066
v -0.027492 -0.011810 -0.016817
v -0.025861 -0.012065 -0.015798
v -0.028742 -0.011810 -0.014596
v -0.027019 -0.012067 -0.013729
v -0.029804 -0.011810 -0.012300
v -0.028023 -0.012067 -0.011565
v -0.030676 -0.011810 -0.009929
v -0.028836 -0.012066 -0.009342
v -0.032251 -0.011811 0.000031
v -0.030323 -0.012068 0.000031
v -0.032138 -0.011810 0.002554
v -0.030209 -0.012067 0.002409
v 0.024487 -0.012067 -0.017807
v 0.026046 -0.011810 -0.018940
v 0.025802 -0.012066 -0.015836
v 0.027451 -0.011810 -0.016834
v 0.029899 -0.012068 0.004728
v 0.031814 -0.011811 0.005039
v 0.029434 -0.012069 0.007066
v 0.031321 -0.011811 0.007506
v 0.023001 -0.012066 -0.019684
v 0.024474 -0.011810 -0.020933
v 0.024487 -0.012067 -0.017807
v 0.026046 -0.011810 -0.018940
v 0.028781 -0.012066 -0.009363
v 0.030621 -0.011810 -0.009967
v 0.029432 -0.012069 -0.007080
v 0.031303 -0.011810 -0.007520
v 0.030172 -0.012065 -0.002385
v 0.032100 -0.011810 -0.002530
v 0.030284 -0.012068 -0.000007
v 0.032212 -0.011811 -0.000007
v 0.029897 -0.012068 -0.004742
v 0.031796 -0.011810 -0.005053
v 0.030172 -0.012065 -0.002385
v 0.032100 -0.011810 -0.002530
v -0.026106 -0.011810 -0.018903
v -0.024546 -0.012067 -0.017769
v -0.027492 -0.011810 -0.016817
v -0.025861 -0.012065 -0.015798
v -0.024546 -0.012067 -0.017769
v -0.026106 -0.011810 -0.018903
v -0.023060 -0.012064 -0.019646
v -0.024530 -0.011810 -0.020913
v 0.026965 -0.012064 -0.013751
v 0.028686 -0.011810 -0.014635
v 0.027967 -0.012065 -0.011604
v 0.029747 -0.011810 -0.012339
v -0.018971 -0.011810 -0.026054
v -0.017838 -0.012067 -0.024494
v -0.020965 -0.011810 -0.024482
v -0.019716 -0.012065 -0.023009
v -0.030676 -0.011810 -0.009929
v -0.028836 -0.012066 -0.009342
v -0.031362 -0.011810 -0.007482
v -0.029476 -0.012066 -0.007043
v 0.015791 -0.012065 -0.025830
v 0.016810 -0.011810 -0.027461
v 0.017763 -0.012065 -0.024515
v 0.018896 -0.011810 -0.026075
v 0.027967 -0.012065 -0.011604
v 0.029747 -0.011810 -0.012339
v 0.028781 -0.012066 -0.009363
v 0.030621 -0.011810 -0.009967
v -0.005085 -0.011810 -0.031804
v -0.004774 -0.012065 -0.029907
v -0.007552 -0.011810 -0.031312
v -0.007113 -0.012064 -0.029444
v 0.002485 -0.011809 -0.032109
v 0.002339 -0.012064 -0.030198
v -0.000038 -0.011810 -0.032222
v -0.000039 -0.012064 -0.030295
v 0.013723 -0.012064 -0.026990
v 0.014589 -0.011810 -0.028711
v 0.015791 -0.012065 -0.025830
v 0.016810 -0.011810 -0.027461
v 0.021397 -0.012065 -0.021424
v 0.022765 -0.011810 -0.022792
v 0.023001 -0.012066 -0.019684
v 0.024474 -0.011810 -0.020933
v -0.016866 -0.011810 -0.027459
v -0.015868 -0.012064 -0.025810
v -0.018971 -0.011810 -0.026054
v -0.017838 -0.012067 -0.024494
v -0.031362 -0.011810 -0.007482
v -0.029476 -0.012066 -0.007043
v -0.031853 -0.011811 -0.005015
v -0.029938 -0.012068 -0.004704
v 0.005008 -0.011810 -0.031824
v 0.004697 -0.012062 -0.029912
v 0.002485 -0.011809 -0.032109
v 0.002339 -0.012064 -0.030198
v -0.020965 -0.011810 -0.024482
v -0.019716 -0.012065 -0.023009
v -0.022823 -0.011810 -0.022773
v -0.021455 -0.012065 -0.021404
v 0.007036 -0.012064 -0.029447
v 0.007475 -0.011810 -0.031331
v 0.009335 -0.012064 -0.028806
v 0.009921 -0.011810 -0.030645
v 0.011558 -0.012064 -0.027995
v 0.012293 -0.011810 -0.029774
v 0.013723 -0.012064 -0.026990
v 0.014589 -0.011810 -0.028711
v -0.014666 -0.011810 -0.028693
v -0.013782 -0.012064 -0.026972
v -0.016866 -0.011810 -0.027459
v -0.015868 -0.012064 -0.025810
v 0.009335 -0.012064 -0.028806
v 0.009921 -0.011810 -0.030645
v 0.011558 -0.012064 -0.027995
v 0.012293 -0.011810 -0.029774
v 0.025802 -0.012066 -0.015836
v 0.027451 -0.011810 -0.016834
v 0.026965 -0.012064 -0.013751
v 0.028686 -0.011810 -0.014635
v -0.012370 -0.011810 -0.029755
v -0.011636 -0.012065 -0.027975
v -0.014666 -0.011810 -0.028693
v -0.013782 -0.012064 -0.026972
v -0.022823 -0.011810 -0.022773
v -0.021455 -0.012065 -0.021404
v -0.024530 -0.011810 -0.020913
v -0.023060 -0.012064 -0.019646
v 0.017763 -0.012065 -0.024515
v 0.018896 -0.011810 -0.026075
v 0.019639 -0.012063 -0.023029
v 0.020906 -0.011810 -0.024499
v 0.004697 -0.012062 -0.029912
v 0.005008 -0.011810 -0.031824
v 0.007036 -0.012064 -0.029447
v 0.007475 -0.011810 -0.031331
v 0.019639 -0.012063 -0.023029
v 0.020906 -0.011810 -0.024499
v 0.021397 -0.012065 -0.021424
v 0.022765 -0.011810 -0.022792
v -0.007552 -0.011810 -0.031312
v -0.007113 -0.012064 -0.029444
v -0.009999 -0.011810 -0.030630
v -0.009395 -0.012060 -0.028792
v -0.002416 -0.012060 -0.030183
v -0.002562 -0.011809 -0.032109
v -0.000039 -0.012064 -0.030295
v -0.000038 -0.011810 -0.032222
v -0.004774 -0.012065 -0.029907
v -0.005085 -0.011810 -0.031804
v -0.002416 -0.012060 -0.030183
v -0.002562 -0.011809 -0.032109
v -0.009999 -0.011810 -0.030630
v -0.009395 -0.012060 -0.028792
v -0.012370 -0.011810 -0.029755
v -0.011636 -0.012065 -0.027975
v -0.007113 -0.012064 -0.029444
v -0.006622 -0.012153 -0.027450
v -0.009395 -0.012060 -0.028792
v -0.008764 -0.012153 -0.026856
v 0.004697 -0.012062 -0.029912
v 0.004383 -0.012154 -0.027889
v 0.002339 -0.012064 -0.030198
v 0.002182 -0.012154 -0.028147
v -0.002260 -0.012154 -0.028147
v -0.002416 -0.012060 -0.030183
v -0.000039 -0.012153 -0.028243
v -0.000039 -0.012064 -0.030295
v 0.002339 -0.012064 -0.030198
v 0.002182 -0.012154 -0.028147
v -0.000039 -0.012064 -0.030295
v -0.000039 -0.012153 -0.028243
v -0.009395 -0.012060 -0.028792
v -0.008764 -0.012153 -0.026856
v -0.011636 -0.012065 -0.027975
v -0.010845 -0.012152 -0.026080
v 0.007036 -0.012064 -0.029447
v 0.006562 -0.012150 -0.027463
v 0.004697 -0.012062 -0.029912
v -0.004460 -0.012151 -0.027881
v -0.004774 -0.012065 -0.029907
v -0.002260 -0.012154 -0.028147
v 0.008704 -0.012152 -0.026854
v 0.009335 -0.012064 -0.028806
v 0.010767 -0.012153 -0.026102
v 0.011558 -0.012064 -0.027995
v 0.012788 -0.012152 -0.025167
v 0.013723 -0.012064 -0.026990
v 0.024050 -0.012151 -0.014758
v 0.025802 -0.012066 -0.015836
v 0.025138 -0.012151 -0.012834
v 0.026965 -0.012064 -0.013751
v 0.012788 -0.012152 -0.025167
v 0.013723 -0.012064 -0.026990
v 0.014730 -0.012150 -0.024075
v 0.015791 -0.012065 -0.025830
v 0.021397 -0.012065 -0.021424
v 0.019946 -0.012151 -0.019972
v 0.019639 -0.012063 -0.023029
v 0.018318 -0.012150 -0.021477
v -0.013782 -0.012064 -0.026972
v -0.012866 -0.012150 -0.025145
v -0.015868 -0.012064 -0.025810
v -0.014792 -0.012153 -0.024059
v -0.006622 -0.012153 -0.027450
v -0.007113 -0.012064 -0.029444
v -0.004774 -0.012065 -0.029907
v -0.013782 -0.012064 -0.026972
v -0.012866 -0.012150 -0.025145
v 0.008704 -0.012152 -0.026854
v 0.009335 -0.012064 -0.028806
v -0.014792 -0.012153 -0.024059
v -0.017838 -0.012067 -0.024494
v -0.016632 -0.012150 -0.022825
v 0.016574 -0.012150 -0.022845
v 0.017763 -0.012065 -0.024515
v 0.018318 -0.012150 -0.021477
v 0.019639 -0.012063 -0.023029
v 0.023001 -0.012066 -0.019684
v 0.021449 -0.012149 -0.018344
v 0.025138 -0.012151 -0.012834
v 0.026965 -0.012064 -0.013751
v 0.026071 -0.012151 -0.010813
v 0.027967 -0.012065 -0.011604
v 0.014730 -0.012150 -0.024075
v 0.015791 -0.012065 -0.025830
v -0.019716 -0.012065 -0.023009
v -0.018377 -0.012150 -0.021458
v -0.021455 -0.012065 -0.021404
v -0.020004 -0.012151 -0.019953
v -0.021508 -0.012149 -0.018324
v -0.023060 -0.012064 -0.019646
v -0.023060 -0.012064 -0.019646
v -0.021508 -0.012149 -0.018324
v -0.024546 -0.012067 -0.017769
v -0.022874 -0.012148 -0.016578
v 0.022818 -0.012150 -0.016600
v 0.024487 -0.012067 -0.017807
v 0.024050 -0.012151 -0.014758
v 0.025802 -0.012066 -0.015836
v 0.026838 -0.012148 -0.008729
v 0.028781 -0.012066 -0.009363
v -0.019716 -0.012065 -0.023009
v -0.018377 -0.012150 -0.021458
v -0.028836 -0.012066 -0.009342
v -0.026882 -0.012150 -0.008710
v -0.029476 -0.012066 -0.007043
v -0.027490 -0.012147 -0.006568
v -0.028023 -0.012067 -0.011565
v -0.026125 -0.012149 -0.010771
v -0.028836 -0.012066 -0.009342
v -0.026882 -0.012150 -0.008710
v 0.023001 -0.012066 -0.019684
v 0.021449 -0.012149 -0.018344
v -0.025861 -0.012065 -0.015798
v -0.024106 -0.012150 -0.014737
v -0.027019 -0.012067 -0.013729
v -0.025192 -0.012148 -0.012792
v -0.025861 -0.012065 -0.015798
v 0.027867 -0.012147 -0.004427
v 0.029897 -0.012068 -0.004742
v 0.028129 -0.012149 -0.002228
v 0.030172 -0.012065 -0.002385
v -0.027019 -0.012067 -0.013729
v -0.025192 -0.012148 -0.012792
v 0.028129 -0.012149 -0.002228
v 0.028224 -0.012147 -0.000007
v 0.030284 -0.012068 -0.000007
v -0.027906 -0.012147 -0.004388
v -0.029938 -0.012068 -0.004704
v -0.030323 -0.012068 0.000031
v -0.028263 -0.012147 0.000032
v -0.030209 -0.012067 0.002409
v -0.028165 -0.012148 0.002252
v 0.026838 -0.012148 -0.008729
v 0.028781 -0.012066 -0.009363
v 0.027431 -0.012147 -0.006588
v 0.029432 -0.012069 -0.007080
v -0.028165 -0.012148 0.002252
v -0.029936 -0.012068 0.004766
v -0.027905 -0.012147 0.004452
v -0.028169 -0.012150 -0.002188
v -0.030226 -0.012067 -0.002346
v -0.028169 -0.012150 -0.002188
v -0.030226 -0.012067 -0.002346
v 0.029899 -0.012068 0.004728
v 0.027867 -0.012147 0.004412
v 0.030186 -0.012069 0.002370
v 0.028127 -0.012148 0.002213
v 0.030186 -0.012069 0.002370
v 0.028127 -0.012148 0.002213
v -0.029470 -0.012069 0.007104
v -0.027468 -0.012146 0.006612
v -0.028818 -0.012068 0.009386
v -0.026872 -0.012146 0.008752
v 0.029434 -0.012069 0.007066
v 0.027442 -0.012143 0.006590
v -0.028002 -0.012070 0.011626
v -0.026098 -0.012145 0.010832
v -0.027001 -0.012068 0.013773
v -0.025168 -0.012146 0.012854
v -0.028818 -0.012068 0.009386
v -0.026872 -0.012146 0.008752
v -0.024078 -0.012146 0.014776
v -0.025837 -0.012070 0.015858
v 0.027982 -0.012070 0.011588
v 0.026079 -0.012145 0.010792
v 0.028793 -0.012070 0.009365
v 0.026831 -0.012145 0.008731
v 0.028793 -0.012070 0.009365
v 0.026831 -0.012145 0.008731
v 0.027442 -0.012143 0.006590
v 0.025818 -0.012070 0.015820
v 0.024056 -0.012144 0.014755
v 0.026976 -0.012071 0.013752
v 0.025144 -0.012143 0.012812
v -0.021432 -0.012071 0.021444
v -0.019973 -0.012144 0.019986
v -0.019674 -0.012070 0.023048
v -0.018345 -0.012142 0.021488
v -0.024078 -0.012146 0.014776
v -0.024521 -0.012072 0.017828
v -0.022844 -0.012143 0.016616
v 0.022826 -0.012143 0.016596
v 0.024503 -0.012071 0.017791
v 0.021458 -0.012143 0.018340
v 0.023017 -0.012069 0.019667
v 0.024503 -0.012071 0.017791
v 0.022826 -0.012143 0.016596
v 0.025818 -0.012070 0.015820
v 0.024056 -0.012144 0.014755
v 0.021458 -0.012143 0.018340
v 0.023017 -0.012069 0.019667
v 0.019954 -0.012144 0.019966
v 0.021412 -0.012071 0.021424
v -0.024521 -0.012072 0.017828
v -0.022844 -0.012143 0.016616
v -0.023036 -0.012071 0.019705
v -0.021478 -0.012143 0.018360
v -0.000000 -0.012072 0.030311
v 0.000000 -0.012142 0.028245
v 0.002377 -0.012070 0.030198
v 0.002220 -0.012143 0.028149
v 0.013740 -0.012071 0.026991
v 0.012819 -0.012142 0.025155
v 0.015825 -0.012072 0.025827
v 0.014742 -0.012143 0.024066
v 0.011594 -0.012072 0.027993
v 0.010799 -0.012143 0.026087
v 0.018327 -0.012142 0.021469
v 0.019673 -0.012071 0.023028
v -0.002377 -0.012072 0.030214
v -0.002219 -0.012143 0.028149
v -0.012817 -0.012141 0.025172
v -0.013758 -0.012072 0.027007
v -0.014761 -0.012143 0.024086
v -0.015827 -0.012071 0.025849
v -0.017797 -0.012072 0.024534
v -0.016601 -0.012141 0.022854
v -0.014761 -0.012143 0.024086
v -0.009372 -0.012072 0.028823
v -0.008737 -0.012143 0.026859
v -0.007073 -0.012072 0.029464
v -0.006596 -0.012140 0.027468
v 0.002377 -0.012070 0.030198
v 0.002220 -0.012143 0.028149
v 0.004734 -0.012073 0.029923
v 0.004418 -0.012140 0.027884
v 0.007072 -0.012072 0.029460
v 0.006578 -0.012143 0.027454
v 0.009353 -0.012072 0.028807
v 0.008717 -0.012141 0.026855
v -0.008737 -0.012143 0.026859
v -0.010797 -0.012142 0.026104
v -0.011594 -0.012072 0.028011
v -0.017797 -0.012072 0.024534
v -0.016601 -0.012141 0.022854
v 0.017797 -0.012072 0.024496
v 0.016582 -0.012141 0.022834
v 0.017797 -0.012072 0.024496
v 0.016582 -0.012141 0.022834
v 0.011594 -0.012072 0.027993
v 0.010799 -0.012143 0.026087
v -0.004735 -0.012073 0.029926
v -0.004417 -0.012141 0.027886
v -0.002377 -0.012072 0.030214
v -0.002219 -0.012143 0.028149
v -0.004735 -0.012073 0.029926
v -0.010797 -0.012142 0.026104
v -0.011594 -0.012072 0.028011
v 0.026470 0.012848 0.008596
v 0.026836 0.012937 0.008733
v 0.027068 0.012848 0.006500
v 0.027447 0.012935 0.006592
v -0.008603 0.012848 0.026501
v -0.008740 0.012937 0.026868
v -0.006507 0.012848 0.027100
v -0.006599 0.012935 0.027479
v 0.008564 0.012848 -0.026477
v 0.008701 0.012937 -0.026843
v 0.006468 0.012848 -0.027076
v 0.006560 0.012935 -0.027454
v -0.026508 0.012848 -0.008571
v -0.026875 0.012937 -0.008708
v -0.027107 0.012848 -0.006475
v -0.027486 0.012935 -0.006567
v -0.027909 0.012938 -0.004388
v -0.027527 0.012848 -0.004339
v -0.027486 0.012935 -0.006567
v -0.027107 0.012848 -0.006475
v 0.006468 0.012848 -0.027076
v 0.006560 0.012935 -0.027454
v 0.004332 0.012848 -0.027495
v 0.004381 0.012938 -0.027877
v 0.022497 0.012848 -0.016376
v 0.022813 0.012937 -0.016597
v 0.021140 0.012848 -0.018093
v 0.021447 0.012938 -0.018342
v -0.006507 0.012848 0.027100
v -0.006599 0.012935 0.027479
v -0.004371 0.012848 0.027519
v -0.004420 0.012938 0.027902
v -0.016408 0.012848 -0.022504
v -0.016629 0.012937 -0.022821
v -0.018125 0.012848 -0.021147
v -0.018374 0.012938 -0.021454
v 0.027068 0.012848 0.006500
v 0.027447 0.012935 0.006592
v 0.027488 0.012848 0.004364
v 0.027870 0.012938 0.004413
v -0.021486 0.012938 0.018366
v -0.021179 0.012848 0.018118
v -0.022852 0.012937 0.016622
v -0.022536 0.012848 0.016401
v 0.016369 0.012848 0.022529
v 0.016590 0.012937 0.022845
v 0.018086 0.012848 0.021172
v 0.018335 0.012938 0.021479
v 0.022537 0.012848 0.016361
v 0.022833 0.012937 0.016602
v 0.023735 0.012848 0.014544
v 0.024059 0.012936 0.014757
v 0.016329 0.012848 -0.022544
v 0.016570 0.012937 -0.022840
v 0.014513 0.012848 -0.023742
v 0.014725 0.012936 -0.024067
v -0.022576 0.012848 -0.016336
v -0.022872 0.012937 -0.016577
v -0.023774 0.012848 -0.014520
v -0.024098 0.012936 -0.014732
v -0.016368 0.012848 0.022569
v -0.016609 0.012937 0.022865
v -0.014551 0.012848 0.023767
v -0.014764 0.012936 0.024091
v -0.025770 0.012848 -0.010627
v -0.026124 0.012938 -0.010770
v -0.026508 0.012848 -0.008571
v -0.026875 0.012937 -0.008708
v -0.014551 0.012848 0.023767
v -0.014764 0.012936 0.024091
v -0.012655 0.012848 0.024844
v -0.012823 0.012937 0.025183
v 0.025731 0.012848 0.010652
v 0.026085 0.012938 0.010795
v 0.026470 0.012848 0.008596
v 0.026836 0.012937 0.008733
v 0.023735 0.012848 0.014544
v 0.024059 0.012936 0.014757
v 0.024813 0.012848 0.012648
v 0.025151 0.012937 0.012816
v -0.010659 0.012848 0.025763
v -0.010802 0.012938 0.026116
v -0.008603 0.012848 0.026501
v -0.008740 0.012937 0.026868
v -0.023774 0.012848 -0.014520
v -0.024098 0.012936 -0.014732
v -0.024851 0.012848 -0.012623
v -0.025190 0.012937 -0.012791
v 0.010620 0.012848 -0.025738
v 0.010763 0.012938 -0.026092
v 0.008564 0.012848 -0.026477
v 0.008701 0.012937 -0.026843
v 0.014513 0.012848 -0.023742
v 0.014725 0.012936 -0.024067
v 0.012616 0.012848 -0.024820
v 0.012784 0.012937 -0.025158
v 0.018086 0.012848 0.021172
v 0.018335 0.012938 0.021479
v 0.019702 0.012848 0.019694
v 0.019960 0.012937 0.019971
v 0.012636 0.012848 0.024825
v 0.012824 0.012937 0.025163
v 0.014553 0.012848 0.023746
v 0.014747 0.012937 0.024074
v 0.008604 0.012848 0.026501
v 0.008720 0.012935 0.026864
v 0.010660 0.012848 0.025743
v 0.010803 0.012938 0.026097
v -0.019979 0.012937 0.019991
v -0.019701 0.012848 0.019735
v -0.021486 0.012938 0.018366
v -0.021179 0.012848 0.018118
v -0.018125 0.012848 -0.021147
v -0.018374 0.012938 -0.021454
v -0.019741 0.012848 -0.019670
v -0.019998 0.012937 -0.019947
v -0.026508 0.012848 0.008636
v -0.026872 0.012935 0.008752
v -0.025750 0.012848 0.010692
v -0.026104 0.012938 0.010835
v 0.026470 0.012848 -0.008611
v 0.026833 0.012935 -0.008727
v 0.025711 0.012848 -0.010667
v 0.026065 0.012938 -0.010810
v 0.024793 0.012848 -0.012643
v 0.025131 0.012937 -0.012831
v 0.023715 0.012848 -0.014559
v 0.024042 0.012937 -0.014754
v -0.008643 0.012848 -0.026477
v -0.008759 0.012935 -0.026840
v -0.010699 0.012848 -0.025718
v -0.010842 0.012938 -0.026072
v 0.021140 0.012848 -0.018093
v 0.021447 0.012938 -0.018342
v 0.019663 0.012848 -0.019710
v 0.019940 0.012937 -0.019967
v -0.014785 0.012937 -0.024049
v -0.014591 0.012848 -0.023722
v -0.012862 0.012937 -0.025139
v -0.012675 0.012848 -0.024800
v -0.024832 0.012848 0.012668
v -0.025170 0.012937 0.012855
v -0.023754 0.012848 0.014584
v -0.024081 0.012937 0.014778
v 0.027747 0.012848 -0.002183
v 0.028128 0.012938 -0.002228
v 0.027487 0.012848 -0.004359
v 0.027863 0.012935 -0.004427
v 0.010660 0.012848 0.025743
v 0.010803 0.012938 0.026097
v 0.012636 0.012848 0.024825
v 0.012824 0.012937 0.025163
v -0.027786 0.012848 0.002208
v -0.028167 0.012938 0.002252
v -0.027526 0.012848 0.004384
v -0.027902 0.012935 0.004451
v -0.010699 0.012848 -0.025718
v -0.010842 0.012938 -0.026072
v -0.012675 0.012848 -0.024800
v -0.012862 0.012937 -0.025139
v -0.002215 0.012848 -0.027754
v -0.002259 0.012938 -0.028135
v -0.004391 0.012848 -0.027494
v -0.004459 0.012935 -0.027870
v 0.025711 0.012848 -0.010667
v 0.026065 0.012938 -0.010810
v 0.024793 0.012848 -0.012643
v 0.025131 0.012937 -0.012831
v -0.025750 0.012848 0.010692
v -0.026104 0.012938 0.010835
v -0.024832 0.012848 0.012668
v -0.025170 0.012937 0.012855
v 0.002176 0.012848 0.027779
v 0.002221 0.012938 0.028160
v 0.004352 0.012848 0.027519
v 0.004420 0.012935 0.027895
v 0.023715 0.012848 -0.014559
v 0.024042 0.012937 -0.014754
v 0.022497 0.012848 -0.016376
v 0.022813 0.012937 -0.016597
v -0.016629 0.012937 -0.022821
v -0.016408 0.012848 -0.022504
v -0.014785 0.012937 -0.024049
v -0.014591 0.012848 -0.023722
v -0.023754 0.012848 0.014584
v -0.024081 0.012937 0.014778
v -0.022536 0.012848 0.016401
v -0.022852 0.012937 0.016622
v 0.014553 0.012848 0.023746
v 0.014747 0.012937 0.024074
v 0.016369 0.012848 0.022529
v 0.016590 0.012937 0.022845
v 0.006488 0.012848 0.027100
v 0.006581 0.012938 0.027464
v 0.008604 0.012848 0.026501
v 0.008720 0.012935 0.026864
v 0.004352 0.012848 0.027519
v 0.004420 0.012935 0.027895
v 0.006488 0.012848 0.027100
v 0.006581 0.012938 0.027464
v -0.027107 0.012848 0.006520
v -0.027471 0.012938 0.006612
v -0.026508 0.012848 0.008636
v -0.026872 0.012935 0.008752
v -0.004391 0.012848 -0.027494
v -0.004459 0.012935 -0.027870
v -0.006527 0.012848 -0.027075
v -0.006620 0.012938 -0.027440
v 0.027068 0.012848 -0.006495
v 0.027432 0.012938 -0.006588
v 0.026470 0.012848 -0.008611
v 0.026833 0.012935 -0.008727
v 0.027487 0.012848 -0.004359
v 0.027863 0.012935 -0.004427
v 0.027068 0.012848 -0.006495
v 0.027432 0.012938 -0.006588
v -0.027526 0.012848 0.004384
v -0.027902 0.012935 0.004451
v -0.027107 0.012848 0.006520
v -0.027471 0.012938 0.006612
v -0.006527 0.012848 -0.027075
v -0.006620 0.012938 -0.027440
v -0.008643 0.012848 -0.026477
v -0.008759 0.012935 -0.026840
v 0.004332 0.012848 -0.027495
v 0.004381 0.012938 -0.027877
v 0.002136 0.012848 -0.027754
v 0.002181 0.012938 -0.028135
v -0.004371 0.012848 0.027519
v -0.004420 0.012938 0.027902
v -0.002175 0.012848 0.027779
v -0.002220 0.012938 0.028160
v 0.024813 0.012848 0.012648
v 0.025151 0.012937 0.012816
v 0.025731 0.012848 0.010652
v 0.026085 0.012938 0.010795
v 0.016570 0.012937 -0.022840
v 0.016329 0.012848 -0.022544
v 0.018315 0.012938 -0.021473
v 0.018066 0.012848 -0.021187
v -0.012655 0.012848 0.024844
v -0.012823 0.012937 0.025183
v -0.010659 0.012848 0.025763
v -0.010802 0.012938 0.026116
v -0.018104 0.012848 0.021211
v -0.018354 0.012938 0.021498
v -0.016368 0.012848 0.022569
v -0.016609 0.012937 0.022865
v 0.027488 0.012848 0.004364
v 0.027870 0.012938 0.004413
v 0.027747 0.012848 0.002168
v 0.028128 0.012938 0.002213
v -0.024851 0.012848 -0.012623
v -0.025190 0.012937 -0.012791
v -0.025770 0.012848 -0.010627
v -0.026124 0.012938 -0.010770
v 0.012616 0.012848 -0.024820
v 0.012784 0.012937 -0.025158
v 0.010620 0.012848 -0.025738
v 0.010763 0.012938 -0.026092
v -0.021218 0.012848 -0.018073
v -0.021505 0.012938 -0.018322
v -0.022576 0.012848 -0.016336
v -0.022872 0.012937 -0.016577
v 0.022833 0.012937 0.016602
v 0.022537 0.012848 0.016361
v 0.021466 0.012938 0.018347
v 0.021180 0.012848 0.018098
v -0.028167 0.012938 -0.002188
v -0.027786 0.012848 -0.002163
v -0.027909 0.012938 -0.004388
v -0.027527 0.012848 -0.004339
v -0.027786 0.012848 -0.002163
v -0.028167 0.012938 -0.002188
v -0.027886 0.012848 0.000032
v -0.028263 0.012937 0.000032
v 0.027847 0.012848 -0.000008
v 0.028224 0.012937 -0.000007
v 0.027747 0.012848 -0.002183
v 0.028128 0.012938 -0.002228
v 0.002221 0.012938 0.028160
v 0.002176 0.012848 0.027779
v 0.000000 0.012937 0.028256
v 0.000000 0.012848 0.027879
v -0.019701 0.012848 0.019735
v -0.019979 0.012937 0.019991
v -0.018104 0.012848 0.021211
v -0.018354 0.012938 0.021498
v 0.000000 0.012937 0.028256
v 0.000000 0.012848 0.027879
v -0.002220 0.012938 0.028160
v -0.002175 0.012848 0.027779
v 0.027747 0.012848 0.002168
v 0.028128 0.012938 0.002213
v 0.027847 0.012848 -0.000008
v 0.028224 0.012937 -0.000007
v 0.018315 0.012938 -0.021473
v 0.018066 0.012848 -0.021187
v 0.019940 0.012937 -0.019967
v 0.019663 0.012848 -0.019710
v 0.002136 0.012848 -0.027754
v 0.002181 0.012938 -0.028135
v -0.000039 0.012848 -0.027854
v -0.000039 0.012937 -0.028231
v -0.000039 0.012848 -0.027854
v -0.000039 0.012937 -0.028231
v -0.002215 0.012848 -0.027754
v -0.002259 0.012938 -0.028135
v 0.021466 0.012938 0.018347
v 0.021180 0.012848 0.018098
v 0.019960 0.012937 0.019971
v 0.019702 0.012848 0.019694
v -0.027886 0.012848 0.000032
v -0.028263 0.012937 0.000032
v -0.027786 0.012848 0.002208
v -0.028167 0.012938 0.002252
v -0.019741 0.012848 -0.019670
v -0.019998 0.012937 -0.019947
v -0.021218 0.012848 -0.018073
v -0.021505 0.012938 -0.018322
v -0.008737 -0.012143 0.026859
v -0.008603 -0.012058 0.026501
v -0.006596 -0.012140 0.027468
v -0.006507 -0.012058 0.027100
v -0.006596 -0.012140 0.027468
v -0.006507 -0.012058 0.027100
v -0.004417 -0.012141 0.027886
v -0.004371 -0.012058 0.027519
v 0.016582 -0.012141 0.022834
v 0.016369 -0.012058 0.022529
v 0.018327 -0.012142 0.021469
v 0.018086 -0.012058 0.021172
v 0.026831 -0.012145 0.008731
v 0.026470 -0.012058 0.008596
v 0.027442 -0.012143 0.006590
v 0.027068 -0.012058 0.006500
v -0.022844 -0.012143 0.016616
v -0.022536 -0.012058 0.016401
v -0.021478 -0.012143 0.018360
v -0.021179 -0.012058 0.018118
v -0.010797 -0.012142 0.026104
v -0.010659 -0.012058 0.025763
v -0.008737 -0.012143 0.026859
v -0.008603 -0.012058 0.026501
v -0.016601 -0.012141 0.022854
v -0.016368 -0.012058 0.022569
v -0.014761 -0.012143 0.024086
v -0.014551 -0.012058 0.023767
v -0.014761 -0.012143 0.024086
v -0.014551 -0.012058 0.023767
v -0.012817 -0.012141 0.025172
v -0.012655 -0.012058 0.024844
v 0.008717 -0.012141 0.026855
v 0.008604 -0.012058 0.026501
v 0.010799 -0.012143 0.026087
v 0.010660 -0.012058 0.025743
v 0.012819 -0.012142 0.025155
v 0.012636 -0.012058 0.024825
v 0.014742 -0.012143 0.024066
v 0.014553 -0.012058 0.023746
v 0.018327 -0.012142 0.021469
v 0.018086 -0.012058 0.021172
v 0.019954 -0.012144 0.019966
v 0.019702 -0.012058 0.019694
v 0.014742 -0.012143 0.024066
v 0.014553 -0.012058 0.023746
v 0.016582 -0.012141 0.022834
v 0.016369 -0.012058 0.022529
v 0.002220 -0.012143 0.028149
v 0.002176 -0.012058 0.027779
v 0.004418 -0.012140 0.027884
v 0.004352 -0.012058 0.027519
v -0.021478 -0.012143 0.018360
v -0.021179 -0.012058 0.018118
v -0.019973 -0.012144 0.019986
v -0.019701 -0.012058 0.019734
v 0.022826 -0.012143 0.016596
v 0.022537 -0.012058 0.016361
v 0.024056 -0.012144 0.014755
v 0.023735 -0.012058 0.014544
v 0.027442 -0.012143 0.006590
v 0.027068 -0.012058 0.006500
v 0.027867 -0.012147 0.004412
v 0.027488 -0.012058 0.004364
v 0.010799 -0.012143 0.026087
v 0.010660 -0.012058 0.025743
v 0.012819 -0.012142 0.025155
v 0.012636 -0.012058 0.024825
v -0.004417 -0.012141 0.027886
v -0.004371 -0.012058 0.027519
v -0.002219 -0.012143 0.028149
v -0.002175 -0.012058 0.027779
v 0.024056 -0.012144 0.014755
v 0.023735 -0.012058 0.014544
v 0.025144 -0.012143 0.012812
v 0.024813 -0.012058 0.012648
v -0.018345 -0.012142 0.021488
v -0.018104 -0.012058 0.021211
v -0.016601 -0.012141 0.022854
v -0.016368 -0.012058 0.022569
v 0.006578 -0.012143 0.027454
v 0.006488 -0.012058 0.027100
v 0.008717 -0.012141 0.026855
v 0.008604 -0.012058 0.026501
v 0.004418 -0.012140 0.027884
v 0.004352 -0.012058 0.027519
v 0.006578 -0.012143 0.027454
v 0.006488 -0.012058 0.027100
v 0.026079 -0.012145 0.010792
v 0.025731 -0.012058 0.010652
v 0.026831 -0.012145 0.008731
v 0.026470 -0.012058 0.008596
v -0.012817 -0.012141 0.025172
v -0.012655 -0.012058 0.024844
v -0.010797 -0.012142 0.026104
v -0.010659 -0.012058 0.025763
v -0.024078 -0.012146 0.014776
v -0.023754 -0.012058 0.014584
v -0.022844 -0.012143 0.016616
v -0.022536 -0.012058 0.016401
v 0.021458 -0.012143 0.018340
v 0.021180 -0.012058 0.018098
v 0.022826 -0.012143 0.016596
v 0.022537 -0.012058 0.016361
v -0.027490 -0.012147 -0.006568
v -0.027107 -0.012058 -0.006475
v -0.027906 -0.012147 -0.004388
v -0.027527 -0.012058 -0.004339
v -0.026882 -0.012150 -0.008710
v -0.026508 -0.012058 -0.008571
v -0.027490 -0.012147 -0.006568
v -0.027107 -0.012058 -0.006475
v -0.002219 -0.012143 0.028149
v -0.002175 -0.012058 0.027779
v 0.000000 -0.012142 0.028245
v 0.000000 -0.012058 0.027879
v 0.000000 -0.012142 0.028245
v 0.000000 -0.012058 0.027879
v 0.002220 -0.012143 0.028149
v 0.002176 -0.012058 0.027779
v -0.025168 -0.012146 0.012854
v -0.024832 -0.012058 0.012668
v -0.024078 -0.012146 0.014776
v -0.023754 -0.012058 0.014584
v -0.026098 -0.012145 0.010832
v -0.025750 -0.012058 0.010692
v -0.025168 -0.012146 0.012854
v -0.024832 -0.012058 0.012668
v -0.026872 -0.012146 0.008752
v -0.026508 -0.012058 0.008636
v -0.026098 -0.012145 0.010832
v -0.025750 -0.012058 0.010692
v -0.019973 -0.012144 0.019986
v -0.019701 -0.012058 0.019734
v -0.018345 -0.012142 0.021488
v -0.018104 -0.012058 0.021211
v 0.019954 -0.012144 0.019966
v 0.019702 -0.012058 0.019694
v 0.021458 -0.012143 0.018340
v 0.021180 -0.012058 0.018098
v 0.025144 -0.012143 0.012812
v 0.024813 -0.012058 0.012648
v 0.026079 -0.012145 0.010792
v 0.025731 -0.012058 0.010652
v 0.006468 -0.012058 -0.027076
v 0.006562 -0.012150 -0.027463
v 0.008564 -0.012058 -0.026477
v 0.008704 -0.012152 -0.026854
v 0.021140 -0.012058 -0.018093
v 0.021449 -0.012149 -0.018344
v 0.022497 -0.012058 -0.016376
v 0.022818 -0.012150 -0.016600
v -0.027468 -0.012146 0.006612
v -0.027107 -0.012058 0.006520
v -0.026872 -0.012146 0.008752
v -0.026508 -0.012058 0.008636
v -0.028165 -0.012148 0.002252
v -0.027786 -0.012058 0.002208
v -0.027905 -0.012147 0.004452
v -0.027526 -0.012058 0.004384
v -0.016632 -0.012150 -0.022825
v -0.016408 -0.012058 -0.022504
v -0.018377 -0.012150 -0.021458
v -0.018125 -0.012058 -0.021147
v -0.022874 -0.012148 -0.016578
v -0.022576 -0.012058 -0.016336
v -0.024106 -0.012150 -0.014737
v -0.023774 -0.012058 -0.014520
v 0.027867 -0.012147 0.004412
v 0.027488 -0.012058 0.004364
v 0.028127 -0.012148 0.002213
v 0.027747 -0.012058 0.002168
v -0.027905 -0.012147 0.004452
v -0.027526 -0.012058 0.004384
v -0.027468 -0.012146 0.006612
v -0.027107 -0.012058 0.006520
v -0.026125 -0.012149 -0.010771
v -0.025770 -0.012058 -0.010627
v -0.026882 -0.012150 -0.008710
v -0.026508 -0.012058 -0.008571
v 0.027487 -0.012058 -0.004359
v 0.027867 -0.012147 -0.004427
v 0.027747 -0.012058 -0.002183
v 0.028129 -0.012149 -0.002228
v -0.024106 -0.012150 -0.014737
v -0.023774 -0.012058 -0.014520
v -0.025192 -0.012148 -0.012792
v -0.024851 -0.012058 -0.012623
v 0.021449 -0.012149 -0.018344
v 0.021140 -0.012058 -0.018093
v 0.019946 -0.012151 -0.019972
v 0.019663 -0.012058 -0.019710
v 0.026470 -0.012058 -0.008611
v 0.026838 -0.012148 -0.008729
v 0.027068 -0.012058 -0.006495
v 0.027431 -0.012147 -0.006588
v -0.027906 -0.012147 -0.004388
v -0.027527 -0.012058 -0.004339
v -0.028169 -0.012150 -0.002188
v -0.027786 -0.012058 -0.002144
v 0.006562 -0.012150 -0.027463
v 0.006468 -0.012058 -0.027076
v 0.004383 -0.012154 -0.027889
v 0.004332 -0.012058 -0.027495
v 0.014513 -0.012058 -0.023742
v 0.014730 -0.012150 -0.024075
v 0.016329 -0.012058 -0.022544
v 0.016574 -0.012150 -0.022845
v 0.025711 -0.012058 -0.010667
v 0.026071 -0.012151 -0.010813
v 0.026470 -0.012058 -0.008611
v 0.026838 -0.012148 -0.008729
v -0.018377 -0.012150 -0.021458
v -0.018125 -0.012058 -0.021147
v -0.020004 -0.012151 -0.019953
v -0.019741 -0.012058 -0.019670
v 0.028127 -0.012148 0.002213
v 0.027747 -0.012058 0.002168
v 0.028224 -0.012147 -0.000007
v 0.027847 -0.012058 -0.000008
v -0.025192 -0.012148 -0.012792
v -0.024851 -0.012058 -0.012623
v -0.026125 -0.012149 -0.010771
v -0.025770 -0.012058 -0.010627
v -0.028263 -0.012147 0.000032
v -0.027886 -0.012058 0.000032
v -0.028165 -0.012148 0.002252
v -0.027786 -0.012058 0.002208
v -0.021508 -0.012149 -0.018324
v -0.021218 -0.012058 -0.018073
v -0.022874 -0.012148 -0.016578
v -0.022576 -0.012058 -0.016336
v 0.024793 -0.012058 -0.012643
v 0.025138 -0.012151 -0.012834
v 0.025711 -0.012058 -0.010667
v 0.026071 -0.012151 -0.010813
v -0.010845 -0.012152 -0.026080
v -0.010699 -0.012058 -0.025718
v -0.012866 -0.012150 -0.025145
v -0.012675 -0.012058 -0.024800
v 0.023715 -0.012058 -0.014559
v 0.024050 -0.012151 -0.014758
v 0.024793 -0.012058 -0.012643
v 0.025138 -0.012151 -0.012834
v -0.028169 -0.012150 -0.002188
v -0.027786 -0.012058 -0.002144
v -0.028263 -0.012147 0.000032
v -0.027886 -0.012058 0.000032
v 0.008564 -0.012058 -0.026477
v 0.008704 -0.012152 -0.026854
v 0.010620 -0.012058 -0.025738
v 0.010767 -0.012153 -0.026102
v 0.012616 -0.012058 -0.024820
v 0.012788 -0.012152 -0.025167
v 0.014513 -0.012058 -0.023742
v 0.014730 -0.012150 -0.024075
v 0.022497 -0.012058 -0.016376
v 0.022818 -0.012150 -0.016600
v 0.023715 -0.012058 -0.014559
v 0.024050 -0.012151 -0.014758
v 0.027747 -0.012058 -0.002183
v 0.028129 -0.012149 -0.002228
v 0.027847 -0.012058 -0.000008
v 0.028224 -0.012147 -0.000007
v -0.012866 -0.012150 -0.025145
v -0.012675 -0.012058 -0.024800
v -0.014792 -0.012153 -0.024059
v -0.014591 -0.012058 -0.023722
v 0.016329 -0.012058 -0.022544
v 0.016574 -0.012150 -0.022845
v 0.018066 -0.012058 -0.021187
v 0.018318 -0.012150 -0.021477
v -0.014792 -0.012153 -0.024059
v -0.014591 -0.012058 -0.023722
v -0.016632 -0.012150 -0.022825
v -0.016408 -0.012058 -0.022504
v -0.004391 -0.012058 -0.027494
v -0.004460 -0.012151 -0.027881
v -0.002215 -0.012058 -0.027754
v -0.002260 -0.012154 -0.028147
v -0.008764 -0.012153 -0.026856
v -0.008643 -0.012058 -0.026477
v -0.010845 -0.012152 -0.026080
v -0.010699 -0.012058 -0.025718
v -0.020004 -0.012151 -0.019953
v -0.019741 -0.012058 -0.019670
v -0.021508 -0.012149 -0.018324
v -0.021218 -0.012058 -0.018073
v -0.004460 -0.012151 -0.027881
v -0.004391 -0.012058 -0.027494
v -0.006622 -0.012153 -0.027450
v -0.006527 -0.012058 -0.027075
v 0.018066 -0.012058 -0.021187
v 0.018318 -0.012150 -0.021477
v 0.019663 -0.012058 -0.019710
v 0.019946 -0.012151 -0.019972
v 0.004383 -0.012154 -0.027889
v 0.004332 -0.012058 -0.027495
v 0.002182 -0.012154 -0.028147
v 0.002136 -0.012058 -0.027754
v 0.010620 -0.012058 -0.025738
v 0.010767 -0.012153 -0.026102
v 0.012616 -0.012058 -0.024820
v 0.012788 -0.012152 -0.025167
v -0.006622 -0.012153 -0.027450
v -0.006527 -0.012058 -0.027075
v -0.008764 -0.012153 -0.026856
v -0.008643 -0.012058 -0.026477
v 0.002182 -0.012154 -0.028147
v 0.002136 -0.012058 -0.027754
v -0.000039 -0.012153 -0.028243
v -0.000039 -0.012058 -0.027854
v -0.002215 -0.012058 -0.027754
v -0.002260 -0.012154 -0.028147
v -0.000039 -0.012058 -0.027854
v -0.000039 -0.012153 -0.028243
v 0.026812 -0.011824 -0.006436
v 0.027068 -0.012058 -0.006495
v 0.027231 -0.011824 -0.004320
v 0.027487 -0.012058 -0.004359
v 0.027431 -0.012147 -0.006588
v 0.027867 -0.012147 -0.004427
v -0.004351 0.012614 -0.027238
v -0.004391 0.012848 -0.027494
v -0.006468 0.012614 -0.026819
v -0.006527 0.012848 -0.027075
v 0.027231 0.012614 -0.004320
v 0.027487 0.012848 -0.004359
v 0.026812 0.012614 -0.006436
v 0.027068 0.012848 -0.006495
v -0.027270 0.012614 0.004345
v -0.027526 0.012848 0.004384
v -0.026851 0.012614 0.006461
v -0.027107 0.012848 0.006520
v 0.004313 0.012614 0.027263
v 0.004352 0.012848 0.027519
v 0.006429 0.012614 0.026844
v 0.006488 0.012848 0.027100
v 0.020983 0.012614 0.017920
v 0.021180 0.012848 0.018098
v 0.022320 0.012614 0.016223
v 0.022537 0.012848 0.016361
v -0.012537 0.012614 0.024608
v -0.012655 0.012848 0.024844
v -0.010560 0.012614 0.025526
v -0.010659 0.012848 0.025763
v -0.024615 0.012614 -0.012505
v -0.024851 0.012848 -0.012623
v -0.025533 0.012614 -0.010528
v -0.025770 0.012848 -0.010627
v -0.021021 0.012614 -0.017895
v -0.021218 0.012848 -0.018073
v -0.022359 0.012614 -0.016198
v -0.022576 0.012848 -0.016336
v 0.017888 0.012614 -0.020990
v 0.018066 0.012848 -0.021187
v 0.016191 0.012614 -0.022327
v 0.016329 0.012848 -0.022544
v 0.012498 0.012614 -0.024583
v 0.012616 0.012848 -0.024820
v 0.010522 0.012614 -0.025501
v 0.010620 0.012848 -0.025738
v 0.024576 0.012614 0.012530
v 0.024813 0.012848 0.012648
v 0.025494 0.012614 0.010553
v 0.025731 0.012848 0.010652
v -0.017927 0.012614 0.021014
v -0.018104 0.012848 0.021211
v -0.016230 0.012614 0.022352
v -0.016368 0.012848 0.022569
v 0.002157 0.012614 0.027523
v 0.002176 0.012848 0.027779
v 0.004313 0.012614 0.027263
v 0.004352 0.012848 0.027519
v -0.027529 0.012614 0.002188
v -0.027786 0.012848 0.002208
v -0.027270 0.012614 0.004345
v -0.027526 0.012848 0.004384
v -0.002195 0.012614 -0.027498
v -0.002215 0.012848 -0.027754
v -0.004351 0.012614 -0.027238
v -0.004391 0.012848 -0.027494
v 0.027491 0.012614 -0.002164
v 0.027747 0.012848 -0.002183
v 0.027231 0.012614 -0.004320
v 0.027487 0.012848 -0.004359
v -0.019524 0.012614 0.019557
v -0.019701 0.012848 0.019735
v -0.017927 0.012614 0.021014
v -0.018104 0.012848 0.021211
v 0.019525 0.012614 0.019517
v 0.019702 0.012848 0.019694
v 0.020983 0.012614 0.017920
v 0.021180 0.012848 0.018098
v 0.019485 0.012614 -0.019532
v 0.019663 0.012848 -0.019710
v 0.017888 0.012614 -0.020990
v 0.018066 0.012848 -0.021187
v -0.019564 0.012614 -0.019492
v -0.019741 0.012848 -0.019670
v -0.021021 0.012614 -0.017895
v -0.021218 0.012848 -0.018073
v -0.027529 0.012614 -0.002144
v -0.027786 0.012848 -0.002163
v -0.027629 0.012614 0.000032
v -0.027886 0.012848 0.000032
v 0.000000 0.012614 0.027622
v 0.000000 0.012848 0.027879
v 0.002157 0.012614 0.027523
v 0.002176 0.012848 0.027779
v -0.027629 0.012614 0.000032
v -0.027886 0.012848 0.000032
v -0.027529 0.012614 0.002188
v -0.027786 0.012848 0.002208
v -0.000039 0.012614 -0.027598
v -0.000039 0.012848 -0.027854
v -0.002195 0.012614 -0.027498
v -0.002215 0.012848 -0.027754
v 0.027591 0.012614 -0.000008
v 0.027847 0.012848 -0.000008
v 0.027491 0.012614 -0.002164
v 0.027747 0.012848 -0.002183
v 0.027491 0.012614 0.002168
v 0.027747 0.012848 0.002168
v 0.027591 0.012614 -0.000008
v 0.027847 0.012848 -0.000008
v 0.002137 0.012614 -0.027498
v 0.002136 0.012848 -0.027754
v -0.000039 0.012614 -0.027598
v -0.000039 0.012848 -0.027854
v -0.002175 0.012614 0.027523
v -0.002175 0.012848 0.027779
v 0.000000 0.012614 0.027622
v 0.000000 0.012848 0.027879
v -0.006468 0.012614 -0.026819
v -0.006527 0.012848 -0.027075
v -0.008564 0.012614 -0.026240
v -0.008643 0.012848 -0.026477
v 0.026812 0.012614 -0.006436
v 0.027068 0.012848 -0.006495
v 0.026233 0.012614 -0.008532
v 0.026470 0.012848 -0.008611
v 0.023518 0.012614 0.014426
v 0.023735 0.012848 0.014544
v 0.024576 0.012614 0.012530
v 0.024813 0.012848 0.012648
v 0.006429 0.012614 0.026844
v 0.006488 0.012848 0.027100
v 0.008525 0.012614 0.026265
v 0.008604 0.012848 0.026501
v -0.026851 0.012614 0.006461
v -0.027107 0.012848 0.006520
v -0.026272 0.012614 0.008557
v -0.026508 0.012848 0.008636
v -0.014433 0.012614 0.023550
v -0.014551 0.012848 0.023767
v -0.012537 0.012614 0.024608
v -0.012655 0.012848 0.024844
v -0.023557 0.012614 -0.014402
v -0.023774 0.012848 -0.014520
v -0.024615 0.012614 -0.012505
v -0.024851 0.012848 -0.012623
v 0.014394 0.012614 -0.023525
v 0.014513 0.012848 -0.023742
v 0.012498 0.012614 -0.024583
v 0.012616 0.012848 -0.024820
v -0.014453 0.012614 -0.023505
v -0.014591 0.012848 -0.023722
v -0.016250 0.012614 -0.022307
v -0.016408 0.012848 -0.022504
v -0.023537 0.012614 0.014446
v -0.023754 0.012848 0.014584
v -0.022339 0.012614 0.016243
v -0.022536 0.012848 0.016401
v 0.023498 0.012614 -0.014421
v 0.023715 0.012848 -0.014559
v 0.022300 0.012614 -0.016218
v 0.022497 0.012848 -0.016376
v 0.014415 0.012614 0.023530
v 0.014553 0.012848 0.023746
v 0.016211 0.012614 0.022332
v 0.016369 0.012848 0.022529
v 0.025494 0.012614 0.010553
v 0.025731 0.012848 0.010652
v 0.026233 0.012614 0.008517
v 0.026470 0.012848 0.008596
v 0.026233 0.012614 -0.008532
v 0.026470 0.012848 -0.008611
v 0.025474 0.012614 -0.010569
v 0.025711 0.012848 -0.010667
v -0.010560 0.012614 0.025526
v -0.010659 0.012848 0.025763
v -0.008524 0.012614 0.026265
v -0.008603 0.012848 0.026501
v 0.010522 0.012614 -0.025501
v 0.010620 0.012848 -0.025738
v 0.008485 0.012614 -0.026240
v 0.008564 0.012848 -0.026477
v -0.008564 0.012614 -0.026240
v -0.008643 0.012848 -0.026477
v -0.010600 0.012614 -0.025481
v -0.010699 0.012848 -0.025718
v -0.025533 0.012614 -0.010528
v -0.025770 0.012848 -0.010627
v -0.026272 0.012614 -0.008492
v -0.026508 0.012848 -0.008571
v -0.026272 0.012614 0.008557
v -0.026508 0.012848 0.008636
v -0.025513 0.012614 0.010593
v -0.025750 0.012848 0.010692
v 0.008525 0.012614 0.026265
v 0.008604 0.012848 0.026501
v 0.010561 0.012614 0.025506
v 0.010660 0.012848 0.025743
v -0.012557 0.012614 -0.024583
v -0.012675 0.012848 -0.024800
v -0.014453 0.012614 -0.023505
v -0.014591 0.012848 -0.023722
v 0.024576 0.012614 -0.012525
v 0.024793 0.012848 -0.012643
v 0.023498 0.012614 -0.014421
v 0.023715 0.012848 -0.014559
v 0.022320 0.012614 0.016223
v 0.022537 0.012848 0.016361
v 0.023518 0.012614 0.014426
v 0.023735 0.012848 0.014544
v -0.022359 0.012614 -0.016198
v -0.022576 0.012848 -0.016336
v -0.023557 0.012614 -0.014402
v -0.023774 0.012848 -0.014520
v -0.024615 0.012614 0.012550
v -0.024832 0.012848 0.012668
v -0.023537 0.012614 0.014446
v -0.023754 0.012848 0.014584
v 0.016191 0.012614 -0.022327
v 0.016329 0.012848 -0.022544
v 0.014394 0.012614 -0.023525
v 0.014513 0.012848 -0.023742
v 0.012518 0.012614 0.024608
v 0.012636 0.012848 0.024825
v 0.014415 0.012614 0.023530
v 0.014553 0.012848 0.023746
v -0.016230 0.012614 0.022352
v -0.016368 0.012848 0.022569
v -0.014433 0.012614 0.023550
v -0.014551 0.012848 0.023767
v 0.010561 0.012614 0.025506
v 0.010660 0.012848 0.025743
v 0.012518 0.012614 0.024608
v 0.012636 0.012848 0.024825
v -0.025513 0.012614 0.010593
v -0.025750 0.012848 0.010692
v -0.024615 0.012614 0.012550
v -0.024832 0.012848 0.012668
v 0.025474 0.012614 -0.010569
v 0.025711 0.012848 -0.010667
v 0.024576 0.012614 -0.012525
v 0.024793 0.012848 -0.012643
v -0.010600 0.012614 -0.025481
v -0.010699 0.012848 -0.025718
v -0.012557 0.012614 -0.024583
v -0.012675 0.012848 -0.024800
v -0.027290 0.012614 -0.004300
v -0.027527 0.012848 -0.004339
v -0.027529 0.012614 -0.002144
v -0.027786 0.012848 -0.002163
v 0.027251 0.012614 0.004325
v 0.027488 0.012848 0.004364
v 0.027491 0.012614 0.002168
v 0.027747 0.012848 0.002168
v -0.004332 0.012614 0.027283
v -0.004371 0.012848 0.027519
v -0.002175 0.012614 0.027523
v -0.002175 0.012848 0.027779
v 0.004293 0.012614 -0.027258
v 0.004332 0.012848 -0.027495
v 0.002137 0.012614 -0.027498
v 0.002136 0.012848 -0.027754
v 0.008485 0.012614 -0.026240
v 0.008564 0.012848 -0.026477
v 0.006409 0.012614 -0.026839
v 0.006468 0.012848 -0.027076
v -0.008524 0.012614 0.026265
v -0.008603 0.012848 0.026501
v -0.006448 0.012614 0.026864
v -0.006507 0.012848 0.027100
v -0.026272 0.012614 -0.008492
v -0.026508 0.012848 -0.008571
v -0.026871 0.012614 -0.006416
v -0.027107 0.012848 -0.006475
v 0.026233 0.012614 0.008517
v 0.026470 0.012848 0.008596
v 0.026832 0.012614 0.006441
v 0.027068 0.012848 0.006500
v 0.016211 0.012614 0.022332
v 0.016369 0.012848 0.022529
v 0.017928 0.012614 0.020994
v 0.018086 0.012848 0.021172
v -0.022339 0.012614 0.016243
v -0.022536 0.012848 0.016401
v -0.021002 0.012614 0.017960
v -0.021179 0.012848 0.018118
v -0.016250 0.012614 -0.022307
v -0.016408 0.012848 -0.022504
v -0.017967 0.012614 -0.020970
v -0.018125 0.012848 -0.021147
v 0.022300 0.012614 -0.016218
v 0.022497 0.012848 -0.016376
v 0.020963 0.012614 -0.017935
v 0.021140 0.012848 -0.018093
v -0.017967 0.012614 -0.020970
v -0.018125 0.012848 -0.021147
v -0.019564 0.012614 -0.019492
v -0.019741 0.012848 -0.019670
v -0.021002 0.012614 0.017960
v -0.021179 0.012848 0.018118
v -0.019524 0.012614 0.019557
v -0.019701 0.012848 0.019735
v 0.020963 0.012614 -0.017935
v 0.021140 0.012848 -0.018093
v 0.019485 0.012614 -0.019532
v 0.019663 0.012848 -0.019710
v 0.017928 0.012614 0.020994
v 0.018086 0.012848 0.021172
v 0.019525 0.012614 0.019517
v 0.019702 0.012848 0.019694
v 0.006409 0.012614 -0.026839
v 0.006468 0.012848 -0.027076
v 0.004293 0.012614 -0.027258
v 0.004332 0.012848 -0.027495
v -0.026871 0.012614 -0.006416
v -0.027107 0.012848 -0.006475
v -0.027290 0.012614 -0.004300
v -0.027527 0.012848 -0.004339
v -0.006448 0.012614 0.026864
v -0.006507 0.012848 0.027100
v -0.004332 0.012614 0.027283
v -0.004371 0.012848 0.027519
v 0.026832 0.012614 0.006441
v 0.027068 0.012848 0.006500
v 0.027251 0.012614 0.004325
v 0.027488 0.012848 0.004364
v -0.004391 -0.012058 -0.027494
v -0.004351 -0.011824 -0.027238
v -0.006527 -0.012058 -0.027075
v -0.006468 -0.011824 -0.026819
v -0.027526 -0.012058 0.004384
v -0.027270 -0.011824 0.004345
v -0.027107 -0.012058 0.006520
v -0.026851 -0.011824 0.006461
v 0.004352 -0.012058 0.027519
v 0.004313 -0.011824 0.027263
v 0.006488 -0.012058 0.027100
v 0.006429 -0.011824 0.026844
v 0.016191 -0.011824 -0.022327
v 0.016329 -0.012058 -0.022544
v 0.017888 -0.011824 -0.020990
v 0.018066 -0.012058 -0.021187
v -0.024851 -0.012058 -0.012623
v -0.024615 -0.011824 -0.012505
v -0.025770 -0.012058 -0.010627
v -0.025533 -0.011824 -0.010528
v 0.021180 -0.012058 0.018098
v 0.020983 -0.011824 0.017920
v 0.022537 -0.012058 0.016361
v 0.022320 -0.011824 0.016223
v -0.021218 -0.012058 -0.018073
v -0.021021 -0.011824 -0.017895
v -0.022576 -0.012058 -0.016336
v -0.022359 -0.011824 -0.016198
v 0.024813 -0.012058 0.012648
v 0.024576 -0.011824 0.012530
v 0.025731 -0.012058 0.010652
v 0.025494 -0.011824 0.010553
v -0.012655 -0.012058 0.024844
v -0.012537 -0.011824 0.024608
v -0.010659 -0.012058 0.025763
v -0.010560 -0.011824 0.025526
v 0.010522 -0.011824 -0.025501
v 0.010620 -0.012058 -0.025738
v 0.012498 -0.011824 -0.024583
v 0.012616 -0.012058 -0.024820
v -0.018104 -0.012058 0.021211
v -0.017927 -0.011824 0.021014
v -0.016368 -0.012058 0.022569
v -0.016230 -0.011824 0.022352
v -0.002215 -0.012058 -0.027754
v -0.002195 -0.011824 -0.027498
v -0.004391 -0.012058 -0.027494
v -0.004351 -0.011824 -0.027238
v -0.027786 -0.012058 0.002208
v -0.027529 -0.011824 0.002188
v -0.027526 -0.012058 0.004384
v -0.027270 -0.011824 0.004345
v 0.017888 -0.011824 -0.020990
v 0.018066 -0.012058 -0.021187
v 0.019485 -0.011824 -0.019532
v 0.019663 -0.012058 -0.019710
v 0.027231 -0.011824 -0.004320
v 0.027487 -0.012058 -0.004359
v 0.027491 -0.011824 -0.002164
v 0.027747 -0.012058 -0.002183
v -0.019741 -0.012058 -0.019670
v -0.019564 -0.011824 -0.019492
v -0.021218 -0.012058 -0.018073
v -0.021021 -0.011824 -0.017895
v 0.002176 -0.012058 0.027779
v 0.002157 -0.011824 0.027523
v 0.004352 -0.012058 0.027519
v 0.004313 -0.011824 0.027263
v -0.019701 -0.012058 0.019734
v -0.019524 -0.011824 0.019557
v -0.018104 -0.012058 0.021211
v -0.017927 -0.011824 0.021014
v 0.019702 -0.012058 0.019694
v 0.019525 -0.011824 0.019517
v 0.021180 -0.012058 0.018098
v 0.020983 -0.011824 0.017920
v -0.027886 -0.012058 0.000032
v -0.027629 -0.011824 0.000032
v -0.027786 -0.012058 0.002208
v -0.027529 -0.011824 0.002188
v 0.000000 -0.012058 0.027879
v 0.000000 -0.011824 0.027622
v 0.002176 -0.012058 0.027779
v 0.002157 -0.011824 0.027523
v -0.002195 -0.011824 -0.027498
v -0.002215 -0.012058 -0.027754
v -0.000039 -0.011824 -0.027598
v -0.000039 -0.012058 -0.027854
v 0.027491 -0.011824 -0.002164
v 0.027747 -0.012058 -0.002183
v 0.027591 -0.011824 -0.000008
v 0.027847 -0.012058 -0.000008
v -0.002175 -0.012058 0.027779
v -0.002175 -0.011824 0.027523
v 0.000000 -0.012058 0.027879
v 0.000000 -0.011824 0.027622
v -0.006527 -0.012058 -0.027075
v -0.006468 -0.011824 -0.026819
v -0.008643 -0.012058 -0.026477
v -0.008564 -0.011824 -0.026240
v 0.027747 -0.012058 0.002168
v 0.027491 -0.011824 0.002168
v 0.027847 -0.012058 -0.000008
v 0.027591 -0.011824 -0.000008
v 0.002136 -0.012058 -0.027754
v 0.002137 -0.011824 -0.027498
v -0.000039 -0.012058 -0.027854
v -0.000039 -0.011824 -0.027598
v -0.027107 -0.012058 0.006520
v -0.026851 -0.011824 0.006461
v -0.026508 -0.012058 0.008636
v -0.026272 -0.011824 0.008557
v 0.006488 -0.012058 0.027100
v 0.006429 -0.011824 0.026844
v 0.008604 -0.012058 0.026501
v 0.008525 -0.011824 0.026265
v -0.027786 -0.012058 -0.002144
v -0.027529 -0.011824 -0.002144
v -0.027886 -0.012058 0.000032
v -0.027629 -0.011824 0.000032
v 0.026233 -0.011824 -0.008532
v 0.026470 -0.012058 -0.008611
v 0.026812 -0.011824 -0.006436
v 0.027068 -0.012058 -0.006495
v 0.023735 -0.012058 0.014544
v 0.023518 -0.011824 0.014426
v 0.024813 -0.012058 0.012648
v 0.024576 -0.011824 0.012530
v 0.012498 -0.011824 -0.024583
v 0.012616 -0.012058 -0.024820
v 0.014394 -0.011824 -0.023525
v 0.014513 -0.012058 -0.023742
v -0.014551 -0.012058 0.023767
v -0.014433 -0.011824 0.023550
v -0.012655 -0.012058 0.024844
v -0.012537 -0.011824 0.024608
v -0.023774 -0.012058 -0.014520
v -0.023557 -0.011824 -0.014402
v -0.024851 -0.012058 -0.012623
v -0.024615 -0.011824 -0.012505
v -0.023754 -0.012058 0.014584
v -0.023537 -0.011824 0.014446
v -0.022536 -0.012058 0.016401
v -0.022339 -0.011824 0.016243
v 0.014553 -0.012058 0.023746
v 0.014415 -0.011824 0.023530
v 0.016369 -0.012058 0.022529
v 0.016211 -0.011824 0.022332
v 0.022300 -0.011824 -0.016218
v 0.022497 -0.012058 -0.016376
v 0.023498 -0.011824 -0.014421
v 0.023715 -0.012058 -0.014559
v -0.014591 -0.012058 -0.023722
v -0.014453 -0.011824 -0.023505
v -0.016408 -0.012058 -0.022504
v -0.016250 -0.011824 -0.022307
v -0.010659 -0.012058 0.025763
v -0.010560 -0.011824 0.025526
v -0.008603 -0.012058 0.026501
v -0.008524 -0.011824 0.026265
v 0.008604 -0.012058 0.026501
v 0.008525 -0.011824 0.026265
v 0.010660 -0.012058 0.025743
v 0.010561 -0.011824 0.025506
v 0.025731 -0.012058 0.010652
v 0.025494 -0.011824 0.010553
v 0.026470 -0.012058 0.008596
v 0.026233 -0.011824 0.008517
v 0.008485 -0.011824 -0.026240
v 0.008564 -0.012058 -0.026477
v 0.010522 -0.011824 -0.025501
v 0.010620 -0.012058 -0.025738
v -0.026508 -0.012058 0.008636
v -0.026272 -0.011824 0.008557
v -0.025750 -0.012058 0.010692
v -0.025513 -0.011824 0.010593
v -0.008643 -0.012058 -0.026477
v -0.008564 -0.011824 -0.026240
v -0.010699 -0.012058 -0.025718
v -0.010600 -0.011824 -0.025481
v -0.025770 -0.012058 -0.010627
v -0.025533 -0.011824 -0.010528
v -0.026508 -0.012058 -0.008571
v -0.026272 -0.011824 -0.008492
v 0.025474 -0.011824 -0.010569
v 0.025711 -0.012058 -0.010667
v 0.026233 -0.011824 -0.008532
v 0.026470 -0.012058 -0.008611
v -0.012675 -0.012058 -0.024800
v -0.012557 -0.011824 -0.024583
v -0.014591 -0.012058 -0.023722
v -0.014453 -0.011824 -0.023505
v 0.014394 -0.011824 -0.023525
v 0.014513 -0.012058 -0.023742
v 0.016191 -0.011824 -0.022327
v 0.016329 -0.012058 -0.022544
v -0.016368 -0.012058 0.022569
v -0.016230 -0.011824 0.022352
v -0.014551 -0.012058 0.023767
v -0.014433 -0.011824 0.023550
v -0.022576 -0.012058 -0.016336
v -0.022359 -0.011824 -0.016198
v -0.023774 -0.012058 -0.014520
v -0.023557 -0.011824 -0.014402
v 0.023498 -0.011824 -0.014421
v 0.023715 -0.012058 -0.014559
v 0.024576 -0.011824 -0.012525
v 0.024793 -0.012058 -0.012643
v 0.012636 -0.012058 0.024825
v 0.012518 -0.011824 0.024608
v 0.014553 -0.012058 0.023746
v 0.014415 -0.011824 0.023530
v 0.022537 -0.012058 0.016361
v 0.022320 -0.011824 0.016223
v 0.023735 -0.012058 0.014544
v 0.023518 -0.011824 0.014426
v -0.024832 -0.012058 0.012668
v -0.024615 -0.011824 0.012550
v -0.023754 -0.012058 0.014584
v -0.023537 -0.011824 0.014446
v -0.025750 -0.012058 0.010692
v -0.025513 -0.011824 0.010593
v -0.024832 -0.012058 0.012668
v -0.024615 -0.011824 0.012550
v 0.010660 -0.012058 0.025743
v 0.010561 -0.011824 0.025506
v 0.012636 -0.012058 0.024825
v 0.012518 -0.011824 0.024608
v 0.024576 -0.011824 -0.012525
v 0.024793 -0.012058 -0.012643
v 0.025474 -0.011824 -0.010569
v 0.025711 -0.012058 -0.010667
v -0.010699 -0.012058 -0.025718
v -0.010600 -0.011824 -0.025481
v -0.012675 -0.012058 -0.024800
v -0.012557 -0.011824 -0.024583
v 0.004332 -0.012058 -0.027495
v 0.004293 -0.011824 -0.027258
v 0.002136 -0.012058 -0.027754
v 0.002137 -0.011824 -0.027498
v -0.004371 -0.012058 0.027519
v -0.004332 -0.011824 0.027283
v -0.002175 -0.012058 0.027779
v -0.002175 -0.011824 0.027523
v 0.027488 -0.012058 0.004364
v 0.027251 -0.011824 0.004325
v 0.027747 -0.012058 0.002168
v 0.027491 -0.011824 0.002168
v -0.027527 -0.012058 -0.004339
v -0.027290 -0.011824 -0.004300
v -0.027786 -0.012058 -0.002144
v -0.027529 -0.011824 -0.002144
v -0.026508 -0.012058 -0.008571
v -0.026272 -0.011824 -0.008492
v -0.027107 -0.012058 -0.006475
v -0.026871 -0.011824 -0.006416
v 0.006409 -0.011824 -0.026839
v 0.006468 -0.012058 -0.027076
v 0.008485 -0.011824 -0.026240
v 0.008564 -0.012058 -0.026477
v 0.026470 -0.012058 0.008596
v 0.026233 -0.011824 0.008517
v 0.027068 -0.012058 0.006500
v 0.026832 -0.011824 0.006441
v -0.008603 -0.012058 0.026501
v -0.008524 -0.011824 0.026265
v -0.006507 -0.012058 0.027100
v -0.006448 -0.011824 0.026864
v 0.016369 -0.012058 0.022529
v 0.016211 -0.011824 0.022332
v 0.018086 -0.012058 0.021172
v 0.017928 -0.011824 0.020994
v -0.016408 -0.012058 -0.022504
v -0.016250 -0.011824 -0.022307
v -0.018125 -0.012058 -0.021147
v -0.017967 -0.011824 -0.020970
v 0.020963 -0.011824 -0.017935
v 0.021140 -0.012058 -0.018093
v 0.022300 -0.011824 -0.016218
v 0.022497 -0.012058 -0.016376
v -0.022536 -0.012058 0.016401
v -0.022339 -0.011824 0.016243
v -0.021179 -0.012058 0.018118
v -0.021002 -0.011824 0.017960
v 0.019485 -0.011824 -0.019532
v 0.019663 -0.012058 -0.019710
v 0.020963 -0.011824 -0.017935
v 0.021140 -0.012058 -0.018093
v 0.018086 -0.012058 0.021172
v 0.017928 -0.011824 0.020994
v 0.019702 -0.012058 0.019694
v 0.019525 -0.011824 0.019517
v -0.018125 -0.012058 -0.021147
v -0.017967 -0.011824 -0.020970
v -0.019741 -0.012058 -0.019670
v -0.019564 -0.011824 -0.019492
v -0.021179 -0.012058 0.018118
v -0.021002 -0.011824 0.017960
v -0.019701 -0.012058 0.019734
v -0.019524 -0.011824 0.019557
v 0.027068 -0.012058 0.006500
v 0.026832 -0.011824 0.006441
v 0.027488 -0.012058 0.004364
v 0.027251 -0.011824 0.004325
v -0.027107 -0.012058 -0.006475
v -0.026871 -0.011824 -0.006416
v -0.027527 -0.012058 -0.004339
v -0.027290 -0.011824 -0.004300
v 0.006468 -0.012058 -0.027076
v 0.006409 -0.011824 -0.026839
v 0.004332 -0.012058 -0.027495
v 0.004293 -0.011824 -0.027258
v -0.006507 -0.012058 0.027100
v -0.006448 -0.011824 0.026864
v -0.004371 -0.012058 0.027519
v -0.004332 -0.011824 0.027283
vn -0.4176 0.1812 0.8904
vn -0.4111 0.1818 0.8933
vn -0.4112 0.1817 0.8932
vn -0.4111 0.1819 0.8933
vn -0.7721 0.1891 -0.6067
vn 0.6067 0.1891 -0.7721
vn 0.6067 0.1890 -0.7721
vn -0.7721 0.1891 0.6067
vn 0.5429 0.1888 0.8183
vn 0.5437 0.1812 0.8195
vn 0.5492 0.1804 0.8160
vn -0.6067 0.1890 0.7722
vn -0.6067 0.1891 0.7721
vn -0.6067 0.1890 0.7721
vn 0.6067 0.1890 0.7721
vn 0.6067 0.1891 0.7721
vn 0.4176 0.1812 0.8904
vn 0.4111 0.1818 0.8933
vn 0.4111 0.1817 0.8933
vn 0.4111 0.1819 0.8933
vn 0.7721 0.1891 -0.6067
vn -0.1180 0.1811 0.9764
vn -0.1181 0.1811 0.9763
vn -0.1180 0.1812 0.9763
vn -0.6067 0.1890 -0.7722
vn -0.6067 0.1891 -0.7721
vn 0.7722 0.1890 0.6067
vn 0.7721 0.1890 0.6067
vn 0.7721 0.1891 0.6067
vn -0.9828 0.1806 0.0395
vn -0.9828 0.1806 0.0394
vn -0.9828 0.1807 0.0394
vn -0.9763 0.1811 0.1181
vn -0.9777 0.1735 0.1183
vn -0.9768 0.1733 0.1260
vn 0.1895 0.1895 0.9634
vn 0.1885 0.1805 0.9653
vn 0.1886 0.1729 0.9667
vn 0.1960 0.1726 0.9653
vn -0.9462 0.1813 0.2681
vn -0.9462 0.1814 0.2681
vn -0.9448 0.1890 0.2677
vn -0.9230 0.1814 0.3392
vn -0.9230 0.1815 0.3392
vn -0.9231 0.1814 0.3392
vn 0.8582 0.1811 -0.4803
vn 0.8582 0.1811 -0.4802
vn 0.7252 0.1892 -0.6620
vn 0.7224 0.1806 -0.6674
vn 0.7225 0.1807 -0.6674
vn 0.7234 0.1730 -0.6684
vn 0.6675 0.1806 -0.7224
vn 0.6674 0.1806 -0.7225
vn 0.6703 0.1892 -0.7176
vn -0.5444 0.1736 0.8207
vn -0.5437 0.1812 0.8195
vn -0.5483 0.1879 0.8149
vn -0.2681 0.1812 0.9462
vn -0.2681 0.1813 0.9462
vn 0.9230 0.1815 0.3392
vn 0.9231 0.1814 0.3392
vn 0.9230 0.1816 0.3392
vn 0.8904 0.1812 0.4176
vn 0.8933 0.1818 0.4111
vn 0.1886 0.1729 -0.9667
vn 0.1884 0.1805 -0.9654
vn 0.1898 0.1819 -0.9648
vn 0.1974 0.1816 -0.9634
vn 0.9634 0.1816 0.1974
vn 0.9654 0.1805 0.1883
vn 0.9667 0.1729 0.1886
vn 0.9768 0.1733 -0.1260
vn 0.9777 0.1735 -0.1183
vn 0.9764 0.1811 -0.1181
vn 0.9763 0.1811 -0.1181
vn 0.4803 0.1811 0.8582
vn 0.1181 0.1811 -0.9763
vn 0.1180 0.1811 -0.9764
vn 0.1179 0.1811 -0.9764
vn 0.8160 0.1804 -0.5492
vn 0.8195 0.1812 -0.5437
vn 0.8183 0.1888 -0.5429
vn -0.9828 0.1806 -0.0388
vn -0.9827 0.1808 -0.0389
vn -0.9827 0.1811 -0.0391
vn -0.9826 0.1814 -0.0393
vn 0.9764 0.1811 0.1181
vn 0.9763 0.1811 0.1181
vn 0.9763 0.1812 0.1181
vn -0.4803 0.1811 0.8582
vn -0.4810 0.1735 0.8594
vn -0.0395 0.1810 0.9827
vn -0.0390 0.1807 0.9828
vn -0.0392 0.1811 0.9827
vn -0.0393 0.1811 0.9827
vn 0.0393 0.1808 0.9827
vn 0.0392 0.1810 0.9827
vn 0.0393 0.1809 0.9827
vn 0.0394 0.1808 0.9827
vn 0.1260 0.1733 0.9768
vn 0.1183 0.1735 0.9777
vn 0.1181 0.1810 0.9764
vn 0.1181 0.1811 0.9763
vn 0.9462 0.1813 -0.2681
vn 0.9462 0.1814 -0.2681
vn 0.9448 0.1890 -0.2677
vn 0.7176 0.1892 0.6703
vn 0.7224 0.1806 0.6675
vn 0.5484 0.1880 -0.8148
vn 0.5437 0.1812 -0.8195
vn 0.5444 0.1737 -0.8207
vn -0.9230 0.1815 -0.3392
vn -0.9231 0.1814 -0.3392
vn 0.0393 0.1814 -0.9826
vn 0.0393 0.1808 -0.9827
vn 0.0388 0.1806 -0.9828
vn 0.9827 0.1808 -0.0393
vn 0.9826 0.1814 -0.0391
vn 0.9827 0.1809 -0.0393
vn 0.9828 0.1804 -0.0396
vn -0.9653 0.1727 0.1960
vn -0.9667 0.1729 0.1886
vn -0.9654 0.1805 0.1883
vn -0.9634 0.1895 0.1895
vn 0.9634 0.1895 -0.1895
vn 0.9654 0.1805 -0.1884
vn 0.9667 0.1729 -0.1886
vn 0.9652 0.1727 -0.1963
vn 0.9231 0.1814 -0.3392
vn 0.9231 0.1815 -0.3391
vn 0.9230 0.1815 -0.3392
vn -0.8904 0.1812 0.4176
vn -0.8933 0.1818 0.4111
vn -0.4803 0.1811 -0.8582
vn -0.4804 0.1811 -0.8582
vn -0.5492 0.1804 -0.8160
vn -0.5437 0.1812 -0.8195
vn -0.5429 0.1888 -0.8183
vn -0.7234 0.1730 0.6684
vn -0.7224 0.1805 0.6675
vn -0.7225 0.1807 0.6674
vn -0.7252 0.1892 0.6621
vn -0.7224 0.1806 -0.6675
vn -0.7225 0.1806 -0.6674
vn -0.7176 0.1893 -0.6703
vn -0.8149 0.1879 -0.5484
vn -0.8195 0.1812 -0.5437
vn -0.8207 0.1737 -0.5444
vn -0.4111 0.1818 -0.8933
vn -0.4111 0.1819 -0.8933
vn -0.4176 0.1812 -0.8904
vn -0.9462 0.1813 -0.2681
vn -0.9634 0.1816 -0.1974
vn -0.9648 0.1819 -0.1898
vn -0.9654 0.1805 -0.1884
vn -0.9667 0.1729 -0.1886
vn 0.9828 0.1804 0.0388
vn 0.9828 0.1807 0.0390
vn 0.9827 0.1811 0.0392
vn 0.9826 0.1814 0.0393
vn 0.9462 0.1813 0.2681
vn 0.8206 0.1736 0.5445
vn 0.8195 0.1812 0.5437
vn 0.8148 0.1880 0.5484
vn -0.6621 0.1892 -0.7252
vn -0.6674 0.1807 -0.7224
vn -0.6675 0.1805 -0.7224
vn -0.6684 0.1730 -0.7234
vn -0.0394 0.1807 -0.9827
vn -0.0394 0.1808 -0.9827
vn -0.0393 0.1810 -0.9827
vn -0.0392 0.1809 -0.9827
vn 0.2681 0.1813 0.9462
vn 0.2682 0.1814 0.9461
vn 0.2681 0.1814 0.9462
vn 0.2677 0.1890 0.9448
vn -0.3392 0.1814 -0.9230
vn -0.3392 0.1815 -0.9230
vn 0.4111 0.1818 -0.8933
vn 0.4112 0.1818 -0.8932
vn 0.4176 0.1812 -0.8904
vn -0.8582 0.1811 0.4803
vn -0.8582 0.1811 0.4804
vn -0.8183 0.1887 0.5430
vn -0.8183 0.1888 0.5429
vn -0.8195 0.1812 0.5437
vn -0.8160 0.1805 0.5492
vn 0.6684 0.1730 0.7234
vn 0.6674 0.1807 0.7224
vn 0.6674 0.1806 0.7224
vn 0.6621 0.1892 0.7251
vn -0.1974 0.1816 0.9634
vn -0.1898 0.1819 0.9648
vn -0.1884 0.1805 0.9654
vn -0.1886 0.1729 0.9667
vn -0.3392 0.1814 0.9231
vn -0.3392 0.1815 0.9230
vn -0.3392 0.1816 0.9230
vn -0.8933 0.1817 -0.4111
vn -0.8933 0.1819 -0.4110
vn -0.8933 0.1818 -0.4111
vn -0.8904 0.1812 -0.4176
vn 0.8582 0.1811 0.4803
vn 0.8594 0.1735 0.4810
vn 0.8594 0.1736 0.4810
vn 0.3392 0.1814 0.9230
vn 0.3392 0.1815 0.9230
vn 0.3393 0.1815 0.9230
vn -0.6703 0.1893 0.7176
vn -0.6675 0.1808 0.7224
vn -0.6674 0.1806 0.7225
vn -0.6674 0.1806 0.7224
vn 0.3392 0.1814 -0.9230
vn 0.3392 0.1814 -0.9231
vn -0.2682 0.1813 -0.9462
vn -0.2681 0.1814 -0.9462
vn -0.2677 0.1889 -0.9448
vn -0.9764 0.1811 -0.1180
vn -0.9763 0.1811 -0.1181
vn 0.8933 0.1818 -0.4111
vn 0.8932 0.1819 -0.4111
vn 0.8904 0.1812 -0.4176
vn 0.4803 0.1811 -0.8582
vn 0.4810 0.1735 -0.8594
vn -0.1895 0.1895 -0.9634
vn -0.1885 0.1805 -0.9653
vn -0.1886 0.1729 -0.9667
vn -0.1957 0.1728 -0.9653
vn -0.8594 0.1735 -0.4810
vn -0.8594 0.1736 -0.4810
vn -0.8582 0.1811 -0.4803
vn 0.2681 0.1812 -0.9462
vn 0.2681 0.1813 -0.9462
vn -0.1260 0.1733 -0.9768
vn -0.1183 0.1735 -0.9777
vn -0.1181 0.1810 -0.9764
vn -0.1181 0.1811 -0.9763
vn -0.0394 -0.1731 -0.9841
vn -0.0394 -0.1732 -0.9841
vn -0.0393 -0.1733 -0.9841
vn -0.0389 -0.1735 -0.9841
vn 0.9840 -0.1736 -0.0393
vn 0.9841 -0.1733 -0.0393
vn 0.9841 -0.1731 -0.0393
vn 0.9841 -0.1731 -0.0394
vn 0.9777 -0.1735 0.1182
vn -0.9231 -0.1657 -0.3471
vn -0.9230 -0.1815 -0.3392
vn -0.9230 -0.1814 -0.3393
vn -0.3377 -0.1649 -0.9267
vn -0.3461 -0.1809 -0.9206
vn -0.3462 -0.1810 -0.9205
vn -0.1177 -0.1568 -0.9806
vn -0.1185 -0.1583 -0.9803
vn -0.1183 -0.1734 -0.9777
vn -0.1261 -0.1733 -0.9768
vn 0.1884 -0.1804 -0.9654
vn 0.1886 -0.1729 -0.9667
vn 0.1964 -0.1650 -0.9665
vn 0.1966 -0.1574 -0.9678
vn -0.9841 -0.1731 -0.0394
vn -0.9842 -0.1729 -0.0394
vn -0.9841 -0.1733 -0.0389
vn -0.9841 -0.1733 -0.0392
vn -0.1974 -0.1816 -0.9634
vn -0.1962 -0.1727 -0.9652
vn -0.1892 -0.1577 -0.9692
vn -0.1891 -0.1575 -0.9692
vn -0.5509 -0.1652 -0.8181
vn -0.5507 -0.1652 -0.8182
vn -0.5500 -0.1729 -0.8171
vn -0.5500 -0.1728 -0.8171
vn -0.4810 -0.1735 -0.8594
vn -0.4816 -0.1658 -0.8606
vn -0.4789 -0.1570 -0.8637
vn -0.4789 -0.1571 -0.8637
vn 0.6693 -0.1653 -0.7244
vn 0.6693 -0.1654 -0.7244
vn 0.7244 -0.1654 -0.6693
vn 0.7244 -0.1653 -0.6693
vn 0.7244 -0.1652 -0.6693
vn -0.7785 -0.1651 -0.6055
vn -0.7785 -0.1651 -0.6056
vn 0.4876 -0.1652 -0.8573
vn 0.4816 -0.1658 -0.8606
vn 0.4810 -0.1734 -0.8594
vn 0.4810 -0.1733 -0.8594
vn -0.9777 -0.1735 -0.1183
vn -0.9803 -0.1581 -0.1186
vn -0.9808 -0.1491 -0.1255
vn 0.9806 -0.1569 -0.1177
vn 0.9803 -0.1581 -0.1186
vn 0.9777 -0.1735 -0.1183
vn 0.9768 -0.1733 -0.1261
vn -0.2680 -0.1814 -0.9462
vn -0.2679 -0.1814 -0.9462
vn -0.2681 -0.1813 -0.9462
vn 0.5452 -0.1659 -0.8217
vn 0.8160 -0.1804 -0.5492
vn 0.8160 -0.1805 -0.5492
vn 0.8182 -0.1652 -0.5507
vn 0.8218 -0.1658 -0.5452
vn -0.9777 -0.1735 0.1183
vn -0.9777 -0.1735 0.1182
vn -0.6611 -0.1652 -0.7319
vn -0.6611 -0.1653 -0.7319
vn -0.6684 -0.1730 -0.7234
vn 0.3373 -0.1726 -0.9254
vn 0.3372 -0.1725 -0.9255
vn 0.3377 -0.1649 -0.9267
vn 0.8594 -0.1735 -0.4810
vn 0.8561 -0.1728 -0.4870
vn 0.8550 -0.1803 -0.4862
vn 0.8550 -0.1805 -0.4862
vn 0.8916 -0.1736 -0.4182
vn 0.9841 -0.1732 0.0394
vn 0.9841 -0.1730 0.0394
vn 0.9842 -0.1728 0.0389
vn 0.9841 -0.1730 0.0389
vn 0.0394 -0.1731 -0.9841
vn 0.0394 -0.1732 -0.9841
vn 0.0393 -0.1734 -0.9841
vn -0.6084 -0.1738 -0.7743
vn -0.6084 -0.1739 -0.7743
vn -0.6055 -0.1651 -0.7785
vn -0.9842 -0.1729 0.0392
vn -0.9841 -0.1731 0.0393
vn -0.9841 -0.1732 0.0393
vn 0.9267 -0.1650 -0.3377
vn 0.9267 -0.1651 -0.3376
vn 0.9255 -0.1725 -0.3373
vn 0.9243 -0.1738 -0.3397
vn 0.1182 -0.1735 -0.9777
vn 0.1183 -0.1734 -0.9777
vn 0.1183 -0.1735 -0.9777
vn -0.7245 -0.1653 -0.6692
vn -0.7244 -0.1654 -0.6693
vn -0.4098 -0.1576 -0.8984
vn -0.4099 -0.1576 -0.8984
vn -0.4158 -0.1647 -0.8944
vn -0.4158 -0.1648 -0.8944
vn 0.6056 -0.1650 -0.7785
vn 0.6055 -0.1651 -0.7785
vn 0.4182 -0.1736 -0.8916
vn 0.2668 -0.1648 -0.9496
vn 0.2672 -0.1571 -0.9508
vn 0.2672 -0.1574 -0.9507
vn -0.9462 -0.1814 -0.2679
vn -0.9462 -0.1813 -0.2681
vn -0.9475 -0.1737 -0.2685
vn -0.8955 -0.1571 -0.4163
vn -0.8973 -0.1653 -0.4093
vn -0.8595 -0.1734 -0.4809
vn -0.8606 -0.1658 -0.4816
vn -0.8616 -0.1581 -0.4824
vn -0.8584 -0.1575 -0.4883
vn -0.8182 -0.1652 -0.5507
vn -0.8171 -0.1729 -0.5500
vn 0.7717 -0.1654 -0.6142
vn 0.7716 -0.1654 -0.6142
vn 0.7717 -0.1653 -0.6142
vn 0.9508 -0.1571 0.2670
vn 0.9507 -0.1572 0.2671
vn 0.9508 -0.1572 0.2671
vn 0.8594 -0.1734 0.4810
vn 0.8594 -0.1735 0.4810
vn -0.8594 -0.1735 0.4810
vn -0.8561 -0.1728 0.4870
vn -0.8550 -0.1803 0.4863
vn -0.8552 -0.1804 0.4858
vn 0.9508 -0.1571 -0.2671
vn 0.9507 -0.1572 -0.2672
vn 0.9496 -0.1648 -0.2668
vn 0.9496 -0.1647 -0.2668
vn 0.1893 -0.1500 0.9704
vn 0.1891 -0.1576 0.9692
vn 0.1962 -0.1727 0.9652
vn -0.0394 -0.1733 0.9841
vn -0.0394 -0.1731 0.9841
vn -0.0394 -0.1732 0.9841
vn -0.4168 -0.1494 0.8966
vn -0.4163 -0.1571 0.8956
vn -0.4093 -0.1653 0.8973
vn -0.4088 -0.1729 0.8961
vn -0.1255 -0.1491 0.9808
vn -0.1177 -0.1569 0.9806
vn -0.1184 -0.1658 0.9790
vn -0.1183 -0.1735 0.9777
vn 0.5507 -0.1652 0.8182
vn 0.5507 -0.1653 0.8182
vn -0.9231 -0.1657 0.3471
vn -0.9218 -0.1733 0.3467
vn 0.6693 -0.1652 0.7244
vn 0.6701 -0.1577 0.7253
vn -0.6701 -0.1577 0.7253
vn -0.6693 -0.1653 0.7244
vn -0.6640 -0.1737 0.7273
vn -0.6640 -0.1740 0.7272
vn 0.8932 -0.1723 0.4153
vn 0.8944 -0.1648 0.4158
vn 0.8944 -0.1647 0.4159
vn 0.9267 -0.1648 0.3377
vn 0.9267 -0.1650 0.3377
vn 0.9279 -0.1573 0.3381
vn 0.9278 -0.1572 0.3382
vn -0.7253 -0.1577 0.6701
vn -0.7253 -0.1578 0.6701
vn -0.9475 -0.1737 0.2685
vn -0.9502 -0.1728 0.2592
vn -0.9515 -0.1651 0.2595
vn -0.3402 -0.1662 0.9255
vn -0.3397 -0.1738 0.9243
vn -0.3392 -0.1815 0.9230
vn -0.3392 -0.1814 0.9231
vn 0.7253 -0.1577 0.6701
vn 0.7244 -0.1652 0.6693
vn -0.9652 -0.1726 0.1962
vn -0.9653 -0.1726 0.1962
vn -0.2681 -0.1813 0.9462
vn -0.2681 -0.1814 0.9462
vn -0.2684 -0.1737 0.9475
vn -0.2685 -0.1737 0.9475
vn 0.2685 -0.1737 0.9475
vn 0.2685 -0.1736 0.9475
vn 0.2672 -0.1573 0.9507
vn 0.2672 -0.1572 0.9507
vn 0.9678 -0.1573 0.1966
vn 0.9678 -0.1574 0.1967
vn 0.9680 -0.1652 0.1889
vn 0.9667 -0.1730 0.1886
vn 0.0394 -0.1731 0.9841
vn 0.0394 -0.1732 0.9841
vn 0.3381 -0.1574 0.9279
vn 0.3381 -0.1573 0.9279
vn 0.3377 -0.1649 0.9267
vn -0.5507 -0.1651 0.8182
vn -0.5507 -0.1652 0.8182
vn -0.5445 -0.1736 0.8206
vn -0.5437 -0.1812 0.8195
vn 0.8182 -0.1652 0.5507
vn 0.8182 -0.1652 0.5506
vn 0.8217 -0.1659 0.5452
vn -0.7785 -0.1651 0.6055
vn -0.7795 -0.1575 0.6063
vn -0.8961 -0.1730 0.4088
vn -0.8961 -0.1728 0.4088
vn -0.8961 -0.1729 0.4088
vn -0.8961 -0.1727 0.4088
vn 0.9678 -0.1575 -0.1964
vn 0.9678 -0.1574 -0.1965
vn 0.9678 -0.1574 -0.1966
vn 0.9678 -0.1574 -0.1964
vn 0.7795 -0.1575 0.6063
vn 0.7785 -0.1652 0.6055
vn 0.4810 -0.1735 0.8594
vn 0.4809 -0.1735 0.8594
vn 0.6055 -0.1651 0.7785
vn 0.6056 -0.1650 0.7785
vn -0.8159 -0.1805 0.5492
vn -0.8160 -0.1804 0.5492
vn -0.8182 -0.1652 0.5506
vn -0.8217 -0.1659 0.5452
vn -0.4803 -0.1811 0.8582
vn -0.4809 -0.1735 0.8594
vn -0.4882 -0.1575 0.8584
vn -0.4888 -0.1498 0.8594
vn -0.9689 -0.1497 -0.1969
vn -0.9678 -0.1574 -0.1966
vn -0.9667 -0.1728 -0.1887
vn -0.9667 -0.1729 -0.1886
vn 0.4158 -0.1648 0.8944
vn 0.4187 -0.1659 0.8928
vn 0.4182 -0.1735 0.8916
vn 0.1260 -0.1733 0.9768
vn 0.1185 -0.1658 0.9790
vn 0.1179 -0.1567 0.9806
vn 0.1178 -0.1493 0.9817
vn -0.6083 -0.1739 0.7744
vn -0.6083 -0.1737 0.7745
vn -0.6141 -0.1654 0.7717
vn -0.6142 -0.1653 0.7717
vn -0.1886 -0.1729 0.9667
vn -0.1886 -0.1728 0.9667
vn -0.1967 -0.1573 0.9678
vn -0.1969 -0.1498 0.9689
vn 0.3464 0.0471 0.9369
vn 0.3464 0.0472 0.9369
vn 0.3395 0.0474 0.9394
vn -0.9919 0.0472 0.1181
vn -0.9913 0.0394 0.1259
vn -0.9913 0.0395 0.1259
vn 0.9795 0.0396 -0.1975
vn 0.9807 0.0475 -0.1898
vn 0.9792 0.0474 -0.1974
vn 0.9810 0.0471 -0.1885
vn 0.2684 0.0468 0.9622
vn 0.2755 0.0472 0.9601
vn 0.2683 0.0473 0.9622
vn 0.2756 0.0393 0.9605
vn 0.9369 0.0472 -0.3464
vn 0.9369 0.0471 -0.3463
vn 0.9394 0.0474 -0.3395
vn -0.1181 0.0393 0.9922
vn -0.1181 0.0394 0.9922
vn 0.8338 0.0393 -0.5506
vn 0.8335 0.0472 -0.5504
vn -0.6230 0.0473 0.7808
vn -0.6146 0.0394 0.7879
vn -0.6194 0.0392 0.7841
vn 0.8335 0.0471 0.5505
vn 0.8335 0.0472 0.5504
vn -0.4873 0.0393 0.8724
vn -0.4871 0.0470 0.8721
vn -0.4871 0.0472 0.8721
vn 0.9075 0.0394 0.4182
vn 0.9075 0.0396 0.4182
vn 0.9369 0.0473 0.3464
vn 0.9372 0.0394 0.3465
vn 0.9398 0.0395 0.3395
vn -0.2682 0.0473 0.9622
vn -0.2754 0.0472 0.9602
vn -0.2683 0.0473 0.9622
vn -0.1974 0.0474 0.9792
vn -0.1884 0.0393 0.9813
vn 0.5275 -0.2992 0.7951
vn 0.5295 -0.3082 0.7903
vn -0.0393 0.0393 0.9985
vn -0.0393 0.0394 0.9985
vn -0.3464 0.0472 -0.9369
vn -0.3396 0.0474 -0.9394
vn 0.9813 0.0394 0.1884
vn 0.9792 0.0474 0.1974
vn 0.9813 0.0393 0.1884
vn 0.9792 0.0473 0.1974
vn 0.9919 0.0471 -0.1181
vn 0.9913 0.0393 -0.1259
vn 0.9919 0.0473 -0.1181
vn 0.9913 0.0394 -0.1258
vn 0.6145 0.0394 -0.7879
vn 0.6194 0.0393 -0.7841
vn 0.6230 0.0473 -0.7808
vn 0.7336 0.0394 0.6784
vn 0.7336 0.0395 0.6784
vn 0.7334 0.0473 0.6782
vn 0.0393 0.0394 0.9985
vn 0.0393 0.0393 0.9985
vn 0.0394 -0.2995 0.9533
vn 0.0394 -0.2994 0.9533
vn 0.0392 -0.2994 0.9533
vn 0.1181 0.0472 0.9919
vn 0.1259 0.0393 0.9913
vn 0.1975 0.0395 0.9795
vn 0.1898 0.0475 0.9807
vn 0.1974 0.0474 0.9792
vn 0.1884 0.0471 0.9810
vn -0.2682 0.0471 -0.9622
vn -0.2755 0.0472 -0.9601
vn -0.2682 0.0473 -0.9622
vn -0.2756 0.0393 -0.9605
vn 0.4247 0.0393 0.9045
vn 0.4181 0.0473 0.9072
vn 0.5504 0.0472 0.8335
vn 0.5506 0.0393 0.8338
vn 0.5505 0.0472 0.8335
vn 0.6782 0.0473 0.7334
vn 0.6488 0.0474 0.7595
vn 0.6449 0.0472 0.7628
vn 0.6144 0.0473 0.7876
vn 0.6143 0.0473 0.7876
vn 0.6782 0.0473 -0.7334
vn 0.6784 0.0395 -0.7336
vn 0.6784 0.0394 -0.7336
vn 0.7808 0.0473 0.6230
vn 0.7879 0.0394 0.6145
vn 0.7841 0.0392 0.6194
vn 0.7879 0.0394 0.6146
vn -0.8335 0.0472 -0.5505
vn -0.8335 0.0472 -0.5504
vn -0.8335 0.0471 -0.5504
vn -0.8335 0.0471 -0.5505
vn 0.8721 0.0471 0.4871
vn 0.8724 0.0393 0.4873
vn 0.1974 0.0472 -0.9792
vn 0.1884 0.0393 -0.9813
vn 0.1973 0.0473 -0.9792
vn 0.2682 0.0473 -0.9622
vn 0.2753 0.0472 -0.9602
vn 0.2755 0.0472 -0.9601
vn -0.9369 0.0473 0.3464
vn -0.9369 0.0472 0.3464
vn -0.9394 0.0474 0.3395
vn 0.9072 0.0473 -0.4181
vn 0.9045 0.0393 -0.4247
vn 0.9044 0.0394 -0.4248
vn 0.9622 0.0473 -0.2682
vn 0.9602 0.0472 -0.2754
vn 0.9605 0.0394 -0.2755
vn -0.6784 0.0395 0.7336
vn -0.6784 0.0394 0.7336
vn -0.6782 0.0473 0.7334
vn -0.1975 0.0395 -0.9795
vn -0.1898 0.0475 -0.9807
vn -0.1974 0.0474 -0.9792
vn -0.1884 0.0471 -0.9810
vn -0.1807 -0.3063 0.9346
vn -0.1882 -0.3059 0.9333
vn -0.1891 -0.2921 0.9375
vn -0.1891 -0.2915 0.9377
vn 0.5504 0.0472 -0.8335
vn 0.5505 0.0472 -0.8335
vn 0.5505 0.0471 -0.8335
vn -0.9601 0.0472 -0.2755
vn -0.9622 0.0473 -0.2682
vn -0.9813 0.0394 -0.1885
vn -0.9792 0.0474 -0.1974
vn -0.9813 0.0393 -0.1884
vn -0.9792 0.0473 -0.1974
vn 0.9602 0.0472 0.2753
vn 0.9622 0.0473 0.2682
vn 0.9602 0.0472 0.2754
vn -0.9810 0.0471 0.1884
vn -0.9792 0.0473 0.1973
vn -0.9807 0.0475 0.1898
vn -0.9795 0.0395 0.1975
vn -0.9622 0.0473 0.2682
vn -0.9601 0.0472 0.2755
vn -0.9605 0.0393 0.2756
vn -0.0391 -0.2995 0.9533
vn -0.0393 -0.2995 0.9533
vn -0.0394 -0.2994 0.9533
vn -0.8335 0.0471 0.5504
vn -0.8338 0.0393 0.5506
vn -0.8335 0.0472 0.5504
vn -0.7334 0.0473 -0.6782
vn -0.7336 0.0394 -0.6784
vn -0.7336 0.0395 -0.6784
vn -0.7880 0.0393 -0.6144
vn -0.7841 0.0392 -0.6194
vn -0.7879 0.0394 -0.6146
vn -0.7808 0.0473 -0.6230
vn -0.9397 0.0395 -0.3396
vn -0.9372 0.0395 -0.3465
vn -0.9372 0.0394 -0.3465
vn -0.9369 0.0472 -0.3464
vn -0.8721 0.0471 -0.4871
vn -0.8724 0.0393 -0.4873
vn -0.5505 0.0472 0.8335
vn -0.5505 0.0471 0.8335
vn -0.2598 -0.2912 0.9207
vn -0.2597 -0.2914 0.9207
vn -0.2591 -0.2984 0.9186
vn -0.2591 -0.2983 0.9186
vn 0.7876 0.0472 -0.6144
vn 0.7595 0.0475 -0.6488
vn 0.7595 0.0473 -0.6488
vn 0.7334 0.0473 -0.6782
vn 0.7333 0.0472 -0.6782
vn 0.3307 -0.3149 0.8897
vn 0.3306 -0.3149 0.8897
vn 0.3315 -0.3078 0.8918
vn 0.3292 -0.3056 0.8934
vn 0.4004 -0.3062 0.8637
vn 0.4004 -0.3063 0.8636
vn 0.4021 -0.3153 0.8596
vn 0.4022 -0.3155 0.8595
vn 0.3397 0.0395 -0.9397
vn 0.3465 0.0394 -0.9372
vn 0.3464 0.0395 -0.9372
vn 0.3464 0.0472 -0.9369
vn -0.1106 -0.3001 0.9475
vn -0.1103 -0.3071 0.9452
vn -0.1103 -0.3072 0.9452
vn -0.9985 0.0393 0.0393
vn -0.9985 0.0394 0.0393
vn 0.9961 0.0393 0.0784
vn 0.9961 0.0396 0.0790
vn 0.9922 0.0395 0.1181
vn 0.9922 0.0394 0.1181
vn 0.9985 0.0394 0.0393
vn 0.9984 0.0394 0.0393
vn -0.4563 0.0394 -0.8890
vn -0.4563 0.0393 -0.8890
vn -0.4873 0.0393 -0.8724
vn -0.4247 0.0393 -0.9045
vn -0.4181 0.0473 -0.9072
vn 0.9985 0.0393 -0.0393
vn 0.9985 0.0394 -0.0393
vn 0.9984 0.0395 -0.0393
vn 0.4873 0.0394 -0.8723
vn 0.4871 0.0471 -0.8721
vn 0.4873 0.0393 -0.8724
vn -0.6144 0.0472 -0.7876
vn -0.6143 0.0473 -0.7876
vn -0.6488 0.0475 -0.7595
vn -0.6488 0.0473 -0.7595
vn -0.6782 0.0473 -0.7334
vn -0.8890 0.0395 0.4563
vn -0.8890 0.0393 0.4563
vn -0.9045 0.0393 0.4247
vn -0.9072 0.0473 0.4181
vn -0.8723 0.0393 0.4873
vn -0.8724 0.0393 0.4873
vn 0.8724 0.0393 -0.4873
vn 0.8723 0.0394 -0.4873
vn -0.7595 0.0476 0.6488
vn -0.7595 0.0475 0.6488
vn -0.7876 0.0472 0.6144
vn -0.7334 0.0473 0.6782
vn 0.4181 0.0398 -0.9075
vn 0.4182 0.0394 -0.9075
vn 0.4182 0.0395 -0.9075
vn -0.5506 0.0393 -0.8338
vn -0.5504 0.0472 -0.8335
vn -0.5505 0.0471 -0.8335
vn -0.3464 0.0473 0.9369
vn -0.3465 0.0394 0.9372
vn -0.3793 0.0395 0.9244
vn -0.3793 0.0396 0.9244
vn -0.4182 0.0396 0.9075
vn -0.4182 0.0395 0.9075
vn -0.0393 0.0393 -0.9985
vn -0.0393 0.0394 -0.9985
vn -0.9985 0.0393 -0.0393
vn -0.9985 0.0394 -0.0393
vn -0.9961 0.0392 -0.0784
vn -0.9961 0.0397 -0.0790
vn -0.9922 0.0395 -0.1181
vn -0.9922 0.0394 -0.1181
vn -0.7884 -0.3153 0.5282
vn -0.7903 -0.3082 0.5295
vn -0.7933 -0.3063 0.5262
vn -0.1181 0.0472 -0.9919
vn -0.1258 0.0394 -0.9913
vn -0.1259 0.0394 -0.9913
vn 0.4873 0.0394 0.8724
vn 0.4873 0.0393 0.8724
vn 0.4641 -0.2989 0.8338
vn 0.4661 -0.3080 0.8294
vn 0.4660 -0.3081 0.8294
vn -0.9075 0.0395 -0.4182
vn -0.9075 0.0396 -0.4182
vn -0.9075 0.0394 -0.4182
vn -0.5308 -0.3010 0.7922
vn -0.5295 -0.3082 0.7903
vn -0.5282 -0.3153 0.7884
vn -0.5282 -0.3154 0.7884
vn 0.2518 -0.2990 0.9205
vn 0.2511 -0.3061 0.9183
vn 0.2530 -0.3083 0.9170
vn 0.2523 -0.3155 0.9148
vn -0.3300 -0.2982 0.8956
vn -0.3299 -0.2986 0.8955
vn -0.3292 -0.3057 0.8934
vn -0.3292 -0.3056 0.8935
vn 0.0791 0.0395 -0.9961
vn 0.0784 0.0391 -0.9962
vn 0.0393 0.0394 -0.9985
vn 0.1181 0.0393 -0.9922
vn 0.1181 0.0394 -0.9922
vn -0.6387 -0.3154 0.7018
vn -0.6388 -0.3156 0.7017
vn -0.6390 -0.3155 0.7015
vn -0.6390 -0.3154 0.7016
vn 0.1820 -0.3086 0.9336
vn 0.1815 -0.3157 0.9313
vn 0.1887 -0.3223 0.9276
vn 0.1882 -0.3293 0.9253
vn -0.5883 -0.3139 0.7452
vn -0.5885 -0.3137 0.7452
vn -0.5884 -0.3138 0.7452
vn -0.5886 -0.3135 0.7452
vn -0.4002 -0.3065 0.8637
vn -0.4004 -0.3062 0.8637
vn -0.3945 -0.3235 0.8600
vn -0.3945 -0.3235 0.8601
vn 0.5903 -0.3228 0.7399
vn 0.5903 -0.3227 0.7398
vn 0.5898 -0.3067 0.7470
vn 0.5912 -0.2995 0.7489
vn -0.4575 -0.3234 0.8283
vn -0.4636 -0.3222 0.8254
vn -0.4722 -0.3069 0.8263
vn -0.4733 -0.2998 0.8283
vn 0.1183 -0.3234 0.9388
vn 0.1183 -0.3233 0.9389
vn 0.1104 -0.3072 0.9452
vn 0.1106 -0.3000 0.9475
vn 0.8253 -0.3222 0.4637
vn 0.8253 -0.3223 0.4637
vn 0.8282 -0.3234 0.4577
vn 0.8283 -0.3234 0.4575
vn -0.8274 -0.3151 0.4649
vn -0.8274 -0.3152 0.4649
vn -0.8206 -0.3314 0.4656
vn -0.8205 -0.3314 0.4657
vn 0.6924 -0.3383 0.6373
vn 0.6942 -0.3313 0.6390
vn 0.7001 -0.3225 0.6371
vn 0.7000 -0.3225 0.6371
vn -0.8556 -0.3375 0.3925
vn -0.8578 -0.3306 0.3935
vn -0.8601 -0.3235 0.3945
vn -0.8642 -0.3143 0.3928
vn 0.6390 -0.3152 0.7017
vn 0.6387 -0.3154 0.7018
vn 0.6390 -0.3313 0.6942
vn 0.6390 -0.3312 0.6942
vn -0.8874 -0.3220 0.3298
vn -0.8835 -0.3313 0.3312
vn -0.8811 -0.3383 0.3304
vn -0.7359 -0.3400 0.5855
vn -0.7394 -0.3382 0.5821
vn -0.7487 -0.3152 0.5832
vn -0.7001 -0.3225 0.6371
vn -0.6942 -0.3313 0.6390
vn -0.6924 -0.3382 0.6373
vn 0.7864 -0.3223 0.5269
vn 0.7862 -0.3222 0.5274
vn 0.7844 -0.3295 0.5255
vn 0.7876 -0.3308 0.5198
vn -0.7334 -0.0473 0.6782
vn -0.7331 -0.0551 0.6779
vn -0.7331 -0.0552 0.6779
vn 0.8556 -0.3375 0.3925
vn 0.8552 -0.3295 0.4000
vn 0.8552 -0.3295 0.4001
vn 0.6782 -0.0473 0.7334
vn 0.6779 -0.0551 0.7331
vn 0.6779 -0.0552 0.7331
vn 0.6780 -0.0551 0.7330
vn 0.9266 -0.3298 0.1806
vn 0.9255 -0.3322 0.1819
vn 0.9231 -0.3392 0.1814
vn 0.9070 -0.3312 0.2602
vn 0.9069 -0.3312 0.2603
vn 0.9063 -0.3389 0.2524
vn 0.9064 -0.3389 0.2522
vn -0.9397 -0.3396 0.0394
vn -0.9398 -0.3396 0.0395
vn -0.9398 -0.3395 0.0394
vn 0.7808 -0.0473 0.6230
vn 0.7873 -0.0551 0.6141
vn 0.7835 -0.0548 0.6190
vn 0.7414 -0.3312 0.5836
vn 0.7395 -0.3382 0.5820
vn 0.7394 -0.3383 0.5821
vn -0.9369 -0.0473 0.3463
vn -0.9369 -0.0472 0.3464
vn 0.9348 -0.3377 0.1100
vn 0.9348 -0.3378 0.1100
vn 0.9348 -0.3377 0.1101
vn 0.9348 -0.3376 0.1101
vn 0.6141 -0.0551 0.7873
vn 0.6142 -0.0551 0.7873
vn 0.6142 -0.0551 0.7872
vn -0.6142 -0.0551 0.7872
vn -0.6190 -0.0549 0.7835
vn -0.6142 -0.0551 0.7873
vn -0.6228 -0.0552 0.7804
vn 0.2754 -0.0551 0.9598
vn 0.2681 -0.0552 0.9618
vn 0.2752 -0.0551 0.9598
vn 0.2680 -0.0552 0.9618
vn 0.3393 -0.0552 0.9390
vn 0.3462 -0.0551 0.9365
vn 0.3463 -0.0551 0.9365
vn -0.2683 -0.0551 0.9618
vn -0.2682 -0.0551 0.9618
vn -0.2753 -0.0551 0.9598
vn -0.7873 -0.0551 0.6141
vn -0.1973 -0.0395 -0.9795
vn -0.1885 -0.0393 -0.9813
vn -0.1975 -0.0395 -0.9795
vn -0.1884 -0.0392 -0.9813
vn -0.9985 -0.0394 -0.0393
vn -0.9985 -0.0393 -0.0393
vn -0.9372 -0.3465 -0.0394
vn -0.9372 -0.3465 -0.0393
vn 0.9622 -0.0473 -0.2682
vn 0.9622 -0.0472 -0.2682
vn 0.9810 -0.0471 0.1884
vn 0.9792 -0.0474 0.1973
vn 0.9807 -0.0474 0.1898
vn 0.9792 -0.0474 0.1974
vn 0.9072 -0.0474 0.4181
vn 0.9072 -0.0473 0.4180
vn 0.9071 -0.0473 0.4181
vn 0.8338 -0.0392 -0.5506
vn 0.8278 -0.0394 -0.5597
vn 0.8338 -0.0393 -0.5506
vn 0.8278 -0.0393 -0.5597
vn 0.7334 -0.0473 0.6782
vn -0.9985 -0.0393 0.0393
vn -0.9605 -0.0394 -0.2756
vn -0.9625 -0.0395 -0.2683
vn -0.9625 -0.0394 -0.2683
vn -0.9622 -0.0473 -0.2682
vn -0.7336 -0.0394 -0.6784
vn 0.7336 -0.0394 -0.6784
vn 0.7337 -0.0396 -0.6783
vn 0.9909 -0.0472 -0.1258
vn 0.9922 -0.0394 -0.1181
vn 0.9919 -0.0472 -0.1181
vn 0.9922 -0.0395 -0.1181
vn -0.4179 -0.0552 0.9068
vn -0.4559 -0.0550 0.8883
vn -0.4497 -0.0552 0.8915
vn -0.4869 -0.0548 0.8717
vn -0.4871 -0.0472 0.8721
vn -0.6145 -0.0394 -0.7879
vn -0.6146 -0.0394 -0.7879
vn -0.6146 -0.0394 -0.7878
vn -0.3463 -0.0551 0.9365
vn -0.3463 -0.0550 0.9365
vn -0.0393 -0.0314 -0.9987
vn -0.0393 -0.0315 -0.9987
vn -0.0393 -0.0316 -0.9987
vn 0.0393 -0.0471 0.9981
vn 0.0393 -0.0472 0.9981
vn -0.4183 -0.0394 -0.9075
vn -0.4248 -0.0393 -0.9044
vn -0.4247 -0.0393 -0.9045
vn 0.5507 -0.0394 -0.8338
vn 0.5506 -0.0393 -0.8338
vn 0.5507 -0.0393 -0.8338
vn 0.8332 -0.0550 0.5502
vn 0.8335 -0.0472 0.5504
vn 0.8275 -0.0473 0.5595
vn 0.9045 -0.0393 -0.4247
vn 0.9075 -0.0393 -0.4182
vn -0.6779 -0.0551 0.7331
vn -0.6782 -0.0473 0.7334
vn -0.6779 -0.0552 0.7331
vn 0.9792 -0.0473 -0.1974
vn -0.3467 -0.0394 -0.9372
vn -0.3465 -0.0393 -0.9372
vn -0.3467 -0.0393 -0.9372
vn -0.3465 -0.0394 -0.9372
vn 0.7879 -0.0394 -0.6145
vn 0.7841 -0.0392 -0.6194
vn 0.7879 -0.0394 -0.6146
vn 0.9985 -0.0393 -0.0393
vn 0.9984 -0.0395 -0.0393
vn 0.8720 -0.0472 0.4871
vn 0.8721 -0.0471 0.4871
vn 0.8721 -0.0472 0.4871
vn -0.9622 -0.0476 0.2683
vn -0.9622 -0.0473 0.2681
vn -0.9622 -0.0475 0.2683
vn -0.9042 -0.0472 0.4245
vn -0.9073 -0.0470 0.4179
vn -0.9072 -0.0474 0.4181
vn -0.9072 -0.0473 0.4181
vn -0.5595 -0.0474 0.8275
vn -0.5502 -0.0550 0.8332
vn -0.5593 -0.0551 0.8271
vn 0.4874 -0.0392 -0.8723
vn 0.4873 -0.0393 -0.8724
vn 0.4873 -0.0392 -0.8723
vn 0.9618 -0.0552 0.2680
vn 0.9622 -0.0473 0.2682
vn 0.9602 -0.0472 0.2755
vn -0.9919 -0.0472 0.1181
vn -0.9919 -0.0473 0.1181
vn 0.5593 -0.0552 0.8271
vn 0.5502 -0.0550 0.8332
vn 0.5593 -0.0551 0.8271
vn 0.5504 -0.0472 0.8335
vn 0.1181 -0.0472 0.9919
vn 0.1180 -0.0551 0.9915
vn 0.1180 -0.0550 0.9915
vn 0.1256 -0.0551 0.9905
vn 0.1897 -0.0552 0.9803
vn 0.1972 -0.0553 0.9788
vn 0.1898 -0.0553 0.9803
vn 0.1971 -0.0553 0.9788
vn -0.8335 -0.0472 -0.5504
vn -0.8278 -0.0394 -0.5597
vn -0.8338 -0.0393 -0.5507
vn 0.6195 -0.0392 -0.7840
vn 0.6145 -0.0394 -0.7879
vn 0.6195 -0.0392 -0.7841
vn -0.8335 -0.0472 0.5506
vn -0.8275 -0.0473 0.5595
vn -0.8335 -0.0472 0.5505
vn -0.8271 -0.0551 0.5593
vn -0.8721 -0.0471 0.4871
vn -0.6784 -0.0394 -0.7337
vn -0.6784 -0.0394 -0.7336
vn -0.6785 -0.0394 -0.7335
vn 0.9372 -0.3466 -0.0394
vn 0.9372 -0.3465 -0.0394
vn 0.8834 -0.3391 0.3234
vn 0.8834 -0.3392 0.3234
vn 0.8833 -0.3393 0.3234
vn 0.8810 -0.3462 0.3225
vn 0.9398 -0.3396 0.0394
vn 0.9397 -0.3396 0.0395
vn 0.9397 -0.3396 0.0394
vn -0.0393 -0.0472 0.9981
vn -0.0393 -0.0471 0.9981
vn -0.1895 -0.0554 0.9803
vn -0.1897 -0.0553 0.9803
vn -0.1899 -0.0553 0.9803
vn -0.2682 -0.0394 -0.9626
vn -0.2683 -0.0394 -0.9625
vn -0.2682 -0.0395 -0.9625
vn -0.1258 -0.0393 -0.9913
vn -0.1181 -0.0394 -0.9922
vn -0.1259 -0.0393 -0.9913
vn -0.1181 -0.0315 -0.9925
vn 0.4182 -0.0475 0.9071
vn 0.4244 -0.0550 0.9038
vn 0.4246 -0.0472 0.9042
vn -0.1179 -0.0550 0.9915
vn -0.1180 -0.0551 0.9915
vn -0.1259 -0.0471 0.9909
vn 0.9985 -0.0394 0.0393
vn 0.9919 -0.0472 0.1181
vn 0.9919 -0.0473 0.1181
vn 0.9919 -0.0471 0.1181
vn -0.5508 -0.0315 -0.8340
vn -0.5597 -0.0394 -0.8278
vn -0.5507 -0.0393 -0.8338
vn 0.6784 -0.0394 -0.7336
vn 0.6784 -0.0394 -0.7337
vn -0.7810 -0.0394 -0.6232
vn -0.7879 -0.0394 -0.6146
vn -0.7841 -0.0392 -0.6194
vn -0.7876 -0.0473 -0.6143
vn -0.9792 -0.0473 0.1974
vn -0.9792 -0.0474 0.1974
vn 0.9369 -0.0471 0.3464
vn 0.9369 -0.0472 0.3464
vn 0.9394 -0.0475 0.3396
vn 0.4905 -0.0476 0.8702
vn 0.4871 -0.0471 0.8721
vn 0.4871 -0.0472 0.8721
vn 0.9369 -0.0472 -0.3464
vn 0.9372 -0.0394 -0.3465
vn 0.9397 -0.0395 -0.3396
vn 0.8726 -0.0315 -0.4874
vn 0.8724 -0.0393 -0.4873
vn -0.9919 -0.0471 -0.1181
vn -0.9922 -0.0394 -0.1181
vn -0.9919 -0.0472 -0.1181
vn -0.9913 -0.0394 -0.1258
vn -0.8724 -0.0393 -0.4873
vn -0.8724 -0.0394 -0.4872
vn -0.8724 -0.0394 -0.4873
vn -0.9810 -0.0470 -0.1884
vn -0.9810 -0.0471 -0.1884
vn -0.9810 -0.0471 -0.1883
vn -0.9064 -0.3389 0.2522
vn -0.9064 -0.3388 0.2521
vn -0.9052 -0.0000 0.4249
vn 0.0785 -0.0315 -0.9964
vn 0.0393 -0.0316 -0.9987
vn 0.0393 -0.0315 -0.9987
vn 0.1181 -0.0315 -0.9925
vn 0.1182 -0.0315 -0.9925
vn 0.4182 -0.0395 -0.9075
vn 0.4183 -0.0316 -0.9078
vn 0.3861 -0.0316 -0.9219
vn 0.3466 -0.0315 -0.9375
vn 0.3396 -0.0395 -0.9397
vn 0.2756 -0.0394 -0.9605
vn 0.2684 -0.0394 -0.9625
vn 0.2293 -0.0395 -0.9725
vn 0.2293 -0.0395 -0.9726
vn 0.1884 -0.0392 -0.9813
vn 0.1976 -0.0317 -0.9798
vn -0.9288 -0.3538 -0.1104
vn -0.9287 -0.3539 -0.1103
vn -0.9287 -0.3542 -0.1102
vn -0.9000 -0.3552 -0.2526
vn -0.9000 -0.3553 -0.2526
vn -0.9039 -0.3459 -0.2515
vn -0.9230 -0.3392 0.1815
vn -0.9230 -0.3393 0.1814
vn -0.9180 -0.3531 0.1805
vn -0.9154 -0.3551 0.1893
vn -0.9192 -0.3457 -0.1886
vn -0.9166 -0.3560 -0.1818
vn -0.9142 -0.3625 -0.1813
vn -0.9075 -0.0394 -0.4182
vn -0.9074 -0.0396 -0.4184
vn -0.9217 -0.0394 -0.3860
vn -0.9217 -0.0395 -0.3858
vn -0.9372 -0.0395 -0.3466
vn -0.9372 -0.0394 -0.3465
vn 0.6150 -0.0000 0.7885
vn 0.6151 -0.0000 0.7885
vn 0.6789 -0.0000 0.7342
vn -0.4873 -0.0393 -0.8723
vn -0.4873 -0.0393 -0.8724
vn -0.4872 -0.0393 -0.8724
vn -0.4874 -0.0314 -0.8726
vn -0.9252 -0.3607 0.1176
vn -0.9278 -0.3538 0.1180
vn -0.9348 -0.3378 0.1100
vn -0.9348 -0.3377 0.1100
vn 0.8343 -0.0000 0.5513
vn 0.8345 -0.0000 0.5509
vn 0.5513 -0.0000 0.8343
vn 0.5511 -0.0000 0.8344
vn 0.5213 -0.0000 0.8534
vn 0.5211 -0.0000 0.8535
vn 0.4879 -0.0000 0.8729
vn 0.4878 -0.0000 0.8729
vn 0.7637 -0.0000 0.6456
vn 0.7342 -0.0000 0.6789
vn 0.7343 -0.0000 0.6789
vn 0.7846 -0.0000 0.6200
vn 0.4182 -0.0000 -0.9083
vn 0.4185 -0.0000 -0.9082
vn -0.0392 -0.0000 -0.9992
vn 0.3469 -0.0000 -0.9379
vn 0.3468 -0.0000 -0.9380
vn 0.8729 -0.0000 0.4879
vn 0.8729 -0.0000 0.4878
vn 0.8730 -0.0000 0.4878
vn -0.1579 -0.0000 -0.9875
vn -0.1575 -0.0000 -0.9875
vn -0.1180 -0.0000 -0.9930
vn -0.1961 -0.0000 -0.9806
vn 0.8143 -0.3558 -0.4586
vn 0.8120 -0.3626 -0.4573
vn 0.8097 -0.3695 -0.4559
vn 0.8046 -0.3785 -0.4575
vn 0.8743 -0.3624 -0.3229
vn 0.8743 -0.3623 -0.3229
vn 0.8744 -0.3623 -0.3229
vn 0.8949 -0.3687 -0.2512
vn 0.8975 -0.3621 -0.2519
vn 0.9000 -0.3553 -0.2526
vn 0.9015 -0.3527 -0.2509
vn 0.9188 -0.3768 -0.1178
vn 0.9214 -0.3701 -0.1181
vn 0.9287 -0.3541 -0.1102
vn 0.9312 -0.3474 -0.1105
vn -0.8743 -0.3624 -0.3229
vn -0.8743 -0.3624 -0.3228
vn -0.8744 -0.3622 -0.3229
vn -0.8743 -0.3623 -0.3229
vn 0.7729 -0.3628 -0.5205
vn 0.7729 -0.3629 -0.5205
vn 0.7761 -0.3605 -0.5174
vn -0.4250 -0.0000 -0.9052
vn -0.3861 -0.0000 -0.9224
vn -0.3862 -0.0000 -0.9224
vn -0.3073 -0.0000 -0.9516
vn -0.3068 -0.0000 -0.9518
vn -0.2687 -0.0000 -0.9632
vn -0.5218 -0.0000 -0.8531
vn -0.4876 -0.0000 -0.8730
vn -0.4878 -0.0000 -0.8730
vn -0.5836 -0.0000 -0.8121
vn -0.5835 -0.0000 -0.8121
vn -0.6151 -0.0000 -0.7885
vn -0.6151 -0.0000 -0.7884
vn -0.7885 -0.0000 0.6150
vn -0.7885 -0.0000 0.6151
vn -0.8120 -0.0000 0.5836
vn -0.8121 -0.0000 0.5836
vn -0.8531 -0.0000 0.5217
vn -0.8731 -0.0000 0.4876
vn -0.8730 -0.0000 0.4878
vn 0.8419 -0.3696 -0.3933
vn 0.8417 -0.3698 -0.3934
vn 0.8418 -0.3697 -0.3933
vn -0.8097 -0.3695 -0.4559
vn -0.8099 -0.3692 -0.4559
vn -0.8101 -0.3776 -0.4484
vn -0.5738 -0.3694 -0.7309
vn -0.5739 -0.3695 -0.7309
vn -0.5755 -0.3785 -0.7249
vn -0.5754 -0.3784 -0.7251
vn -0.8419 -0.3777 -0.3855
vn -0.8419 -0.3776 -0.3856
vn -0.8418 -0.3697 -0.3933
vn -0.8418 -0.3697 -0.3932
vn 0.9142 -0.3625 -0.1811
vn 0.9142 -0.3625 -0.1813
vn 0.9075 -0.3788 -0.1815
vn -0.7707 -0.3696 -0.5191
vn -0.7707 -0.3696 -0.5190
vn -0.7707 -0.3697 -0.5190
vn -0.7707 -0.3695 -0.5191
vn -0.5190 -0.3696 -0.7707
vn -0.5190 -0.3697 -0.7707
vn -0.5174 -0.3764 -0.7685
vn -0.5176 -0.3763 -0.7684
vn 0.1579 -0.0000 -0.9874
vn 0.1580 -0.0000 -0.9874
vn 0.0784 -0.0000 -0.9969
vn 0.0391 -0.0000 -0.9992
vn 0.0392 0.0001 -0.9992
vn 0.2278 -0.0000 -0.9737
vn 0.2757 -0.0000 -0.9612
vn 0.2758 -0.0000 -0.9612
vn 0.0394 -0.3859 -0.9217
vn 0.0394 -0.3860 -0.9217
vn 0.0395 -0.3793 -0.9244
vn -0.6840 -0.3695 -0.6290
vn -0.6822 -0.3762 -0.6270
vn -0.6833 -0.3848 -0.6205
vn -0.3223 -0.3852 -0.8647
vn -0.3233 -0.3785 -0.8673
vn -0.3140 -0.3768 -0.8714
vn -0.7251 -0.3783 -0.5754
vn -0.7283 -0.3802 -0.5701
vn -0.7262 -0.3868 -0.5683
vn 0.7230 -0.3849 -0.5738
vn 0.7251 -0.3783 -0.5754
vn 0.7273 -0.3716 -0.5771
vn 0.7309 -0.3694 -0.5738
vn -0.0394 -0.3859 -0.9217
vn -0.0393 -0.3859 -0.9217
vn -0.0395 -0.3793 -0.9244
vn 0.6874 -0.3713 -0.6242
vn 0.6854 -0.3780 -0.6224
vn 0.6791 -0.3869 -0.6238
vn -0.6224 -0.3781 -0.6853
vn -0.6223 -0.3781 -0.6854
vn -0.6225 -0.3780 -0.6852
vn -0.6225 -0.3781 -0.6853
vn 0.6219 -0.3936 -0.6770
vn 0.6223 -0.3781 -0.6854
vn 0.6271 -0.3764 -0.6820
vn 0.1809 -0.3855 -0.9048
vn 0.1810 -0.3855 -0.9048
vn 0.1105 -0.3867 -0.9156
vn 0.1097 -0.3838 -0.9169
vn 0.1097 -0.3839 -0.9168
vn 0.2507 -0.3917 -0.8853
vn 0.2515 -0.3850 -0.8880
vn 0.2514 -0.3851 -0.8880
vn 0.2514 -0.3843 -0.8883
vn -0.4513 -0.3800 -0.8074
vn -0.4561 -0.3853 -0.8022
vn -0.2448 -0.3792 -0.8924
vn -0.2448 -0.3791 -0.8924
vn -0.2515 -0.3850 -0.8880
vn -0.2515 -0.3851 -0.8880
vn 0.4499 -0.3867 -0.8050
vn 0.4512 -0.3799 -0.8075
vn 0.4512 -0.3800 -0.8075
vn 0.5175 -0.3764 -0.7685
vn 0.5117 -0.3779 -0.7716
vn 0.5133 -0.3869 -0.7661
vn 0.5133 -0.3870 -0.7660
vn -0.3869 -0.3869 -0.8370
vn -0.3869 -0.3870 -0.8370
vn -0.3844 -0.3843 -0.8394
vn -0.3855 -0.3777 -0.8419
vn -0.2278 -0.0000 0.9737
vn -0.1580 -0.0000 0.9874
vn -0.1182 -0.0000 0.9930
vn -0.1183 -0.0000 0.9930
vn -0.3069 -0.0000 0.9518
vn -0.3863 -0.0000 0.9224
vn -0.4183 -0.0000 0.9083
vn -0.9083 -0.0000 -0.4182
vn -0.9081 -0.0000 -0.4188
vn -0.9224 -0.0000 -0.3863
vn -0.9518 -0.0000 -0.3068
vn -0.9737 -0.0000 -0.2278
vn -0.9874 -0.0000 -0.1580
vn -0.9930 -0.0000 -0.1184
vn -0.9930 -0.0000 -0.1181
vn -0.7072 -0.0000 -0.7070
vn -0.7072 -0.0000 -0.7071
vn -0.7636 -0.0000 -0.6456
vn -0.6790 -0.0000 -0.7342
vn -0.6790 -0.0000 -0.7341
vn -0.7637 -0.0000 -0.6456
vn -0.8084 -0.0000 -0.5887
vn -0.8084 -0.0000 -0.5886
vn -0.8533 -0.0000 -0.5215
vn -0.8534 -0.0000 -0.5213
vn -0.8730 -0.0000 -0.4878
vn -0.8729 -0.0000 -0.4879
vn -0.7071 -0.0000 0.7071
vn -0.7342 -0.0000 0.6789
vn -0.7341 -0.0000 0.6790
vn -0.6456 -0.0000 0.7637
vn -0.5887 -0.0000 0.8084
vn -0.5214 -0.0000 0.8533
vn -0.4880 -0.0000 0.8729
vn -0.4878 -0.0000 0.8730
vn 0.3143 -0.3929 -0.8642
vn 0.3152 -0.3862 -0.8669
vn 0.3153 -0.3862 -0.8669
vn 0.5736 -0.3850 -0.7230
vn 0.5684 -0.3868 -0.7261
vn 0.5666 -0.3938 -0.7239
vn 0.5666 -0.3936 -0.7240
vn 0.3857 -0.3936 -0.8344
vn 0.3869 -0.3869 -0.8370
vn -0.1183 -0.4026 -0.9077
vn -0.1184 -0.4026 -0.9077
vn -0.1105 -0.3865 -0.9156
vn -0.1097 -0.3838 -0.9169
vn -0.1804 -0.3922 -0.9020
vn -0.1803 -0.3922 -0.9020
vn -0.1811 -0.4015 -0.8978
vn -0.1811 -0.4016 -0.8977
vn -0.9969 -0.0000 0.0785
vn -1.0000 -0.0000 -0.0000
vn -0.9992 -0.0000 -0.0392
vn -0.9875 -0.0000 0.1576
vn -0.9875 -0.0000 0.1579
vn -0.9720 -0.0000 0.2351
vn -0.9720 -0.0000 0.2350
vn -0.9518 -0.0000 0.3068
vn -0.9517 -0.0000 0.3070
vn -0.9379 -0.0000 0.3468
vn -0.9380 -0.0000 0.3467
vn 0.3861 -0.0000 0.9225
vn 0.3073 -0.0000 0.9516
vn 0.4250 -0.0000 0.9052
vn 0.4251 -0.0000 0.9051
vn 0.3069 -0.0000 0.9517
vn 0.2350 -0.0000 0.9720
vn 0.2351 -0.0000 0.9720
vn 0.1576 -0.0000 0.9875
vn 0.1578 -0.0000 0.9875
vn 0.0784 -0.0000 0.9969
vn 0.0785 -0.0000 0.9969
vn -0.0000 -0.0000 1.0000
vn -0.0392 -0.0000 0.9992
vn 0.4879 -0.0000 -0.8729
vn 0.4878 -0.0000 -0.8730
vn 0.5215 -0.0000 -0.8533
vn 0.5885 -0.0000 -0.8085
vn 0.6456 -0.0000 -0.7637
vn 0.7071 -0.0000 -0.7072
vn 0.7637 -0.0000 -0.6456
vn 0.8121 -0.0000 -0.5835
vn 0.8534 -0.0000 -0.5213
vn 0.8533 -0.0000 -0.5214
vn 0.8896 -0.0000 -0.4567
vn 0.9052 -0.0000 -0.4250
vn 0.9969 -0.0000 -0.0785
vn 1.0000 -0.0000 -0.0000
vn 0.9875 -0.0000 -0.1577
vn 0.9969 -0.0000 0.0785
vn 0.9875 -0.0000 -0.1576
vn 0.9720 -0.0000 -0.2350
vn 0.9874 -0.0000 0.1580
vn 0.9516 -0.0000 -0.3073
vn 0.9737 -0.0000 0.2277
vn 0.9380 -0.0000 -0.3468
vn 0.9737 -0.0000 0.2278
vn 0.9518 -0.0000 0.3068
vn 0.9224 -0.0000 0.3862
vn 0.9083 -0.0000 0.4182
vn -0.1575 -0.5747 -0.8031
vn -0.1582 -0.5694 -0.8067
vn -0.1572 -0.5658 -0.8094
vn 0.8031 -0.5747 -0.1575
vn 0.8067 -0.5694 -0.1582
vn 0.8094 -0.5658 -0.1572
vn 0.8094 -0.5658 -0.1574
vn -0.8030 -0.5747 0.1575
vn -0.8067 -0.5694 0.1582
vn -0.8094 -0.5658 0.1572
vn 0.1575 -0.5747 0.8031
vn 0.1582 -0.5694 0.8067
vn 0.1573 -0.5658 0.8094
vn 0.1572 -0.5658 0.8094
vn -0.2196 -0.5803 -0.7842
vn -0.2206 -0.5751 -0.7878
vn 0.4980 -0.5849 -0.6402
vn 0.5013 -0.5796 -0.6424
vn 0.5117 -0.5669 -0.6456
vn 0.3467 -0.5753 -0.7408
vn -0.8181 -0.5742 -0.0315
vn -0.8181 -0.5743 -0.0316
vn -0.6456 -0.5668 0.5117
vn -0.6482 -0.5691 0.5059
vn -0.6377 -0.5826 0.5039
vn -0.6457 -0.5669 -0.5116
vn -0.6456 -0.5669 -0.5118
vn -0.6425 -0.5795 -0.5014
vn -0.6402 -0.5849 -0.4980
vn -0.7408 -0.5753 -0.3468
vn -0.7408 -0.5753 -0.3467
vn -0.0315 -0.5742 0.8181
vn 0.8181 -0.5743 0.0316
vn 0.8181 -0.5742 0.0314
vn 0.8181 -0.5742 0.0315
vn 0.8180 -0.5743 0.0315
vn 0.6403 -0.5849 0.4980
vn 0.6424 -0.5796 0.5014
vn 0.6456 -0.5669 0.5117
vn -0.7847 -0.5798 0.2193
vn -0.7878 -0.5751 0.2206
vn -0.7878 -0.5750 0.2206
vn 0.7878 -0.5751 -0.2206
vn 0.7878 -0.5750 -0.2206
vn 0.7842 -0.5804 -0.2196
vn -0.3467 -0.5753 0.7408
vn -0.3468 -0.5753 0.7408
vn 0.5117 -0.5669 0.6456
vn 0.5059 -0.5691 0.6482
vn 0.5039 -0.5826 0.6377
vn 0.7408 -0.5753 0.3467
vn 0.7408 -0.5753 0.3468
vn 0.2196 -0.5803 0.7843
vn 0.2206 -0.5751 0.7878
vn -0.4980 -0.5849 0.6402
vn -0.5013 -0.5797 0.6424
vn -0.5117 -0.5669 0.6456
vn 0.0315 -0.5742 -0.8181
vn 0.2843 -0.5765 0.7660
vn 0.2830 -0.5817 0.7626
vn 0.5507 -0.5902 0.5902
vn 0.5508 -0.5823 0.5980
vn 0.5507 -0.5742 0.6058
vn 0.5532 -0.5689 0.6085
vn -0.7660 -0.5765 0.2843
vn -0.7660 -0.5765 0.2842
vn -0.7626 -0.5817 0.2830
vn -0.2843 -0.5765 -0.7661
vn -0.2842 -0.5765 -0.7661
vn -0.2830 -0.5818 -0.7625
vn -0.2830 -0.5817 -0.7626
vn -0.7661 -0.5764 -0.2842
vn -0.7660 -0.5765 -0.2843
vn -0.7626 -0.5817 -0.2830
vn -0.5901 -0.5902 0.5508
vn -0.5980 -0.5823 0.5508
vn -0.6058 -0.5743 0.5507
vn -0.6085 -0.5688 0.5533
vn 0.7625 -0.5817 -0.2830
vn 0.7626 -0.5817 -0.2830
vn 0.7660 -0.5765 -0.2842
vn 0.7661 -0.5765 -0.2842
vn -0.5118 -0.5669 -0.6456
vn -0.5117 -0.5669 -0.6456
vn -0.5038 -0.5826 -0.6377
vn -0.5039 -0.5826 -0.6377
vn 0.7626 -0.5817 0.2830
vn 0.7660 -0.5765 0.2843
vn 0.7661 -0.5765 0.2843
vn 0.2843 -0.5765 -0.7660
vn 0.2830 -0.5817 -0.7626
vn -0.5586 -0.5665 0.6059
vn -0.5565 -0.5716 0.6029
vn -0.5453 -0.5848 0.6006
vn -0.5428 -0.5900 0.5978
vn -0.2830 -0.5817 0.7626
vn -0.2843 -0.5765 0.7660
vn 0.6456 -0.5669 -0.5117
vn 0.6482 -0.5691 -0.5059
vn 0.6377 -0.5826 -0.5039
vn 0.8122 -0.5756 0.0947
vn 0.8122 -0.5756 0.0946
vn 0.8085 -0.5809 0.0942
vn 0.0945 -0.5666 0.8186
vn 0.0945 -0.5667 0.8185
vn 0.1021 -0.5893 0.8014
vn 0.5586 -0.5665 -0.6059
vn 0.5562 -0.5717 -0.6031
vn 0.5453 -0.5848 -0.6006
vn 0.5428 -0.5900 -0.5978
vn 0.7146 -0.5734 0.4006
vn 0.7147 -0.5733 0.4006
vn 0.7098 -0.5836 0.3944
vn 0.7098 -0.5837 0.3943
vn -0.8085 -0.5809 -0.0942
vn -0.8122 -0.5757 -0.0946
vn -0.8122 -0.5757 -0.0947
vn -0.0945 -0.5666 -0.8186
vn -0.0944 -0.5667 -0.8185
vn -0.1022 -0.5893 -0.8014
vn -0.1021 -0.5893 -0.8014
vn 0.0942 -0.5809 -0.8085
vn 0.0946 -0.5756 -0.8122
vn 0.0947 -0.5757 -0.8122
vn -0.5532 -0.5690 -0.6085
vn -0.5507 -0.5742 -0.6058
vn -0.5508 -0.5823 -0.5980
vn -0.5508 -0.5902 -0.5902
vn 0.5902 -0.5902 -0.5507
vn 0.5979 -0.5823 -0.5508
vn 0.6058 -0.5743 -0.5507
vn 0.6085 -0.5690 -0.5531
vn 0.4006 -0.5734 -0.7146
vn 0.4006 -0.5734 -0.7147
vn 0.3944 -0.5836 -0.7098
vn -0.0946 -0.5757 0.8122
vn -0.0942 -0.5809 0.8085
vn -0.5978 -0.5899 -0.5428
vn -0.6005 -0.5848 -0.5453
vn -0.6031 -0.5718 -0.5562
vn -0.6059 -0.5665 -0.5586
vn -0.8185 -0.5667 0.0944
vn -0.8015 -0.5893 0.1021
vn -0.8014 -0.5894 0.1021
vn -0.7098 -0.5836 -0.3944
vn -0.7147 -0.5733 -0.4006
vn -0.7147 -0.5734 -0.4006
vn -0.4006 -0.5735 0.7146
vn -0.4006 -0.5734 0.7147
vn -0.3943 -0.5837 0.7098
vn -0.3943 -0.5836 0.7099
vn 0.6058 -0.5665 0.5586
vn 0.6030 -0.5716 0.5565
vn 0.6005 -0.5848 0.5453
vn 0.5978 -0.5900 0.5427
vn 0.8185 -0.5667 -0.0945
vn 0.8014 -0.5893 -0.1021
vn -0.6750 -0.5808 -0.4551
vn -0.6749 -0.5808 -0.4552
vn -0.6749 -0.5807 -0.4552
vn -0.2209 -0.5839 0.7812
vn -0.2210 -0.5839 0.7812
vn -0.2196 -0.5803 0.7842
vn 0.3455 -0.5891 0.7305
vn 0.3472 -0.5839 0.7338
vn 0.3468 -0.5753 0.7408
vn 0.3467 -0.5753 0.7408
vn 0.4552 -0.5807 -0.6749
vn 0.4551 -0.5808 -0.6749
vn 0.4551 -0.5808 -0.6750
vn 0.7408 -0.5753 -0.3468
vn 0.7408 -0.5754 -0.3467
vn 0.7338 -0.5839 -0.3472
vn 0.7305 -0.5890 -0.3455
vn -0.3456 -0.5891 -0.7305
vn -0.3472 -0.5839 -0.7338
vn -0.3468 -0.5753 -0.7408
vn -0.3467 -0.5753 -0.7408
vn 0.6749 -0.5808 0.4551
vn 0.6749 -0.5808 0.4552
vn 0.6749 -0.5807 0.4552
vn -0.4551 -0.5808 0.6749
vn -0.4552 -0.5808 0.6749
vn -0.7305 -0.5891 0.3456
vn -0.7338 -0.5839 0.3472
vn -0.7408 -0.5753 0.3467
vn 0.0394 -0.5919 0.8050
vn 0.0317 -0.5779 0.8155
vn 0.0314 -0.5742 0.8181
vn -0.7842 -0.5803 -0.2197
vn -0.7812 -0.5839 -0.2209
vn -0.7812 -0.5839 -0.2210
vn 0.1577 -0.5836 -0.7966
vn 0.1577 -0.5837 -0.7965
vn -0.0394 -0.5919 -0.8050
vn -0.0395 -0.5919 -0.8050
vn -0.0315 -0.5742 -0.8181
vn -0.0315 -0.5743 -0.8180
vn -0.1578 -0.5836 0.7966
vn -0.1577 -0.5836 0.7966
vn 0.7966 -0.5836 0.1577
vn -0.7966 -0.5836 -0.1577
vn 0.7812 -0.5839 0.2209
vn 0.7842 -0.5803 0.2196
vn -0.8181 -0.5743 0.0316
vn -0.8155 -0.5779 0.0317
vn -0.8050 -0.5919 0.0395
vn -0.8050 -0.5919 0.0394
vn 0.2196 -0.5803 -0.7842
vn 0.2209 -0.5839 -0.7812
vn 0.8051 -0.5919 -0.0395
vn 0.8051 -0.5918 -0.0394
vn 0.8155 -0.5779 -0.0317
vn 0.8181 -0.5742 -0.0316
vn 0.6773 -0.5828 -0.4489
vn 0.6700 -0.5910 -0.4492
vn 0.6699 -0.5911 -0.4492
vn 0.4489 -0.5828 0.6773
vn 0.4469 -0.5880 0.6742
vn 0.4492 -0.5911 0.6700
vn 0.4492 -0.5910 0.6700
vn 0.3947 -0.5920 0.7026
vn 0.3926 -0.5888 0.7065
vn 0.3925 -0.5888 0.7066
vn -0.4489 -0.5828 -0.6773
vn -0.4492 -0.5911 -0.6700
vn -0.4492 -0.5910 -0.6700
vn -0.7026 -0.5920 0.3947
vn -0.7026 -0.5921 0.3947
vn -0.7066 -0.5888 0.3926
vn -0.7066 -0.5888 0.3925
vn -0.6773 -0.5828 0.4489
vn -0.6742 -0.5880 0.4469
vn -0.6700 -0.5911 0.4492
vn 0.7027 -0.5920 -0.3947
vn 0.7026 -0.5921 -0.3947
vn 0.7066 -0.5888 -0.3926
vn 0.7065 -0.5887 -0.3927
vn -0.3947 -0.5921 -0.7026
vn -0.3947 -0.5920 -0.7026
vn -0.3925 -0.5888 -0.7066
vn -0.6463 0.7255 0.2365
vn -0.6465 0.7254 0.2365
vn -0.6465 0.7253 0.2365
vn -0.2365 0.7255 -0.6463
vn -0.2365 0.7253 -0.6465
vn 0.2365 0.7253 0.6465
vn -0.4250 0.7241 0.5431
vn -0.4244 0.7309 0.5344
vn -0.4244 0.7309 0.5345
vn 0.5431 0.7241 0.4251
vn 0.5431 0.7242 0.4250
vn 0.5344 0.7309 0.4244
vn 0.5345 0.7309 0.4244
vn 0.6465 0.7253 -0.2365
vn 0.6464 0.7254 -0.2365
vn 0.6465 0.7254 -0.2365
vn -0.6621 0.7251 0.1892
vn -0.6583 0.7289 0.1881
vn -0.6593 0.7299 0.1805
vn 0.6209 0.7310 -0.2830
vn 0.6210 0.7310 -0.2830
vn 0.6196 0.7293 -0.2901
vn 0.6231 0.7257 -0.2918
vn -0.5668 0.7321 -0.3779
vn -0.5754 0.7251 -0.3783
vn 0.4250 0.7242 -0.5431
vn 0.4250 0.7241 -0.5431
vn 0.4244 0.7309 -0.5344
vn 0.4244 0.7309 -0.5345
vn 0.5668 0.7321 0.3779
vn 0.5754 0.7251 0.3783
vn 0.5973 0.7309 0.3301
vn 0.5958 0.7290 0.3370
vn 0.5958 0.7290 0.3371
vn -0.2830 0.7310 0.6210
vn -0.2830 0.7309 0.6210
vn 0.6209 0.7310 0.2830
vn 0.6210 0.7310 0.2830
vn 0.6210 0.7309 0.2831
vn 0.1891 0.7252 0.6621
vn 0.1881 0.7289 0.6583
vn 0.1805 0.7299 0.6593
vn 0.6621 0.7252 -0.1892
vn 0.6583 0.7289 -0.1881
vn 0.6583 0.7289 -0.1879
vn 0.6593 0.7299 -0.1805
vn -0.3868 0.7262 -0.5683
vn -0.3778 0.7321 -0.5668
vn -0.3779 0.7321 -0.5668
vn -0.5683 0.7262 0.3868
vn -0.5668 0.7321 0.3779
vn 0.6382 0.7327 0.2364
vn 0.6381 0.7327 0.2364
vn -0.1892 0.7252 -0.6621
vn -0.1881 0.7289 -0.6583
vn -0.1881 0.7288 -0.6583
vn -0.1806 0.7299 -0.6593
vn -0.2830 0.7310 -0.6209
vn -0.2830 0.7309 -0.6210
vn -0.2902 0.7293 -0.6196
vn -0.2919 0.7257 -0.6231
vn 0.5683 0.7262 -0.3868
vn 0.5668 0.7321 -0.3779
vn -0.5431 0.7242 -0.4250
vn -0.5344 0.7309 -0.4244
vn 0.3779 0.7321 -0.5668
vn 0.3783 0.7251 -0.5754
vn -0.2364 0.7327 0.6381
vn -0.2364 0.7327 0.6382
vn -0.6209 0.7310 0.2831
vn -0.6196 0.7293 0.2902
vn -0.6195 0.7294 0.2902
vn -0.6231 0.7257 0.2918
vn -0.3779 0.7321 0.5668
vn -0.3779 0.7320 0.5668
vn -0.3783 0.7251 0.5754
vn 0.4180 0.7333 0.5362
vn 0.4244 0.7309 0.5344
vn 0.4270 0.7271 0.5376
vn -0.6465 0.7253 -0.2365
vn -0.6428 0.7290 -0.2352
vn -0.6382 0.7327 -0.2364
vn -0.3301 0.7309 0.5973
vn -0.3370 0.7290 0.5958
vn -0.3371 0.7291 0.5957
vn 0.2830 0.7310 0.6209
vn 0.2902 0.7294 0.6195
vn 0.2901 0.7293 0.6196
vn 0.2918 0.7257 0.6231
vn -0.5362 0.7334 0.4179
vn -0.5344 0.7309 0.4244
vn -0.5345 0.7309 0.4244
vn -0.5376 0.7271 0.4269
vn 0.3868 0.7262 0.5683
vn 0.3779 0.7321 0.5668
vn 0.3386 0.7324 0.5907
vn 0.3387 0.7324 0.5907
vn -0.4631 0.7301 0.5025
vn -0.4629 0.7302 0.5024
vn -0.4631 0.7302 0.5024
vn -0.4632 0.7301 0.5024
vn -0.5906 0.7324 0.3387
vn -0.5907 0.7324 0.3386
vn -0.5907 0.7324 0.3387
vn -0.5025 0.7301 -0.4631
vn -0.5024 0.7302 -0.4631
vn -0.5024 0.7301 -0.4632
vn 0.0237 0.7340 0.6787
vn 0.0316 0.7338 0.6786
vn 0.0314 0.7299 0.6828
vn 0.1337 0.7315 0.6686
vn 0.1337 0.7313 0.6688
vn -0.3386 0.7324 -0.5907
vn 0.5362 0.7333 -0.4180
vn 0.5344 0.7309 -0.4244
vn 0.5376 0.7271 -0.4269
vn 0.4631 0.7301 -0.5025
vn 0.4629 0.7303 -0.5024
vn 0.4631 0.7301 -0.5024
vn 0.4632 0.7301 -0.5025
vn 0.3302 0.7309 -0.5973
vn 0.3301 0.7309 -0.5973
vn 0.3370 0.7290 -0.5958
vn 0.3371 0.7290 -0.5958
vn 0.1814 0.7337 -0.6548
vn 0.1805 0.7299 -0.6593
vn 0.1804 0.7299 -0.6593
vn 0.5907 0.7324 -0.3386
vn 0.5906 0.7324 -0.3387
vn -0.4179 0.7334 -0.5362
vn -0.4244 0.7309 -0.5344
vn -0.4269 0.7272 -0.5376
vn 0.2830 0.7310 -0.6209
vn 0.2830 0.7309 -0.6210
vn 0.2830 0.7310 -0.6210
vn 0.2364 0.7327 -0.6382
vn -0.1814 0.7337 0.6548
vn -0.1815 0.7337 0.6548
vn -0.1805 0.7299 0.6593
vn -0.1804 0.7299 0.6593
vn 0.6548 0.7337 0.1814
vn 0.6593 0.7299 0.1805
vn -0.1337 0.7315 -0.6686
vn 0.5024 0.7301 0.4632
vn 0.5024 0.7302 0.4630
vn 0.5023 0.7302 0.4631
vn -0.5973 0.7309 -0.3302
vn -0.5973 0.7309 -0.3301
vn -0.5958 0.7290 -0.3370
vn -0.5957 0.7291 -0.3370
vn -0.6209 0.7310 -0.2830
vn -0.6210 0.7310 -0.2830
vn -0.6210 0.7309 -0.2830
vn 0.6686 0.7315 -0.1337
vn 0.6688 0.7313 -0.1337
vn -0.6686 0.7315 0.1337
vn -0.6687 0.7314 0.1337
vn -0.6548 0.7337 -0.1815
vn -0.6593 0.7299 -0.1805
vn -0.6630 0.7263 -0.1816
vn 0.6788 0.7340 -0.0237
vn 0.6786 0.7338 -0.0316
vn 0.6828 0.7299 -0.0314
vn 0.6828 0.7299 -0.0313
vn 0.6768 0.7319 -0.0787
vn 0.6768 0.7319 -0.0788
vn -0.0789 0.7319 -0.6768
vn -0.0788 0.7319 -0.6768
vn -0.0789 0.7320 -0.6768
vn 0.6768 0.7319 0.0787
vn 0.6768 0.7319 0.0788
vn -0.0235 0.7301 0.6830
vn -0.0314 0.7299 0.6828
vn -0.0316 0.7338 0.6786
vn 0.0788 0.7319 0.6768
vn 0.0787 0.7319 0.6768
vn 0.5024 0.7301 -0.4632
vn 0.5042 0.7327 -0.4570
vn -0.6686 0.7315 -0.1336
vn -0.6686 0.7315 -0.1337
vn -0.6686 0.7315 -0.1338
vn -0.6686 0.7316 -0.1336
vn 0.0316 0.7338 -0.6786
vn 0.0315 0.7338 -0.6786
vn 0.0313 0.7299 -0.6828
vn 0.0236 0.7301 -0.6830
vn -0.0237 0.7340 -0.6788
vn -0.0316 0.7338 -0.6786
vn -0.0314 0.7299 -0.6828
vn -0.5024 0.7301 0.4633
vn -0.5024 0.7301 0.4632
vn -0.5042 0.7327 0.4570
vn 0.1337 0.7315 -0.6686
vn 0.1338 0.7315 -0.6686
vn 0.1336 0.7315 -0.6686
vn -0.0787 0.7319 0.6768
vn -0.0788 0.7319 0.6768
vn -0.0789 0.7319 0.6768
vn -0.0789 0.7318 0.6769
vn -0.6830 0.7301 -0.0235
vn -0.6828 0.7299 -0.0314
vn -0.6786 0.7338 -0.0316
vn 0.6830 0.7301 0.0235
vn 0.6828 0.7299 0.0314
vn 0.6786 0.7338 0.0315
vn 0.6786 0.7338 0.0316
vn -0.6768 0.7319 -0.0787
vn -0.6768 0.7319 -0.0788
vn -0.1338 0.7315 0.6686
vn -0.1337 0.7315 0.6686
vn 0.6686 0.7315 0.1338
vn 0.6686 0.7315 0.1337
vn 0.4632 0.7301 0.5024
vn 0.4570 0.7327 0.5042
vn 0.4570 0.7327 0.5043
vn -0.6788 0.7340 0.0237
vn -0.6786 0.7338 0.0316
vn -0.6828 0.7299 0.0314
vn -0.6828 0.7299 0.0313
vn -0.6768 0.7319 0.0787
vn -0.6768 0.7319 0.0788
vn -0.6768 0.7320 0.0788
vn -0.4632 0.7301 -0.5024
vn -0.4631 0.7301 -0.5024
vn -0.4571 0.7327 -0.5042
vn -0.4570 0.7327 -0.5043
vn 0.0789 0.7318 -0.6769
vn 0.0788 0.7319 -0.6768
vn 0.0787 0.7319 -0.6768
vn 0.5366 -0.7655 0.3552
vn 0.5366 -0.7655 0.3551
vn 0.5351 -0.7633 0.3620
vn 0.5406 -0.7601 0.3606
vn -0.3552 -0.7654 0.5366
vn -0.3551 -0.7655 0.5366
vn -0.3620 -0.7633 0.5351
vn -0.3605 -0.7601 0.5407
vn 0.3952 -0.7667 -0.5059
vn 0.3936 -0.7637 -0.5117
vn 0.4006 -0.7611 -0.5101
vn 0.4027 -0.7580 -0.5132
vn -0.5059 -0.7668 -0.3952
vn -0.5117 -0.7637 -0.3936
vn -0.5100 -0.7612 -0.4005
vn -0.5132 -0.7580 -0.4027
vn -0.5439 -0.7567 -0.3626
vn -0.5351 -0.7633 -0.3620
vn -0.5366 -0.7655 -0.3551
vn -0.5366 -0.7655 -0.3552
vn 0.5101 -0.7613 0.4003
vn 0.5099 -0.7613 0.4005
vn 0.5117 -0.7637 0.3936
vn 0.5059 -0.7667 0.3952
vn 0.3626 -0.7568 -0.5439
vn 0.3620 -0.7633 -0.5351
vn 0.3551 -0.7654 -0.5366
vn 0.3551 -0.7655 -0.5366
vn -0.4003 -0.7613 0.5101
vn -0.4005 -0.7612 0.5100
vn -0.3936 -0.7637 0.5117
vn -0.3952 -0.7667 0.5059
vn -0.2758 -0.7642 -0.5830
vn 0.3157 -0.7656 -0.5605
vn 0.3157 -0.7657 -0.5604
vn -0.3551 -0.7655 -0.5366
vn 0.5604 -0.7657 0.3157
vn 0.5605 -0.7656 0.3157
vn 0.5830 -0.7642 -0.2757
vn 0.5830 -0.7642 -0.2758
vn 0.5658 -0.7623 -0.3143
vn 0.5604 -0.7656 -0.3157
vn 0.5604 -0.7657 -0.3157
vn 0.5366 -0.7655 -0.3551
vn 0.5366 -0.7655 -0.3552
vn -0.5605 -0.7656 -0.3157
vn -0.5604 -0.7657 -0.3157
vn -0.3157 -0.7657 0.5604
vn -0.3157 -0.7656 0.5605
vn -0.3157 -0.7657 0.5605
vn -0.5366 -0.7655 0.3551
vn -0.5366 -0.7655 0.3552
vn -0.5604 -0.7657 0.3157
vn -0.5658 -0.7623 0.3143
vn -0.5830 -0.7642 0.2758
vn -0.5830 -0.7642 0.2757
vn -0.3143 -0.7623 -0.5658
vn -0.3157 -0.7656 -0.5605
vn -0.3157 -0.7657 -0.5604
vn -0.3158 -0.7656 -0.5605
vn 0.3158 -0.7656 0.5605
vn 0.3157 -0.7657 0.5604
vn 0.2757 -0.7642 0.5830
vn 0.2757 -0.7642 0.5831
vn 0.2758 -0.7642 0.5830
vn 0.3551 -0.7655 0.5366
vn 0.3552 -0.7655 0.5366
vn -0.2206 -0.7639 0.6064
vn -0.2205 -0.7640 0.6064
vn -0.2205 -0.7640 0.6063
vn 0.2205 -0.7640 0.6063
vn 0.2205 -0.7640 0.6064
vn 0.2215 -0.7676 0.6014
vn -0.4722 -0.7634 -0.4406
vn -0.4738 -0.7660 -0.4344
vn -0.5843 -0.7659 -0.2685
vn -0.5840 -0.7660 -0.2686
vn -0.5843 -0.7659 -0.2684
vn -0.6064 -0.7640 -0.2205
vn 0.6219 -0.7637 0.1732
vn 0.6220 -0.7637 0.1732
vn 0.6218 -0.7638 0.1732
vn 0.6220 -0.7637 0.1731
vn 0.4407 -0.7634 -0.4722
vn 0.4344 -0.7660 -0.4738
vn 0.2205 -0.7639 -0.6064
vn 0.2205 -0.7639 -0.6065
vn 0.2206 -0.7639 -0.6064
vn -0.4344 -0.7660 0.4738
vn -0.4407 -0.7634 0.4722
vn -0.4406 -0.7634 0.4722
vn -0.1732 -0.7636 0.6220
vn -0.1732 -0.7637 0.6219
vn -0.1732 -0.7638 0.6218
vn -0.2685 -0.7659 0.5843
vn -0.2684 -0.7658 0.5843
vn -0.2684 -0.7659 0.5843
vn -0.2685 -0.7658 0.5843
vn 0.2685 -0.7658 -0.5843
vn 0.2685 -0.7659 -0.5843
vn 0.2684 -0.7658 -0.5844
vn 0.1732 -0.7636 -0.6220
vn 0.1734 -0.7638 -0.6217
vn 0.1732 -0.7637 -0.6219
vn 0.6064 -0.7640 0.2205
vn 0.6065 -0.7639 0.2205
vn 0.5842 -0.7659 0.2684
vn 0.5838 -0.7662 0.2685
vn 0.5843 -0.7658 0.2686
vn 0.5843 -0.7659 0.2685
vn 0.4738 -0.7660 0.4344
vn 0.4722 -0.7634 0.4407
vn -0.6064 -0.7640 0.2205
vn -0.6013 -0.7676 0.2217
vn -0.6220 -0.7637 -0.1732
vn -0.6219 -0.7637 -0.1732
vn -0.0789 -0.7652 -0.6390
vn -0.0711 -0.7656 -0.6393
vn -0.0710 -0.7656 -0.6393
vn 0.6311 -0.7654 -0.1262
vn 0.6311 -0.7653 -0.1262
vn 0.5101 -0.7613 -0.4003
vn 0.5043 -0.7644 -0.4017
vn 0.5028 -0.7700 -0.3928
vn 0.4969 -0.7730 -0.3944
vn -0.6390 -0.7652 0.0789
vn -0.6393 -0.7656 0.0711
vn -0.6393 -0.7656 0.0710
vn -0.1262 -0.7653 -0.6312
vn -0.1262 -0.7654 -0.6311
vn -0.4969 -0.7730 0.3944
vn -0.5028 -0.7700 0.3928
vn -0.5043 -0.7643 0.4018
vn -0.5101 -0.7613 0.4003
vn -0.4739 -0.7660 0.4344
vn -0.4738 -0.7660 0.4345
vn -0.4710 -0.7693 0.4317
vn -0.4648 -0.7721 0.4333
vn 0.6016 -0.7675 -0.2214
vn 0.6064 -0.7640 -0.2205
vn 0.6065 -0.7639 -0.2205
vn -0.4003 -0.7613 -0.5101
vn -0.4019 -0.7643 -0.5043
vn -0.3928 -0.7700 -0.5028
vn -0.3944 -0.7730 -0.4969
vn -0.2216 -0.7676 -0.6013
vn -0.2205 -0.7639 -0.6064
vn -0.2205 -0.7640 -0.6063
vn 0.1262 -0.7653 0.6312
vn 0.1262 -0.7654 0.6311
vn 0.0789 -0.7652 0.6390
vn 0.0710 -0.7656 0.6393
vn 0.3944 -0.7730 0.4969
vn 0.3929 -0.7700 0.5028
vn 0.4018 -0.7643 0.5043
vn 0.4018 -0.7643 0.5044
vn 0.6393 -0.7656 -0.0711
vn 0.6393 -0.7656 -0.0710
vn 0.6390 -0.7652 -0.0789
vn 0.6389 -0.7652 -0.0788
vn 0.0237 -0.7635 0.6454
vn 0.0315 -0.7633 0.6453
vn 0.0314 -0.7704 0.6368
vn 0.4344 -0.7660 0.4739
vn 0.4345 -0.7660 0.4738
vn 0.4317 -0.7693 0.4710
vn 0.4333 -0.7721 0.4648
vn -0.6311 -0.7654 0.1262
vn -0.6312 -0.7653 0.1262
vn -0.6311 -0.7653 0.1262
vn 0.6454 -0.7635 -0.0237
vn 0.6453 -0.7633 -0.0315
vn 0.6368 -0.7704 -0.0314
vn 0.6367 -0.7704 -0.0315
vn 0.4710 -0.7693 -0.4317
vn 0.4710 -0.7692 -0.4318
vn 0.4738 -0.7661 -0.4343
vn 0.4739 -0.7660 -0.4344
vn -0.6311 -0.7654 -0.1262
vn -0.6312 -0.7653 -0.1262
vn -0.6274 -0.7685 -0.1255
vn -0.6454 -0.7635 0.0236
vn -0.6453 -0.7633 0.0315
vn -0.6368 -0.7704 0.0314
vn -0.6367 -0.7704 0.0315
vn -0.6171 -0.7674 0.1738
vn -0.6171 -0.7674 0.1740
vn -0.6172 -0.7674 0.1739
vn 0.1262 -0.7654 -0.6311
vn 0.1262 -0.7653 -0.6312
vn 0.1262 -0.7653 -0.6311
vn 0.6220 -0.7637 -0.1732
vn 0.6171 -0.7674 -0.1740
vn 0.6171 -0.7674 -0.1741
vn -0.1254 -0.7685 0.6274
vn -0.1262 -0.7653 0.6312
vn -0.1262 -0.7654 0.6311
vn -0.4317 -0.7693 -0.4710
vn -0.4345 -0.7660 -0.4738
vn -0.4344 -0.7660 -0.4739
vn -0.1732 -0.7637 -0.6219
vn -0.1740 -0.7674 -0.6171
vn -0.0236 -0.7635 -0.6454
vn -0.0315 -0.7633 -0.6453
vn -0.0314 -0.7704 -0.6368
vn 0.6275 -0.7685 0.1254
vn 0.6312 -0.7653 0.1262
vn 0.6311 -0.7653 0.1262
vn 0.6310 -0.7654 0.1262
vn 0.1738 -0.7674 0.6171
vn 0.1739 -0.7674 0.6171
vn 0.1740 -0.7674 0.6171
vn 0.6308 -0.7727 0.0710
vn 0.6351 -0.7685 0.0783
vn 0.6351 -0.7684 0.0784
vn 0.6390 -0.7652 0.0789
vn -0.6308 -0.7727 -0.0710
vn -0.6351 -0.7684 -0.0784
vn -0.6351 -0.7684 -0.0783
vn -0.6390 -0.7652 -0.0789
vn -0.0788 -0.7722 0.6304
vn -0.0784 -0.7684 0.6351
vn -0.0783 -0.7684 0.6351
vn -0.0784 -0.7684 0.6352
vn 0.0789 -0.7653 -0.6389
vn 0.0784 -0.7684 -0.6351
vn 0.0710 -0.7727 -0.6308
vn -0.0236 -0.7706 0.6369
vn -0.0237 -0.7706 0.6369
vn 0.0237 -0.7706 -0.6369
vn 0.0236 -0.7706 -0.6369
vn -0.6369 -0.7706 -0.0236
vn -0.6369 -0.7706 -0.0237
vn 0.6369 -0.7706 0.0237
vn 0.6369 -0.7706 0.0236
vn 0.0785 -0.0000 -0.9969
vn 0.0782 -0.0000 -0.9969
vn 0.1491 -0.0000 -0.9888
vn -0.0002 -0.0000 -1.0000
vn 0.2367 -0.0000 -0.9716
vn -0.0471 -0.0000 -0.9989
vn -0.0469 -0.0000 -0.9989
vn 0.2366 -0.0000 -0.9716
vn 0.3069 -0.0000 -0.9517
vn 0.3069 -0.0000 -0.9518
vn 0.3796 -0.0000 -0.9252
vn 0.3797 -0.0000 -0.9251
vn 0.4249 -0.0000 -0.9052
vn 0.4250 -0.0000 -0.9052
vn -0.8345 -0.0000 0.5511
vn -0.8121 -0.0000 0.5835
vn -0.7636 -0.0000 0.6457
vn -0.7032 -0.0000 0.7110
vn -0.6457 -0.0000 0.7636
vn -0.6200 -0.0000 0.7846
vn -0.6199 -0.0000 0.7847
vn -0.5511 -0.0000 -0.8345
vn -0.6456 -0.0000 -0.7637
vn -0.7110 -0.0000 -0.7032
vn -0.7636 -0.0000 -0.6457
vn -0.7848 -0.0000 -0.6198
vn -0.9716 -0.0000 -0.2367
vn -0.9716 -0.0000 -0.2366
vn -0.9405 -0.0000 -0.3399
vn -0.9888 -0.0000 -0.1492
vn -0.9969 -0.0000 -0.0782
vn -0.9989 -0.0000 -0.0470
vn 0.6790 -0.0000 0.7341
vn 0.6456 -0.0000 0.7636
vn 0.6457 -0.0000 0.7636
vn 0.5836 -0.0000 0.8121
vn 0.5835 -0.0000 0.8121
vn 0.5271 -0.0000 0.8498
vn 0.4970 -0.0000 0.8677
vn -0.1960 -0.0000 0.9806
vn -0.1961 -0.0000 0.9806
vn -0.1491 -0.0000 0.9888
vn -0.0782 -0.0000 0.9969
vn -0.0785 -0.0000 0.9969
vn -0.0470 -0.0000 0.9989
vn -0.0471 -0.0000 0.9989
vn -0.9930 -0.0000 0.1184
vn -0.9930 -0.0000 0.1182
vn -0.9875 -0.0000 0.1578
vn -0.9806 -0.0000 0.1961
vn -0.9806 -0.0000 0.1960
vn 0.7847 -0.0000 0.6198
vn 0.7848 -0.0000 0.6198
vn 0.7636 -0.0000 0.6457
vn 0.7377 -0.0000 0.6751
vn 0.7378 -0.0000 0.6750
vn -0.9517 -0.0000 0.3069
vn -0.9518 -0.0000 0.3069
vn -0.9379 -0.0000 0.3469
vn -0.9633 -0.0000 0.2684
vn 0.9806 -0.0000 0.1961
vn 0.9806 -0.0000 0.1959
vn 0.9715 -0.0000 0.2369
vn 0.9716 -0.0000 0.2368
vn 0.9405 -0.0000 0.3398
vn -0.3068 -0.0000 0.9518
vn -0.2759 -0.0000 0.9612
vn -0.3399 -0.0000 0.9405
vn -0.3400 -0.0000 0.9404
vn 0.1961 -0.0000 0.9806
vn 0.1962 -0.0000 0.9806
vn 0.1579 -0.0000 0.9875
vn 0.1181 -0.0000 0.9930
vn 0.1183 -0.0000 0.9930
vn 0.3469 -0.0000 0.9379
vn 0.3070 -0.0000 0.9517
vn 0.2685 -0.0000 0.9633
vn 0.9930 -0.0000 -0.1183
vn 0.9930 -0.0000 -0.1184
vn 0.5511 -0.0000 -0.8345
vn -0.1184 -0.0000 -0.9930
vn 0.9939 -0.0000 0.1105
vn 0.9806 -0.0000 -0.1961
vn 0.9518 -0.0000 -0.3068
vn 0.9633 -0.0000 -0.2685
vn 0.9633 -0.0000 -0.2684
vn 0.9379 -0.0000 -0.3468
vn 0.9379 -0.0000 -0.3469
vn 0.6457 -0.0000 -0.7636
vn 0.6458 -0.0000 -0.7635
vn 0.6751 -0.0000 -0.7378
vn 0.6749 -0.0000 -0.7379
vn 0.6198 -0.0000 -0.7847
vn 0.6198 -0.0000 -0.7848
vn 0.9989 -0.0000 -0.0471
vn 0.9052 -0.0000 0.4251
vn 0.9052 -0.0000 0.4250
vn 0.7636 -0.0000 -0.6457
vn 0.7888 -0.0000 -0.6146
vn 0.7344 -0.0000 -0.6787
vn 0.7341 -0.0000 -0.6790
vn 0.4875 -0.0000 -0.8731
vn 0.4872 -0.0000 -0.8733
vn -0.9052 -0.0000 -0.4250
vn -0.4969 -0.0000 -0.8678
vn -0.4970 -0.0000 -0.8678
vn -0.1960 -0.0000 -0.9806
vn -0.9989 -0.0000 0.0469
vn -0.9989 -0.0000 0.0471
vn -0.9082 -0.0000 0.4185
vn -0.9082 -0.0000 0.4184
vn 0.0469 -0.0000 0.9989
vn 0.0471 -0.0000 0.9989
vn 0.9082 -0.0000 -0.4186
vn 0.9082 -0.0000 -0.4185
vn -0.4872 -0.0000 0.8733
vn -0.4250 -0.0000 0.9052
vn -0.4249 -0.0000 0.9052
vn -0.4251 -0.0000 0.9052
vn -0.8678 -0.0000 0.4969
vn -0.4185 -0.0000 -0.9082
vn -0.4184 -0.0000 -0.9083
vn -0.8733 -0.0000 -0.4871
vn -0.5511 -0.0000 0.8345
vn -0.3469 -0.0000 -0.9379
vn -0.3069 -0.0000 -0.9517
vn -0.2685 -0.0000 -0.9633
vn 0.9989 -0.0000 0.0471
vn 0.9989 -0.0000 0.0470
vn 0.9989 -0.0000 0.0472
vn 0.8345 -0.0000 -0.5511
vn 0.8344 -0.0000 -0.5511
vn 0.8678 -0.0000 -0.4970
vn -0.8345 -0.0000 -0.5511
vn 0.8345 -0.0000 0.5511
vn 0.8345 -0.0000 0.5510
vn 0.8732 -0.0000 0.4873
vn 0.8733 -0.0000 0.4872
vn 0.4185 -0.0000 0.9082
vn -0.9910 -0.0000 -0.1337
vn -0.9658 -0.0000 -0.2593
vn -0.9658 -0.0000 -0.2592
vn -0.8677 -0.0000 -0.4970
vn -0.7952 -0.0000 -0.6063
vn -0.5029 -0.0000 -0.8644
vn -0.6063 -0.0000 -0.7952
vn -0.6064 -0.0000 -0.7952
vn -0.2588 -0.0000 -0.9659
vn -0.1336 -0.0000 -0.9910
vn 0.2588 -0.0000 -0.9659
vn 0.1337 -0.0000 -0.9910
vn 0.4971 -0.0000 -0.8677
vn 0.5029 -0.0000 -0.8643
vn 0.6063 -0.0000 -0.7952
vn 0.8644 -0.0000 -0.5029
vn 0.8677 -0.0000 -0.4970
vn 0.7952 -0.0000 -0.6063
vn 0.7952 -0.0000 -0.6064
vn 0.9659 -0.0000 -0.2588
vn 0.9658 -0.0000 -0.2593
vn 0.9910 -0.0000 -0.1337
vn 0.9658 -0.0000 0.2593
vn 0.9910 -0.0000 0.1337
vn 0.8644 -0.0000 0.5028
vn 0.8644 -0.0000 0.5029
vn 0.7952 -0.0000 0.6063
vn 0.6063 -0.0000 0.7952
vn 0.4971 -0.0000 0.8677
vn 0.2593 -0.0000 0.9658
vn 0.2588 -0.0000 0.9659
vn 0.1337 -0.0000 0.9910
vn 0.1336 -0.0000 0.9910
vn -0.2588 -0.0000 0.9659
vn -0.1337 -0.0000 0.9910
vn -0.2593 -0.0000 0.9658
vn -0.1336 -0.0000 0.9910
vn -0.4971 -0.0000 0.8677
vn -0.4970 -0.0000 0.8678
vn -0.6064 -0.0000 0.7952
vn -0.6063 -0.0000 0.7952
vn -0.7952 -0.0000 0.6063
vn -0.8677 -0.0000 0.4971
vn -0.8677 -0.0000 0.4970
vn -0.9659 -0.0000 0.2588
vn -0.9910 -0.0000 0.1337
vn 0.9224 -0.0000 0.3863
vn 0.9806 -0.0000 0.1960
vn 0.8309 -0.0000 0.5564
vn -0.8310 -0.0000 0.5563
vn -0.9224 -0.0000 0.3863
vn -0.8309 -0.0000 0.5564
vn -0.9224 -0.0000 0.3862
vn -0.9805 -0.0000 0.1963
vn -0.9806 -0.0000 -0.1961
vn -0.9806 -0.0000 -0.1960
vn -0.8309 -0.0000 -0.5564
vn -0.5565 -0.0000 -0.8309
vn -0.3863 -0.0000 -0.9224
vn -0.1959 -0.0000 -0.9806
vn -0.1962 -0.0000 -0.9806
vn 0.1961 -0.0000 -0.9806
vn 0.3863 -0.0000 -0.9224
vn 0.1963 -0.0000 -0.9806
vn 0.5565 -0.0000 -0.8308
vn 0.5564 -0.0000 -0.8309
vn 0.9224 -0.0000 -0.3863
vn 0.8309 -0.0000 -0.5564
vn 0.9806 -0.0000 -0.1959
vn 0.3863 -0.0000 0.9224
vn 0.5564 -0.0000 0.8309
vn 0.5565 -0.0000 0.8308
vn 0.1963 -0.0000 0.9806
vn -0.1963 -0.0000 0.9806
vn -0.3862 -0.0000 0.9224
vn -0.1962 -0.0000 0.9806
vn -0.5563 -0.0000 0.8310
vn -0.5565 -0.0000 0.8308
vn -0.0000 1.0000 -0.0000
vn -0.0000 -1.0000 -0.0000
vn -0.3069 -0.0000 0.9517
vn -0.4565 -0.0000 0.8897
vn -0.4566 -0.0000 0.8897
vn -0.2369 0.0001 0.9715
vn -0.2371 0.0001 0.9715
vn 0.4565 -0.0000 0.8897
vn 0.3068 -0.0000 0.9518
vn 0.2370 0.0001 0.9715
vn 0.2369 0.0001 0.9715
vn 0.8085 -0.0000 0.5885
vn 0.7071 -0.0000 0.7071
vn 0.8083 -0.0000 0.5887
vn 0.1578 -0.0000 -0.9875
vn 0.3068 -0.0000 -0.9518
vn 0.1579 -0.0000 -0.9875
vn -0.3862 0.0001 -0.9224
vn -0.8085 -0.0000 -0.5885
vn -0.8086 -0.0000 -0.5884
vn -0.9875 -0.0000 -0.1579
vn -0.9969 0.0002 0.0785
vn -0.9969 0.0001 0.0785
vn -0.8084 -0.0000 0.5886
vn -0.8533 -0.0000 0.5214
vn 0.5885 -0.0000 0.8085
vn 0.5887 -0.0000 0.8083
vn 0.8533 0.0001 0.5215
vn -0.5885 -0.0000 0.8085
vn -0.8533 0.0001 0.5215
vn -0.0000 -0.0000 -1.0000
vn -0.1580 -0.0000 -0.9874
vn -0.8897 -0.0000 -0.4565
vn -0.8897 -0.0000 -0.4566
vn 0.9875 -0.0000 -0.1578
vn 0.9969 -0.0001 0.0785
vn 0.9875 -0.0000 -0.1579
vn 0.8897 -0.0000 -0.4566
vn 0.8083 -0.0000 -0.5887
vn 0.8084 -0.0000 -0.5887
vn 0.7637 0.0001 -0.6456
vn -0.0000 0.8120 0.5836
vn -0.0473 0.8274 0.5596
vn -0.0473 0.8275 0.5595
vn 0.0473 0.8274 0.5596
vn 0.5200 0.8273 0.2127
vn 0.5528 0.8133 0.1816
vn 0.5582 0.8098 0.1808
vn 0.5497 0.8246 0.1335
vn 0.5443 0.8281 0.1340
vn 0.3463 0.8106 -0.4722
vn 0.3630 0.8286 -0.4262
vn 0.3631 0.8285 -0.4262
vn 0.2915 0.8271 -0.4805
vn -0.3394 0.8128 -0.4735
vn -0.2915 0.8271 -0.4805
vn -0.3463 0.8106 -0.4722
vn -0.3630 0.8286 -0.4262
vn -0.3631 0.8285 -0.4262
vn -0.5497 0.8246 0.1335
vn -0.5528 0.8133 0.1816
vn -0.5582 0.8098 0.1808
vn -0.5442 0.8282 0.1341
vn -0.5200 0.8273 0.2127
vn -0.5200 0.8272 0.2127
vn 0.5578 0.5421 0.6285
vn 0.5121 0.6381 0.5750
vn 0.5528 0.5527 0.6237
vn -0.5122 0.6381 0.5749
vn -0.5579 0.5419 0.6285
vn -0.5527 0.5527 0.6237
vn -0.0472 0.5828 -0.8112
vn 0.0789 0.6389 -0.7653
vn 0.0790 0.5530 -0.8294
vn 0.0474 0.7180 -0.6944
vn 0.0864 0.5344 -0.8408
vn 0.0866 0.5435 -0.8350
vn 0.0473 0.5827 -0.8113
vn -0.0791 0.5530 -0.8294
vn -0.0789 0.6389 -0.7652
vn -0.0474 0.7180 -0.6944
vn -0.0864 0.5344 -0.8408
vn -0.0866 0.5435 -0.8349
vn 0.5123 0.5832 0.6305
vn 0.3851 0.6367 0.6681
vn 0.4191 0.5536 0.7196
vn 0.3703 0.7168 0.5908
vn 0.3623 0.7399 0.5669
vn 0.4268 0.5376 0.7272
vn 0.4250 0.5431 0.7242
vn -0.5123 0.5832 0.6305
vn -0.4191 0.5536 0.7196
vn -0.3852 0.6366 0.6681
vn -0.3702 0.7168 0.5909
vn -0.3622 0.7400 0.5668
vn -0.4267 0.5377 0.7272
vn -0.4250 0.5431 0.7241
vn 0.7558 0.5825 -0.2991
vn 0.7538 0.6361 -0.1648
vn 0.8134 0.5527 -0.1816
vn 0.6774 0.7168 -0.1654
vn 0.6519 0.7384 -0.1727
vn 0.8255 0.5346 -0.1808
vn 0.8195 0.5437 -0.1812
vn 0.7868 0.5823 -0.2046
vn 0.7789 0.5901 -0.2124
vn 0.7651 0.5521 -0.3313
vn 0.7974 0.6001 -0.0632
vn 0.7735 0.6158 -0.1501
vn 0.7018 0.6387 -0.3154
vn 0.7696 0.5419 -0.3377
vn 0.7730 0.5362 -0.3391
vn 0.6464 0.7173 -0.2601
vn 0.6286 0.7386 -0.2435
vn -0.7868 0.5823 -0.2045
vn -0.7651 0.5521 -0.3313
vn -0.7789 0.5901 -0.2124
vn -0.7974 0.6001 -0.0632
vn -0.7735 0.6158 -0.1501
vn -0.7018 0.6387 -0.3154
vn -0.7696 0.5419 -0.3377
vn -0.7729 0.5364 -0.3391
vn -0.6464 0.7173 -0.2601
vn -0.6286 0.7386 -0.2436
vn 0.0394 0.7411 -0.6702
vn -0.0394 0.7412 -0.6702
vn 0.9989 -0.0471 -0.0000
vn 0.9995 -0.0315 -0.0000
vn 0.9863 -0.0473 0.1578
vn 0.9863 -0.0473 -0.1578
vn 0.9513 -0.0315 0.3066
vn 0.9513 -0.0315 -0.3066
vn 0.9507 -0.0471 0.3064
vn 0.9507 -0.0471 -0.3065
vn 0.8887 -0.0472 0.4561
vn 0.8887 -0.0472 -0.4561
vn 0.8080 -0.0314 0.5883
vn 0.8080 -0.0314 -0.5883
vn 0.8077 -0.0469 0.5878
vn 0.8075 -0.0470 -0.5880
vn 0.7063 -0.0470 0.7063
vn 0.7063 -0.0470 -0.7063
vn 0.5883 -0.0314 0.8080
vn 0.5884 -0.0314 -0.8080
vn 0.5880 -0.0471 0.8075
vn 0.5880 -0.0470 -0.8075
vn 0.4561 -0.0472 0.8887
vn 0.4560 -0.0471 -0.8887
vn 0.3066 -0.0315 0.9513
vn 0.3066 -0.0315 -0.9513
vn 0.3064 -0.0471 0.9507
vn 0.3065 -0.0471 -0.9507
vn 0.1578 -0.0472 0.9863
vn 0.1578 -0.0472 -0.9863
vn 0.1490 -0.0314 -0.9883
vn 0.0790 -0.0473 -0.9958
vn -0.0000 -0.0315 0.9995
vn -0.0000 -0.0471 0.9989
vn -0.1578 -0.0472 0.9863
vn -0.3066 -0.0315 0.9513
vn -0.3065 -0.0471 0.9507
vn -0.4561 -0.0472 0.8887
vn -0.5883 -0.0314 0.8080
vn -0.5880 -0.0471 0.8075
vn -0.7063 -0.0470 0.7063
vn -0.8080 -0.0314 0.5883
vn -0.8075 -0.0470 0.5879
vn -0.8887 -0.0472 0.4561
vn -0.9513 -0.0315 0.3066
vn -0.9507 -0.0471 0.3064
vn -0.9863 -0.0472 0.1578
vn -0.9995 -0.0316 -0.0000
vn -0.9989 -0.0471 -0.0000
vn -0.9863 -0.0472 -0.1578
vn -0.9513 -0.0315 -0.3066
vn -0.9507 -0.0471 -0.3065
vn -0.8887 -0.0472 -0.4560
vn -0.8080 -0.0315 -0.5883
vn -0.8075 -0.0470 -0.5880
vn -0.7063 -0.0470 -0.7063
vn -0.5883 -0.0314 -0.8080
vn -0.5879 -0.0470 -0.8075
vn -0.4561 -0.0472 -0.8887
vn -0.3066 -0.0315 -0.9513
vn -0.3064 -0.0471 -0.9507
vn -0.1578 -0.0472 -0.9863
vn -0.1490 -0.0315 -0.9883
vn -0.0789 -0.0473 -0.9958
vn -0.5886 0.0001 0.8085
vn -0.5794 -0.0000 0.8151
vn -0.5592 0.2048 0.8033
vn -0.5910 0.2049 0.7802
vn -0.5743 0.1967 0.7946
vn 0.9542 -0.0000 -0.2992
vn 0.9369 0.2047 -0.2835
vn 0.9331 0.1977 -0.3005
vn 0.9271 0.2043 -0.3144
vn 0.9487 -0.0000 -0.3163
vn -0.9271 0.2043 -0.3143
vn -0.9487 -0.0000 -0.3162
vn -0.9369 0.2047 -0.2835
vn -0.9331 0.1977 -0.3005
vn 0.5885 0.0001 0.8085
vn 0.5592 0.2048 0.8033
vn 0.5796 -0.0000 0.8149
vn 0.5743 0.1967 0.7947
vn 0.5910 0.2049 0.7802
vn 0.5597 0.3863 0.7331
vn 0.5975 -0.0000 0.8019
vn -0.0000 0.3863 -0.9224
vn 0.0236 0.3862 -0.9221
vn 0.0159 0.2054 -0.9786
vn -0.0000 0.1977 -0.9803
vn -0.0000 0.0001 -1.0000
vn 0.0079 -0.0000 -1.0000
vn -0.0158 0.2053 -0.9786
vn -0.0236 0.3862 -0.9221
vn -0.0080 -0.0000 -1.0000
vn -0.5440 0.3784 0.7489
vn -0.5242 0.3838 0.7602
vn -0.5597 0.3863 0.7332
vn -0.5974 -0.0000 0.8019
vn -0.8710 0.3844 -0.3060
vn -0.8815 0.3778 -0.2833
vn -0.9542 -0.0000 -0.2992
vn -0.8845 0.3869 -0.2606
vn 0.8815 0.3778 -0.2833
vn 0.8827 0.3862 -0.2679
vn 0.8709 0.3845 -0.3060
vn 0.5440 0.3785 0.7489
vn 0.5246 0.3838 0.7599
vn 0.4970 -0.0000 -0.8677
vn 0.4970 -0.0000 -0.8678
vn 0.9787 -0.0000 0.2052
vn 0.6707 -0.0000 -0.7417
vn 0.1027 -0.0000 0.9947
vn 0.9125 -0.0000 0.4090
vn 0.9125 -0.0000 0.4091
vn -0.9125 -0.0000 0.4091
vn -0.9125 -0.0000 0.4090
vn -0.1027 -0.0000 0.9947
vn -0.6707 -0.0000 -0.7417
vn -0.9787 -0.0000 0.2052
vn -0.9969 -0.0000 0.0786
vn -0.9776 0.2049 0.0473
vn -0.9963 -0.0000 0.0863
vn -0.9604 0.2757 0.0394
vn 0.9776 0.2049 0.0473
vn 0.9605 0.2756 0.0394
vn -0.8192 0.2047 0.5357
vn -0.8554 -0.0000 0.5180
vn -0.8589 -0.0000 0.5121
vn 0.2609 0.2767 0.9249
vn 0.2595 0.2045 0.9438
vn 0.2598 0.4723 0.8423
vn 0.2277 -0.0000 0.9737
vn 0.2203 -0.0000 0.9754
vn 0.4090 -0.0000 0.9125
vn 0.4251 -0.0000 0.9052
vn -0.3304 0.8262 0.4563
vn -0.3236 0.8366 0.4420
vn -0.3225 0.8337 0.4483
vn -0.3292 0.8232 0.4626
vn -0.3316 0.8291 0.4502
vn -0.3375 0.8240 0.4551
vn 0.3304 0.8262 0.4564
vn 0.3225 0.8337 0.4483
vn 0.3236 0.8366 0.4420
vn 0.3291 0.8232 0.4626
vn 0.3316 0.8291 0.4501
vn 0.3374 0.8240 0.4552
vn 0.5417 0.8243 -0.1648
vn 0.5263 0.8326 -0.1728
vn 0.5353 0.8267 -0.1731
vn 0.5212 0.8371 -0.1659
vn 0.5354 0.8267 -0.1732
vn 0.5347 0.8255 -0.1809
vn -0.0000 0.8284 -0.5602
vn -0.0000 0.8344 -0.5511
vn -0.0000 0.8380 -0.5457
vn 0.0079 0.8247 -0.5655
vn -0.0079 0.8247 -0.5655
vn -0.5212 0.8372 -0.1659
vn -0.5354 0.8267 -0.1732
vn -0.5263 0.8326 -0.1727
vn -0.5346 0.8255 -0.1808
vn -0.5353 0.8267 -0.1730
vn -0.5417 0.8243 -0.1648
vn -0.4088 -0.0000 -0.9126
vn -0.7071 -0.0000 -0.7071
vn -0.7378 -0.0000 -0.6750
vn -0.9224 -0.0000 -0.3862
vn -0.9439 -0.0000 -0.3302
vn 0.3862 -0.0000 -0.9224
vn 0.4086 -0.0000 -0.9127
vn -0.9980 -0.0000 0.0630
vn -0.9806 -0.0000 0.1962
vn 0.7072 -0.0000 -0.7070
vn 0.7378 -0.0000 -0.6750
vn 0.9439 -0.0000 -0.3303
vn 0.9980 -0.0000 0.0629
vn -0.9939 -0.0000 0.1102
vn -0.9715 -0.0000 -0.2369
vn -0.8532 -0.0000 0.5215
vn -0.9570 -0.0000 -0.2902
vn -0.9081 -0.0000 -0.4187
vn -0.5887 -0.0000 0.8083
vn -0.2369 -0.0000 0.9715
vn -0.2054 -0.0000 0.9787
vn 0.2052 -0.0000 0.9787
vn 0.5216 -0.0000 0.8532
vn 0.5745 -0.0000 0.8185
vn 0.6789 -0.0000 0.7343
vn -0.5363 -0.0000 -0.8440
vn -0.1733 -0.0000 -0.9849
vn -0.5418 -0.0000 -0.8405
vn -0.1657 -0.0000 -0.9862
vn 0.1883 -0.0000 -0.9821
vn 0.2127 -0.0000 -0.9771
vn 0.3392 0.2761 -0.8993
vn 0.3471 0.2050 -0.9152
vn 0.3930 -0.0000 -0.9196
vn -0.9947 -0.0000 0.1027
vn -0.8897 -0.0000 0.4566
vn -0.9518 -0.0000 -0.3069
vn -0.6062 -0.0000 0.7953
vn -0.7420 -0.0000 -0.6703
vn -0.2517 -0.0000 0.9678
vn -0.4566 -0.0000 -0.8897
vn 0.0786 -0.0000 0.9969
vn -0.4091 -0.0000 -0.9125
vn 0.1338 -0.0000 0.9910
vn -0.0784 -0.0000 -0.9969
vn -0.0235 -0.0000 -0.9997
vn 0.3700 -0.0000 -0.9290
vn 0.4882 -0.0000 -0.8728
vn 0.9381 -0.0000 0.3463
vn 0.8677 -0.0000 0.4970
vn 0.8532 -0.0000 0.5215
vn 0.5887 -0.0000 0.8084
vn 0.2369 -0.0000 0.9715
vn 0.2055 -0.0000 0.9787
vn -0.1578 -0.0000 0.9875
vn -0.2051 -0.0000 0.9787
vn -0.3467 -0.0000 0.9380
vn -0.3463 -0.0000 0.9381
vn 0.7421 -0.0000 -0.6703
vn 0.4566 -0.0000 -0.8897
vn 0.4091 -0.0000 -0.9125
vn 0.9518 -0.0000 -0.3069
vn 0.0786 -0.0000 -0.9969
vn 0.0236 -0.0000 -0.9997
vn -0.1181 -0.0000 -0.9930
vn -0.1182 -0.0000 -0.9930
vn 0.9969 -0.0000 0.0786
vn 0.9947 -0.0000 0.1027
vn 0.8897 -0.0000 0.4566
vn 0.8678 -0.0000 0.4970
vn 0.6062 -0.0000 0.7953
vn 0.2517 -0.0000 0.9678
vn -0.0786 -0.0000 0.9969
vn -0.2685 -0.0000 0.9633
vn -0.0000 -1.0000 0.0079
vn -0.0079 -0.9995 0.0315
vn -0.0080 -0.9995 0.0315
vn 0.0001 -0.9999 0.0157
vn 0.0079 -0.9995 0.0315
vn -0.0001 -0.9999 0.0157
vn -0.0000 -0.9989 0.0472
vn 0.0080 -0.9995 0.0315
vn -0.0000 -0.9995 0.0315
vn -0.0000 -0.9939 0.1105
vn -0.0000 -0.9771 0.2128
vn 0.0002 -0.9955 0.0947
vn -0.0001 -0.9955 0.0948
vn -0.0869 -0.9957 0.0316
vn -0.0079 -1.0000 -0.0000
vn -0.0079 -1.0000 0.0001
vn -0.7505 0.2766 -0.6003
vn -0.7628 0.2045 -0.6134
vn -0.7073 0.4716 -0.5266
vn -0.7565 -0.0000 -0.6540
vn -0.8644 -0.0000 -0.5028
vn -0.6873 0.5214 -0.5057
vn -0.6928 0.5825 -0.4251
vn -0.7296 0.5099 -0.4558
vn -0.7814 0.4895 -0.3870
vn -0.7239 0.6845 -0.0865
vn -0.8582 0.4803 -0.1812
vn -0.7108 0.7030 -0.0237
vn -0.9356 0.3381 0.1022
vn -0.7091 0.6697 0.2206
vn -0.9434 0.2830 0.1730
vn -0.7313 0.6370 0.2438
vn -0.9189 0.2279 0.3220
vn -0.6313 0.6630 0.4024
vn -0.9178 0.2432 0.3138
vn -0.5832 0.7014 0.4099
vn -0.9423 0.2592 0.2120
vn -0.3710 0.7578 0.5367
vn -0.9459 0.2917 0.1419
vn -0.3787 0.7652 0.5206
vn -0.9288 0.3621 -0.0787
vn -0.1888 0.7789 0.5980
vn -0.8986 0.4179 -0.1340
vn -0.2209 0.7812 0.5839
vn -0.7564 0.5595 -0.3388
vn -0.1026 0.7813 0.6156
vn -0.7109 0.5924 -0.3791
vn -0.0948 0.7820 0.6160
vn -0.0000 0.7817 0.6237
vn -0.4818 0.7266 -0.4898
vn -0.0000 0.7778 0.6286
vn -0.0000 0.7885 -0.6150
vn 0.0948 0.7820 0.6160
vn -0.0000 0.8018 -0.5976
vn 0.1026 0.7814 0.6156
vn 0.1889 0.7789 0.5980
vn 0.4818 0.7267 -0.4897
vn 0.2210 0.7812 0.5839
vn 0.7564 0.5595 -0.3388
vn 0.3787 0.7652 0.5206
vn 0.7107 0.5925 -0.3792
vn 0.3710 0.7578 0.5367
vn 0.8986 0.4179 -0.1340
vn 0.5832 0.7014 0.4098
vn 0.9288 0.3621 -0.0787
vn 0.6313 0.6629 0.4025
vn 0.9460 0.2915 0.1417
vn 0.7091 0.6697 0.2206
vn 0.9423 0.2591 0.2120
vn 0.7313 0.6370 0.2438
vn 0.9178 0.2432 0.3139
vn 0.7238 0.6845 -0.0867
vn 0.9189 0.2278 0.3220
vn 0.7109 0.7029 -0.0237
vn 0.9356 0.3379 0.1022
vn 0.9434 0.2831 0.1730
vn 0.6928 0.5825 -0.4251
vn 0.8582 0.4803 -0.1811
vn 0.6874 0.5214 -0.5056
vn 0.7815 0.4895 -0.3868
vn 0.7298 0.5101 -0.4552
vn 0.7073 0.4716 -0.5266
vn 0.7505 0.2766 -0.6003
vn 0.7630 0.2044 -0.6133
vn 0.7565 -0.0000 -0.6540
vn 0.8644 -0.0000 -0.5028
vn 0.8763 -0.0000 -0.4818
vn 0.5417 -0.0000 -0.8406
vn 0.8018 -0.0000 -0.5976
vn 0.8020 -0.0000 -0.5974
vn 0.9632 -0.0000 -0.2687
vn 0.5363 -0.0000 -0.8440
vn 0.1732 -0.0000 -0.9849
vn 0.1656 -0.0000 -0.9862
vn -0.1883 -0.0000 -0.9821
vn -0.2127 -0.0000 -0.9771
vn -0.3392 0.2761 -0.8993
vn -0.3471 0.2051 -0.9151
vn -0.3930 -0.0000 -0.9196
vn 0.0001 1.0000 -0.0000
vn -0.0000 1.0000 -0.0079
vn 0.0079 0.9999 -0.0079
vn -0.0079 0.9989 -0.0471
vn -0.0157 0.9988 -0.0472
vn -0.0000 0.9980 -0.0629
vn 0.0078 0.9975 -0.0707
vn -0.0000 1.0000 -0.0001
vn 0.0235 0.9966 -0.0785
vn -0.0000 1.0000 0.0001
vn 0.0473 0.9951 -0.0869
vn 0.0551 0.9924 -0.1102
vn 0.0551 0.9915 -0.1179
vn 0.0472 0.9838 -0.1731
vn 0.0394 0.9854 -0.1655
vn 0.0627 0.9572 -0.2825
vn 0.0472 0.9989 -0.0079
vn 0.0790 0.9481 -0.3081
vn 0.0470 0.9989 -0.0002
vn 0.1333 0.8800 -0.4558
vn 0.0550 0.9982 -0.0236
vn 0.1575 0.8584 -0.4882
vn 0.0628 0.9977 -0.0236
vn 0.1805 0.8160 -0.5492
vn 0.0706 0.9964 -0.0471
vn 0.0710 0.9949 -0.0711
vn 0.0867 0.9925 -0.0867
vn -0.8034 0.2757 0.5277
vn -0.7210 0.4699 0.5092
vn -0.7418 -0.0000 0.6707
vn -0.6942 0.5207 0.4970
vn -0.6206 0.5813 0.5263
vn -0.6603 0.5110 0.5504
vn -0.5144 0.6409 0.5697
vn -0.6134 0.4876 0.6213
vn -0.3069 0.6847 0.6611
vn -0.4417 0.4811 0.7573
vn -0.2442 0.7013 0.6697
vn -0.1891 0.3387 0.9217
vn -0.0157 0.6706 0.7417
vn -0.1257 0.2830 0.9508
vn 0.0078 0.6371 0.7707
vn 0.0235 0.2277 0.9734
vn 0.0158 0.2443 0.9696
vn -0.0945 0.2600 0.9610
vn 0.1815 0.6631 0.7262
vn 0.3069 -0.0000 0.9518
vn -0.8084 -0.0000 0.5887
vn -0.8083 -0.0000 0.5887
vn -0.8085 -0.0000 0.5885
vn 0.8086 -0.0000 -0.5883
vn 0.8084 -0.0000 -0.5886
vn -0.8086 -0.0000 -0.5883
vn 0.8084 -0.0000 0.5887
vn -0.4492 0.5911 0.6699
vn -0.4635 0.5734 0.6756
vn -0.1570 0.6283 0.7619
vn -0.0394 0.6535 0.7559
vn -0.4485 0.7160 0.5350
vn -0.4256 0.7406 0.5200
vn 0.2036 0.6268 0.7521
vn 0.3064 0.6285 0.7149
vn -0.5602 0.5365 0.6311
vn 0.3863 0.5597 0.7331
vn 0.3863 0.5597 0.7332
vn 0.3238 0.5765 0.7502
vn 0.2909 0.5976 0.7472
vn 0.0709 0.7093 0.7014
vn 0.1501 0.6872 0.7108
vn -0.1415 0.7948 0.5902
vn 0.0551 0.7553 0.6530
vn -0.1419 0.8822 0.4489
vn -0.0393 0.8724 0.4873
vn -0.2360 0.9679 0.0866
vn -0.2288 0.9703 0.0788
vn -0.3710 0.8841 -0.2842
vn -0.3233 0.8673 -0.3785
vn -0.3387 0.7565 -0.5595
vn -0.4577 0.7968 -0.3945
vn 0.0870 -0.9957 0.0316
vn 0.0079 -1.0000 -0.0000
vn -0.0870 -0.9957 0.0316
vn -0.2048 -0.9768 0.0631
vn -0.1104 -0.9934 0.0316
vn -0.1104 -0.9934 0.0315
vn -0.0315 -0.9995 0.0079
vn -0.0476 -0.9987 0.0155
vn -0.0553 -0.9953 -0.0789
vn -0.0315 -0.9992 0.0236
vn -0.0077 -0.9999 -0.0079
vn -0.0316 -0.9995 -0.0000
vn -0.0553 -0.9953 -0.0790
vn -0.0000 -1.0000 -0.0079
vn -0.1261 -0.9768 -0.1734
vn -0.1260 -0.9768 -0.1733
vn -0.0631 -0.9935 -0.0945
vn -0.0631 -0.9935 -0.0946
vn -0.0236 -0.9992 -0.0314
vn -0.0313 -0.9987 -0.0394
vn -0.0080 -0.9995 -0.0315
vn 0.0553 -0.9953 -0.0789
vn 0.0078 -0.9999 -0.0079
vn 0.0553 -0.9953 -0.0790
vn 0.1262 -0.9767 -0.1734
vn 0.1260 -0.9768 -0.1733
vn 0.0631 -0.9935 -0.0946
vn 0.0236 -0.9992 -0.0315
vn 0.0313 -0.9987 -0.0394
vn 0.0314 -0.9987 -0.0393
vn 0.0313 -0.9992 -0.0236
vn 0.0871 -0.9957 0.0316
vn 0.2048 -0.9768 0.0630
vn 0.2048 -0.9768 0.0631
vn 0.1103 -0.9934 0.0316
vn 0.1104 -0.9934 0.0315
vn 0.0315 -0.9995 0.0079
vn 0.0476 -0.9987 0.0155
vn 0.0315 -0.9992 0.0236
vn 0.0315 -0.9995 -0.0000
vn 0.0158 -0.9998 0.0079
vn 0.0157 -0.9999 0.0001
vn 0.0236 -0.9996 0.0157
vn 0.0079 -0.9999 0.0079
vn 0.0317 -0.9995 -0.0000
vn 0.0870 0.5618 -0.8227
vn -0.1494 0.4168 -0.8966
vn 0.1416 0.5902 -0.7947
vn 0.3148 0.7240 -0.6138
vn 0.5841 0.7893 -0.1894
vn 0.5663 0.8023 -0.1888
vn 0.6154 0.7257 0.3077
vn 0.5530 0.5609 0.6161
vn 0.5824 0.5903 0.5588
vn 0.4030 0.4188 0.8137
vn 0.3624 0.3624 0.8587
vn 0.1576 0.2910 0.9436
vn -0.3624 0.3624 0.8587
vn -0.1573 0.2910 0.9437
vn -0.4030 0.4188 0.8137
vn -0.5530 0.5609 0.6161
vn -0.5825 0.5903 0.5588
vn -0.6382 0.7327 0.2364
vn -0.6153 0.7258 0.3077
vn -0.5841 0.7893 -0.1894
vn -0.5663 0.8023 -0.1888
vn -0.3780 0.7320 -0.5668
vn -0.3148 0.7240 -0.6138
vn -0.0870 0.5619 -0.8226
vn -0.1416 0.5902 -0.7947
vn 0.1494 0.4169 -0.8966
vn -0.0157 0.7452 0.6667
vn 0.3627 0.7885 0.4967
vn 0.3528 0.7996 0.4860
vn -0.3627 0.7885 0.4967
vn 0.0156 0.7452 0.6667
vn -0.3528 0.7996 0.4860
vn 0.6116 0.6116 0.5019
vn 0.6844 0.6685 0.2910
vn 0.6538 0.5908 0.4727
vn -0.6563 0.5930 0.4665
vn -0.6843 0.6686 0.2910
vn -0.6116 0.6117 0.5018
vn 0.0079 -1.0000 -0.0001
vn 0.0236 -0.9996 -0.0157
vn 0.0079 -0.9998 -0.0157
vn 0.0079 -0.9995 -0.0315
vn 0.0079 -0.9998 -0.0156
vn 0.0080 -0.9995 -0.0315
vn -0.0079 -0.9995 -0.0315
vn -0.0079 -0.9998 -0.0157
vn -0.0078 -0.9999 -0.0079
vn -0.0314 -0.9992 -0.0236
vn -0.0236 -0.9996 -0.0158
vn 0.4492 0.5911 0.6699
vn 0.4634 0.5734 0.6756
vn 0.1570 0.6284 0.7619
vn 0.0394 0.6536 0.7559
vn 0.4485 0.7160 0.5350
vn 0.4255 0.7406 0.5200
vn -0.2037 0.6268 0.7521
vn 0.5602 0.5365 0.6311
vn -0.3064 0.6285 0.7149
vn -0.3863 0.5597 0.7331
vn -0.3863 0.5597 0.7332
vn -0.3238 0.5765 0.7502
vn -0.2910 0.5977 0.7471
vn -0.0709 0.7093 0.7013
vn -0.1501 0.6872 0.7108
vn 0.1416 0.7948 0.5902
vn -0.0551 0.7553 0.6530
vn 0.1418 0.8822 0.4490
vn 0.0392 0.8723 0.4874
vn 0.1814 0.9461 0.2682
vn 0.1257 0.9270 0.3535
vn -0.1496 0.9842 -0.0945
vn -0.0944 0.9918 -0.0866
vn -0.0866 0.9925 -0.0864
vn -0.0710 0.9949 -0.0711
vn -0.0705 0.9964 -0.0471
vn -0.0628 0.9977 -0.0236
vn -0.0550 0.9982 -0.0236
vn -0.0472 0.9989 -0.0079
vn -0.0471 0.9989 -0.0001
vn -0.0079 0.9999 -0.0079
vn 0.0001 1.0000 -0.0001
vn -0.0080 0.9999 -0.0078
vn 0.0079 0.9989 -0.0472
vn 0.0157 0.9988 -0.0472
vn -0.0079 0.9975 -0.0707
vn -0.0236 0.9966 -0.0786
vn -0.0473 0.9951 -0.0869
vn -0.0551 0.9924 -0.1103
vn -0.0551 0.9915 -0.1179
vn -0.0472 0.9838 -0.1731
vn -0.0395 0.9854 -0.1657
vn -0.0629 0.9572 -0.2825
vn -0.0789 0.9481 -0.3080
vn -0.1334 0.8800 -0.4558
vn -0.1575 0.8584 -0.4882
vn -0.1805 0.8160 -0.5492
vn -0.1804 0.8161 -0.5491
vn -0.1888 0.8183 -0.5429
vn -0.1879 0.8148 -0.5484
vn -0.1103 0.8270 -0.5513
vn -0.1580 0.8130 -0.5604
vn -0.1884 0.8086 -0.5574
vn -0.0000 0.8308 -0.5565
vn -0.0000 0.8404 -0.5420
vn 0.1103 0.8270 -0.5513
vn 0.1804 0.8160 -0.5492
vn 0.1879 0.8148 -0.5484
vn 0.1889 0.8183 -0.5429
vn 0.0395 0.5919 -0.8050
vn 0.4026 0.6473 -0.6473
vn 0.3154 0.6387 -0.7018
vn 0.6078 0.6315 -0.4815
vn 0.6749 0.6201 -0.3999
vn 0.7400 0.5667 -0.3622
vn 0.7411 0.5598 -0.3706
vn 0.7062 0.5730 -0.4159
vn 0.6757 0.5972 -0.4322
vn 0.4654 0.7100 -0.5285
vn 0.5370 0.6870 -0.4896
vn 0.2361 0.7950 -0.5588
vn 0.4337 0.7569 -0.4889
vn 0.1577 0.8832 -0.4417
vn 0.2600 0.8668 -0.4255
vn -0.1420 0.9700 -0.1971
vn -0.1574 0.9677 -0.1967
vn -0.4783 0.8703 0.1176
vn -0.4722 0.8815 -0.0000
vn -0.5994 0.7570 0.2601
vn -0.6056 0.7944 0.0472
vn -0.6307 0.6860 0.3627
vn -0.6458 0.7089 0.2835
vn -0.6224 0.5986 0.5043
vn -0.6133 0.5740 0.5426
vn -0.5824 0.5588 0.5903
vn -0.5745 0.5588 0.5981
vn -0.6394 0.6550 0.4026
vn -0.2926 0.6879 -0.6642
vn -0.3551 0.7103 -0.6077
vn -0.2040 0.5961 -0.7765
vn -0.1815 0.5761 -0.7970
vn -0.1260 0.5593 -0.8194
vn -0.1177 0.5652 -0.8165
vn -0.1732 0.6219 -0.7637
vn -0.2686 0.6321 -0.7269
vn -0.4895 0.6474 -0.5842
vn -0.5727 0.6355 -0.5178
vn -0.7557 0.5904 -0.2834
vn -0.7558 0.5825 -0.2991
vn -0.8133 0.5527 -0.1816
vn -0.7538 0.6360 -0.1649
vn -0.6774 0.7168 -0.1654
vn -0.6519 0.7384 -0.1727
vn -0.8255 0.5346 -0.1808
vn -0.8195 0.5436 -0.1812
vn -0.0319 -0.9995 0.0001
vn -0.0157 -0.9999 0.0001
vn -0.0157 -0.9998 0.0078
vn -0.0237 -0.9996 0.0159
vn -0.0079 -0.9999 0.0079
vn -0.5882 -0.0000 0.8087
vn -0.5883 -0.0000 0.8086
vn 0.5886 -0.0000 0.8084
vn 0.8084 -0.0000 0.5886
vn 0.8085 -0.0000 0.5884
vn 0.9518 -0.0000 0.3069
vn 0.9517 -0.0000 0.3069
vn -0.5886 -0.0000 -0.8085
vn -0.5884 -0.0000 -0.8086
vn -0.3069 -0.0000 -0.9518
vn 0.8085 -0.0000 -0.5885
vn 0.8085 -0.0000 -0.5886
vn 0.5887 -0.0000 -0.8084
vn -0.1339 0.9848 0.1103
vn -0.2120 0.9574 0.1962
vn -0.1263 0.9858 0.1104
vn -0.5835 0.8120 0.0079
vn -0.5909 0.8036 0.0709
vn -0.5902 0.8026 0.0866
vn -0.1102 0.9919 0.0630
vn -0.5833 0.8119 -0.0235
vn -0.1103 0.9924 0.0551
vn -0.0869 0.9951 0.0474
vn -0.0706 0.9964 0.0471
vn -0.0471 0.9978 0.0471
vn -0.0393 0.9981 0.0472
vn -0.0157 0.9991 0.0393
vn -0.0157 0.9988 0.0472
vn -0.0079 1.0000 0.0001
vn -0.0079 1.0000 -0.0000
vn -0.0001 1.0000 0.0001
vn -0.0078 0.9999 0.0079
vn -0.0395 0.9989 -0.0236
vn -0.0393 0.9989 -0.0236
vn -0.0629 0.9979 -0.0157
vn -0.0863 0.9963 -0.0000
vn -0.0950 0.9954 0.0155
vn -0.1182 0.9929 0.0158
vn -0.1259 0.9919 0.0158
vn -0.1733 0.9848 -0.0079
vn -0.1657 0.9861 -0.0158
vn -0.2900 0.9565 -0.0313
vn -0.3161 0.9484 -0.0237
vn -0.4722 0.8813 -0.0157
vn -0.5122 0.8589 -0.0000
vn -0.5745 0.8184 0.0079
vn -0.5745 0.8185 -0.0000
vn -0.5745 0.8185 0.0079
vn -0.5591 0.8267 -0.0630
vn -0.5264 0.8325 -0.1728
vn -0.5178 0.8395 -0.1647
vn -0.4947 0.8245 -0.2748
vn -0.4643 0.8185 -0.3384
vn -0.4631 0.8163 -0.3453
vn -0.4822 0.8139 -0.3241
vn -0.4570 0.8192 -0.3466
vn -0.4709 0.8084 -0.3531
vn -0.4631 0.8163 -0.3454
vn -0.4343 0.8056 -0.4029
vn -0.4173 0.8581 -0.2992
vn -0.4251 0.8032 -0.4173
vn -0.3925 0.8801 -0.2671
vn -0.3472 0.8049 -0.4813
vn -0.2688 0.9488 -0.1661
vn -0.2512 0.9576 -0.1413
vn -0.2683 0.8051 -0.5290
vn -0.2525 0.8051 -0.5367
vn -0.1420 0.9861 -0.0868
vn 0.1182 0.9487 0.2931
vn 0.1573 0.8801 0.4479
vn 0.1176 0.9566 0.2665
vn -0.0000 0.8121 0.5835
vn -0.0948 0.8058 0.5846
vn -0.0000 0.8057 0.5923
vn 0.0630 0.9842 0.1653
vn -0.1105 0.8046 0.5835
vn 0.0631 0.9855 0.1577
vn -0.1733 0.8108 0.5591
vn 0.0235 0.9918 0.1258
vn -0.1968 0.8109 0.5511
vn 0.0235 0.9927 0.1182
vn 0.0156 0.9954 0.0949
vn 0.0235 0.9966 0.0785
vn 0.0314 0.9980 0.0550
vn 0.0314 0.9984 0.0472
vn 0.0315 0.9990 0.0315
vn 0.0393 0.9987 0.0314
vn -0.0000 1.0000 0.0079
vn -0.0079 0.9999 0.0079
vn -0.0001 1.0000 -0.0000
vn 0.0079 0.9999 0.0079
vn -0.0314 0.9990 0.0315
vn -0.0393 0.9987 0.0314
vn -0.0315 0.9984 0.0472
vn -0.0314 0.9980 0.0550
vn -0.0235 0.9966 0.0785
vn -0.0157 0.9954 0.0948
vn -0.0235 0.9927 0.1182
vn -0.0236 0.9918 0.1259
vn -0.0631 0.9842 0.1653
vn -0.0632 0.9855 0.1577
vn -0.1176 0.9567 0.2663
vn -0.1182 0.9487 0.2932
vn -0.1572 0.8801 0.4479
vn -0.1581 0.8617 0.4822
vn -0.1728 0.8171 0.5500
vn -0.1730 0.8171 0.5500
vn -0.1652 0.8182 0.5507
vn -0.2361 0.8262 0.5116
vn -0.3294 0.8315 0.4472
vn -0.3214 0.8390 0.4391
vn -0.4160 0.8241 0.3846
vn -0.4643 0.8185 0.3384
vn -0.4717 0.8176 0.3302
vn -0.4573 0.8120 0.3626
vn -0.4793 0.8099 0.3382
vn -0.4705 0.8155 0.3370
vn -0.5209 0.8050 0.2841
vn -0.4107 0.8609 0.3002
vn -0.5276 0.8036 0.2754
vn -0.3769 0.8795 0.2906
vn -0.5618 0.8070 0.1820
vn -0.2448 0.9476 0.2053
vn 0.4723 0.8813 -0.0157
vn 0.5122 0.8589 -0.0000
vn 0.5745 0.8185 0.0079
vn 0.5618 0.8070 0.1820
vn 0.5909 0.8036 0.0709
vn 0.5901 0.8027 0.0866
vn 0.3162 0.9484 -0.0238
vn 0.5528 0.8133 0.1815
vn 0.2901 0.9565 -0.0313
vn 0.5277 0.8035 0.2756
vn 0.1733 0.9848 -0.0079
vn 0.5208 0.8050 0.2841
vn 0.1656 0.9861 -0.0158
vn 0.4794 0.8098 0.3381
vn 0.1259 0.9919 0.0160
vn 0.4574 0.8120 0.3625
vn 0.1182 0.9929 0.0158
vn 0.0950 0.9954 0.0155
vn 0.0862 0.9963 -0.0000
vn 0.0630 0.9979 -0.0157
vn 0.0627 0.9979 -0.0157
vn 0.0395 0.9989 -0.0236
vn 0.0393 0.9989 -0.0236
vn 0.0079 1.0000 -0.0000
vn 0.0081 0.9999 0.0079
vn -0.0000 1.0000 0.0002
vn 0.0157 0.9991 0.0393
vn 0.0157 0.9988 0.0472
vn 0.0392 0.9981 0.0473
vn 0.0471 0.9978 0.0471
vn 0.0706 0.9964 0.0471
vn 0.0869 0.9951 0.0474
vn 0.1103 0.9924 0.0551
vn 0.1102 0.9919 0.0630
vn 0.1339 0.9848 0.1103
vn 0.1262 0.9858 0.1104
vn 0.2119 0.9574 0.1962
vn 0.2448 0.9476 0.2053
vn 0.3768 0.8796 0.2905
vn 0.4107 0.8609 0.3002
vn 0.4705 0.8155 0.3372
vn 0.4644 0.8185 0.3384
vn 0.4717 0.8176 0.3302
vn 0.4160 0.8241 0.3845
vn 0.3295 0.8316 0.4472
vn 0.3214 0.8390 0.4391
vn 0.2361 0.8262 0.5116
vn 0.1729 0.8171 0.5500
vn 0.1728 0.8171 0.5501
vn 0.1968 0.8109 0.5511
vn 0.1652 0.8182 0.5507
vn 0.1734 0.8107 0.5592
vn 0.1728 0.8170 0.5501
vn 0.1104 0.8045 0.5836
vn 0.1581 0.8617 0.4822
vn 0.0948 0.8058 0.5846
vn -0.6751 0.2591 0.6908
vn -0.8561 0.1494 0.4947
vn 0.5041 0.5907 0.6301
vn 0.7089 0.6458 0.2836
vn 0.6682 0.6366 0.3851
vn 0.7774 0.6282 0.0314
vn 0.7797 0.6221 -0.0709
vn 0.8114 0.5671 -0.1418
vn 0.8186 0.5586 -0.1338
vn 0.8133 0.5764 -0.0790
vn 0.8010 0.5968 -0.0471
vn 0.6870 0.7110 0.1501
vn 0.7243 0.6849 0.0787
vn 0.5191 0.7947 0.3147
vn 0.6384 0.7566 0.1418
vn 0.3853 0.8808 0.2752
vn 0.4547 0.8706 0.1881
vn 0.1969 0.9454 0.2597
vn 0.2985 0.9268 0.2278
vn -0.5041 0.5907 0.6300
vn -0.7089 0.6458 0.2836
vn -0.6679 0.6370 0.3850
vn -0.7774 0.6282 0.0314
vn -0.7797 0.6221 -0.0709
vn -0.8114 0.5670 -0.1418
vn -0.8186 0.5586 -0.1338
vn -0.8134 0.5764 -0.0790
vn -0.8013 0.5970 -0.0393
vn -0.6871 0.7109 0.1500
vn -0.7242 0.6851 0.0787
vn -0.5192 0.7946 0.3147
vn -0.6384 0.7565 0.1419
vn -0.3853 0.8808 0.2752
vn -0.4548 0.8705 0.1882
vn -0.1969 0.9453 0.2599
vn -0.2985 0.9268 0.2278
vn 0.7557 0.5904 -0.2834
vn 0.4895 0.6474 -0.5842
vn 0.5727 0.6355 -0.5178
vn 0.2686 0.6321 -0.7269
vn 0.1732 0.6219 -0.7637
vn 0.1177 0.5652 -0.8165
vn 0.1260 0.5593 -0.8194
vn 0.1815 0.5760 -0.7970
vn 0.2040 0.5961 -0.7765
vn 0.3550 0.7104 -0.6076
vn 0.2834 0.7163 -0.6376
vn 0.4895 0.7815 -0.3869
vn 0.3863 0.8750 -0.2918
vn 0.2842 0.7727 -0.5676
vn 0.3150 0.8740 -0.3701
vn 0.3072 0.9452 -0.1103
vn 0.3061 0.9263 -0.2198
vn -0.0395 0.5920 -0.8050
vn -0.4026 0.6473 -0.6473
vn -0.3154 0.6387 -0.7018
vn -0.6078 0.6314 -0.4816
vn -0.6749 0.6201 -0.4000
vn -0.7400 0.5668 -0.3621
vn -0.7411 0.5598 -0.3707
vn -0.7063 0.5729 -0.4159
vn -0.6757 0.5972 -0.4322
vn -0.4654 0.7100 -0.5285
vn -0.5370 0.6870 -0.4896
vn -0.2361 0.7950 -0.5588
vn -0.4337 0.7569 -0.4888
vn -0.1494 0.8813 -0.4484
vn -0.2591 0.8716 -0.4162
vn -0.0079 0.9463 -0.3233
vn -0.1099 0.9261 -0.3610
vn -0.4026 0.4894 0.7736
vn -0.3230 0.5121 0.7958
vn -0.5835 0.4810 0.6543
vn -0.8185 0.3383 0.4643
vn -0.8641 0.2828 0.4163
vn -0.9311 0.2288 0.2840
vn -0.9633 0.1263 0.2368
vn -0.8845 0.2606 0.3870
vn -0.9715 -0.0000 0.2370
vn -0.7083 0.3620 0.6060
vn -0.6790 -0.0000 0.7342
vn -0.4186 0.5449 0.7265
vn -0.3706 0.5992 0.7096
vn -0.0709 0.7170 0.6935
vn 0.6538 0.7326 0.1891
vn 0.6787 0.7261 0.1105
vn 0.8109 0.5590 -0.1732
vn 0.7979 0.5926 -0.1105
vn 0.9056 0.2205 -0.3623
vn 0.7974 0.3633 -0.4818
vn 0.7337 0.1499 -0.6627
vn 0.6381 0.2600 -0.7247
vn 0.5208 0.1261 -0.8443
vn 0.5216 -0.0000 -0.8532
vn 0.5564 0.2272 -0.7993
vn 0.4722 0.8815 -0.0000
vn 0.4783 0.8703 0.1176
vn 0.3148 0.9444 -0.0944
vn 0.3768 0.9263 -0.0077
vn 0.5993 0.7570 0.2602
vn 0.6056 0.7944 0.0472
vn 0.6308 0.6860 0.3627
vn 0.6458 0.7089 0.2835
vn 0.6224 0.5987 0.5042
vn 0.6133 0.5741 0.5425
vn 0.5824 0.5588 0.5904
vn 0.5745 0.5588 0.5981
vn 0.6394 0.6550 0.4026
vn 0.4247 0.2910 -0.8573
vn 0.2130 0.3629 -0.9071
vn -0.4961 0.7479 0.4409
vn -0.3621 0.7792 0.5116
vn -0.5577 0.7227 0.4083
vn 0.4961 0.7480 0.4410
vn 0.5577 0.7227 0.4083
vn 0.3621 0.7792 0.5115
vn 0.0236 0.9992 0.0315
vn 0.0078 0.9992 0.0394
vn 0.0394 0.9991 0.0157
vn -0.0000 0.9992 0.0394
vn 0.0393 0.9991 0.0157
vn -0.0000 0.9989 0.0472
vn -0.0079 0.9992 0.0394
vn 0.0395 0.9992 0.0079
vn 0.0394 0.9992 -0.0078
vn -0.0236 0.9992 0.0315
vn 0.0393 0.9991 -0.0156
vn -0.0000 0.9820 -0.1887
vn 0.1648 0.9818 -0.0945
vn 0.1649 0.9818 0.0942
vn -0.1649 0.9818 -0.0944
vn -0.0000 0.9821 0.1886
vn -0.1650 0.9818 0.0942
vn 0.1807 0.9820 -0.0549
vn 0.1414 0.9819 0.1257
vn -0.0393 0.9813 0.1883
vn 0.0393 0.9813 -0.1883
vn -0.1807 0.9820 0.0550
vn -0.1414 0.9819 -0.1259
vn 0.1099 0.9815 0.1571
vn -0.0785 0.9818 0.1729
vn -0.1885 0.9818 0.0236
vn 0.1885 0.9818 -0.0236
vn -0.1099 0.9815 -0.1570
vn 0.0785 0.9818 -0.1728
vn -0.1099 0.9815 0.1571
vn -0.1885 0.9818 -0.0236
vn -0.0786 0.9818 -0.1727
vn 0.0784 0.9818 0.1729
vn 0.1099 0.9815 -0.1570
vn 0.1885 0.9818 0.0236
vn -0.1807 0.9820 -0.0550
vn -0.0393 0.9813 -0.1883
vn 0.1414 0.9819 -0.1258
vn -0.1414 0.9819 0.1258
vn 0.1807 0.9820 0.0550
vn 0.0393 0.9813 0.1883
vn -0.0315 0.9990 0.0315
vn 0.0393 0.9991 -0.0157
vn -0.0394 0.9991 0.0157
vn 0.0314 0.9990 -0.0315
vn -0.0393 0.9991 0.0157
vn 0.0236 0.9989 -0.0393
vn 0.0236 0.9992 -0.0315
vn -0.0395 0.9992 0.0079
vn 0.0236 0.9990 -0.0393
vn -0.0393 0.9992 -0.0078
vn 0.0078 0.9992 -0.0394
vn -0.0393 0.9991 -0.0156
vn -0.0000 0.9992 -0.0393
vn -0.0393 0.9991 -0.0157
vn -0.0078 0.9992 -0.0394
vn -0.0314 0.9990 -0.0315
vn -0.0236 0.9989 -0.0393
vn -0.0236 0.9992 -0.0315
vn 0.1179 0.9518 0.2831
vn -0.2287 0.9236 0.3078
vn 0.0157 0.9289 0.3700
vn 0.2289 0.9235 0.3078
vn -0.1180 0.9518 0.2832
vn -0.0157 0.9289 0.3700
vn -0.4417 0.7809 -0.4417
vn -0.3704 0.7801 -0.5043
vn -0.5028 0.7779 -0.3770
vn -0.5203 0.7804 -0.3468
vn -0.6144 0.7640 -0.1969
vn -0.6160 0.7583 -0.2133
vn -0.7149 0.6992 0.0079
vn -0.7483 0.6617 0.0473
vn -0.7013 0.6697 0.2442
vn -0.7341 0.6393 0.2289
vn -0.5349 0.6843 0.4955
vn -0.5596 0.7015 0.4414
vn -0.3871 0.6400 0.6637
vn -0.3138 0.5794 0.7522
vn -0.2604 0.5209 0.8129
vn -0.2609 0.2767 0.9249
vn -0.2598 0.4723 0.8423
vn -0.2595 0.2045 0.9439
vn 0.2834 0.4724 -0.8346
vn 0.2678 0.5198 -0.8112
vn 0.1883 0.5804 -0.7923
vn 0.2048 0.5117 -0.8344
vn 0.0789 0.6390 -0.7652
vn 0.1267 0.4905 -0.8622
vn -0.1338 0.6848 -0.7163
vn -0.0943 0.4795 -0.8725
vn -0.1968 0.7012 -0.6853
vn -0.3858 0.3386 -0.8582
vn -0.4260 0.6705 -0.6074
vn -0.4570 0.2835 -0.8430
vn -0.4562 0.6371 -0.6212
vn -0.5916 0.2288 -0.7731
vn -0.5752 0.6619 -0.4806
vn -0.6442 0.1256 -0.7545
vn -0.5740 0.7000 -0.4248
vn -0.6239 0.7582 -0.1895
vn -0.6085 0.7665 -0.2054
vn -0.6284 0.7778 0.0080
vn -0.6236 0.7814 -0.0237
vn -0.6160 0.7820 0.0950
vn -0.6156 0.7814 0.1025
vn -0.4661 0.8768 0.1185
vn -0.4660 0.8768 0.1185
vn -0.2680 0.9614 0.0630
vn -0.4581 0.8762 0.1499
vn -0.2529 0.9643 0.0790
vn -0.0315 0.9995 0.0079
vn -0.0390 0.9992 -0.0077
vn -0.2523 0.9613 0.1102
vn -0.4499 0.8760 0.1736
vn 0.4499 0.8761 0.1736
vn 0.4499 0.8760 0.1737
vn 0.2522 0.9614 0.1102
vn 0.4580 0.8762 0.1499
vn 0.2529 0.9643 0.0791
vn 0.0315 0.9995 0.0079
vn 0.2679 0.9614 0.0630
vn 0.0389 0.9992 -0.0077
vn 0.4660 0.8768 0.1185
vn 0.4661 0.8768 0.1185
vn 0.4661 0.8768 0.1186
vn -0.2600 0.8744 -0.4096
vn -0.1418 0.9612 -0.2366
vn -0.2836 0.8744 -0.3938
vn -0.1580 0.9641 -0.2134
vn -0.0078 0.9992 -0.0393
vn -0.1813 0.9618 -0.2051
vn -0.0392 0.9991 -0.0157
vn -0.3078 0.8761 -0.3711
vn -0.3078 0.8761 -0.3710
vn -0.0315 0.8759 0.4814
vn -0.0316 0.8759 0.4814
vn -0.0238 0.9610 0.2757
vn -0.0316 0.8760 0.4814
vn -0.0000 0.8763 0.4818
vn -0.0000 0.9633 0.2683
vn -0.0000 0.9992 0.0393
vn -0.0157 0.9994 0.0315
vn 0.0238 0.9610 0.2757
vn 0.0157 0.9994 0.0315
vn 0.0315 0.8759 0.4814
vn 0.0316 0.8759 0.4814
vn 0.0316 0.8759 0.4815
vn -0.0158 0.2443 0.9696
vn 0.0945 0.2599 0.9610
vn 0.2600 0.8744 -0.4096
vn 0.1418 0.9612 -0.2366
vn 0.2600 0.8744 -0.4097
vn 0.2836 0.8744 -0.3937
vn 0.1581 0.9641 -0.2134
vn 0.0078 0.9992 -0.0393
vn 0.1813 0.9618 -0.2050
vn 0.0392 0.9991 -0.0157
vn 0.3078 0.8761 -0.3710
vn 0.3078 0.8761 -0.3711
vn 0.0944 0.9918 -0.0866
vn 0.1496 0.9842 -0.0945
vn 0.1420 0.9860 -0.0868
vn 0.2512 0.9576 -0.1413
vn 0.2687 0.9488 -0.1661
vn 0.3926 0.8801 -0.2671
vn 0.4172 0.8581 -0.2992
vn 0.4631 0.8163 -0.3453
vn 0.4643 0.8185 -0.3384
vn 0.4569 0.8192 -0.3466
vn 0.4632 0.8162 -0.3453
vn 0.4946 0.8245 -0.2749
vn 0.4822 0.8139 -0.3241
vn 0.4709 0.8085 -0.3530
vn 0.5178 0.8395 -0.1649
vn 0.4343 0.8056 -0.4029
vn 0.4251 0.8032 -0.4173
vn 0.3472 0.8049 -0.4813
vn 0.3394 0.8128 -0.4735
vn 0.2684 0.8051 -0.5289
vn 0.2524 0.8051 -0.5367
vn 0.1884 0.8087 -0.5573
vn 0.1579 0.8130 -0.5604
vn 0.5590 0.8268 -0.0630
vn 0.5745 0.8185 -0.0000
vn 0.5833 0.8119 -0.0236
vn 0.5835 0.8120 0.0079
vn -0.0001 1.0000 -0.0002
vn 0.0001 1.0000 0.0001
vn 0.4417 0.7809 -0.4417
vn 0.3703 0.7801 -0.5043
vn 0.4416 0.7809 -0.4417
vn 0.5027 0.7780 -0.3768
vn 0.5203 0.7804 -0.3468
vn 0.6144 0.7640 -0.1969
vn 0.6160 0.7583 -0.2133
vn 0.7149 0.6992 0.0079
vn 0.7482 0.6617 0.0473
vn 0.7013 0.6697 0.2443
vn 0.7341 0.6393 0.2289
vn 0.5349 0.6843 0.4955
vn 0.5596 0.7015 0.4414
vn 0.3872 0.6400 0.6637
vn 0.3138 0.5794 0.7522
vn 0.2605 0.5209 0.8129
vn 0.3230 0.5121 0.7959
vn 0.4026 0.4894 0.7736
vn 0.5835 0.4810 0.6544
vn 0.8185 0.3384 0.4643
vn 0.8641 0.2828 0.4163
vn 0.9311 0.2288 0.2840
vn 0.9633 0.1263 0.2369
vn 0.8845 0.2606 0.3869
vn 0.8797 0.1807 0.4398
vn 0.7083 0.3620 0.6060
vn 0.6464 0.4178 0.6385
vn 0.4186 0.5449 0.7265
vn 0.3707 0.5992 0.7096
vn 0.0709 0.7170 0.6935
vn -0.6539 0.7326 0.1890
vn -0.6787 0.7260 0.1105
vn -0.8109 0.5590 -0.1732
vn -0.7978 0.5927 -0.1104
vn -0.8058 0.4188 -0.4187
vn -0.7975 0.3632 -0.4817
vn -0.6874 0.1817 -0.7032
vn -0.6381 0.2600 -0.7247
vn -0.5208 0.1261 -0.8443
vn -0.5564 0.2272 -0.7993
vn -0.5216 -0.0000 -0.8532
vn -0.6788 -0.0000 -0.7343
vn 0.0001 1.0000 -0.0002
vn -0.0001 1.0000 -0.0001
vn -0.0002 1.0000 -0.0000
vn -0.0002 1.0000 0.0001
vn -0.0000 1.0000 0.0003
vn -0.0002 1.0000 -0.0002
vn 0.0002 1.0000 0.0001
vn 0.0001 1.0000 0.0002
vn 0.0002 1.0000 -0.0002
vn 0.0002 1.0000 -0.0000
vn -0.2048 0.9763 -0.0707
vn -0.2361 0.9685 -0.0788
vn -0.2122 0.9747 -0.0708
vn -0.2362 0.9685 -0.0787
vn -0.2363 0.9685 -0.0787
vn -0.2362 0.9685 -0.0788
vn -0.1654 0.9847 -0.0551
vn -0.2122 0.9747 -0.0707
vn -0.1653 0.9847 -0.0551
vn -0.1653 0.9847 -0.0550
vn -0.1500 0.9871 -0.0553
vn -0.1501 0.9875 -0.0474
vn -0.1413 0.9888 -0.0471
vn -0.1423 0.9883 -0.0553
vn -0.1501 0.9879 -0.0395
vn -0.1732 0.9768 0.1260
vn -0.0631 0.9768 -0.2047
vn -0.2289 0.9631 0.1420
vn -0.2122 0.8725 0.4402
vn -0.2912 0.9520 0.0944
vn -0.2286 0.9534 0.1970
vn -0.1414 0.9888 -0.0472
vn -0.1027 0.9641 -0.2450
vn 0.0865 0.8731 -0.4798
vn -0.1810 0.9509 -0.2512
vn -0.0710 0.9539 -0.2917
vn -0.2049 0.9294 -0.3071
vn -0.2515 0.9508 -0.1807
vn -0.1336 0.9905 -0.0314
vn -0.2924 0.9244 -0.2449
vn -0.3633 0.9241 -0.1184
vn -0.2835 0.9526 -0.1102
vn -0.0870 0.9961 -0.0158
vn -0.3788 0.9233 -0.0631
vn -0.1579 0.9869 -0.0316
vn -0.4809 0.8751 -0.0552
vn -0.3228 0.9449 -0.0549
vn -0.5736 0.8173 -0.0550
vn -0.1577 0.9859 0.0552
vn -0.1338 0.9909 -0.0157
vn -0.2195 0.9487 0.2274
vn -0.2512 0.8949 0.3689
vn -0.1260 0.9768 0.1733
vn -0.1494 0.9674 0.2045
vn -0.1259 0.9754 0.1809
vn -0.1494 0.9674 0.2044
vn -0.1493 0.9674 0.2044
vn -0.1493 0.9674 0.2045
vn -0.1335 0.9744 0.1807
vn -0.1024 0.9846 0.1418
vn -0.1024 0.9846 0.1417
vn -0.0871 0.9881 0.1266
vn -0.0948 0.9875 0.1263
vn -0.0864 0.9883 0.1255
vn -0.0869 0.9871 0.1342
vn -0.1027 0.9876 0.1185
vn -0.0863 0.9883 0.1255
vn -0.2133 0.9770 -0.0001
vn 0.0630 0.9768 0.2048
vn -0.2684 0.9630 0.0237
vn -0.4315 0.8709 -0.2354
vn -0.2995 0.9538 -0.0236
vn 0.0636 0.9634 0.2604
vn 0.3536 0.8722 0.3379
vn -0.0000 0.9517 0.3069
vn -0.0941 0.9886 0.1177
vn -0.1018 0.9491 0.2981
vn -0.0865 0.9910 0.1022
vn -0.0947 0.9238 0.3710
vn -0.1655 0.9534 0.2523
vn -0.0632 0.9960 0.0633
vn -0.2682 0.9230 0.2761
vn -0.1105 0.9868 0.1184
vn -0.3613 0.8721 0.3299
vn -0.2287 0.9463 0.2287
vn -0.4315 0.8161 0.3845
vn -0.1578 0.9863 0.0474
vn -0.1022 0.9903 0.0943
vn -0.3063 0.9503 -0.0550
vn -0.4169 0.8966 -0.1494
vn 0.1260 0.9768 0.1733
vn 0.1494 0.9674 0.2045
vn 0.1336 0.9744 0.1807
vn 0.1495 0.9674 0.2045
vn 0.1493 0.9674 0.2044
vn 0.1495 0.9674 0.2046
vn 0.1493 0.9674 0.2045
vn 0.1260 0.9754 0.1808
vn 0.1024 0.9846 0.1418
vn 0.0948 0.9874 0.1263
vn 0.0871 0.9881 0.1266
vn 0.0863 0.9883 0.1255
vn 0.1026 0.9876 0.1185
vn 0.0869 0.9871 0.1342
vn -0.0630 0.9768 0.2048
vn 0.2129 0.9771 -0.0000
vn 0.2684 0.9630 0.0237
vn 0.4318 0.8707 -0.2354
vn 0.2995 0.9538 -0.0236
vn 0.2911 0.9520 0.0944
vn -0.0636 0.9634 0.2604
vn -0.3536 0.8722 0.3379
vn -0.0000 0.9518 0.3068
vn 0.0941 0.9886 0.1177
vn 0.1019 0.9491 0.2980
vn 0.0865 0.9910 0.1022
vn 0.0948 0.9238 0.3710
vn 0.1655 0.9534 0.2522
vn 0.0632 0.9960 0.0632
vn 0.2682 0.9230 0.2761
vn 0.1105 0.9868 0.1184
vn 0.3614 0.8721 0.3299
vn 0.2287 0.9462 0.2287
vn 0.4314 0.8161 0.3845
vn 0.1578 0.9863 0.0473
vn 0.1021 0.9903 0.0943
vn 0.3063 0.9503 -0.0550
vn 0.4169 0.8966 -0.1494
vn 0.2047 0.9763 -0.0708
vn 0.2363 0.9685 -0.0787
vn 0.2122 0.9747 -0.0707
vn 0.2363 0.9685 -0.0786
vn 0.2362 0.9685 -0.0787
vn 0.1654 0.9847 -0.0551
vn 0.2362 0.9685 -0.0788
vn 0.1653 0.9847 -0.0551
vn 0.1501 0.9875 -0.0475
vn 0.1501 0.9871 -0.0553
vn 0.1413 0.9888 -0.0471
vn 0.1503 0.9879 -0.0394
vn 0.1423 0.9883 -0.0553
vn 0.1414 0.9888 -0.0471
vn 0.0630 0.9768 -0.2048
vn 0.1732 0.9768 0.1260
vn 0.1027 0.9641 -0.2450
vn -0.0865 0.8731 -0.4798
vn 0.1809 0.9509 -0.2513
vn 0.0710 0.9539 -0.2917
vn 0.2289 0.9630 0.1421
vn 0.2122 0.8725 0.4402
vn 0.2286 0.9534 0.1970
vn 0.1413 0.9889 -0.0471
vn 0.3464 0.9296 0.1262
vn 0.3139 0.9495 -0.0001
vn 0.1258 0.9905 -0.0550
vn 0.3795 0.9249 0.0237
vn 0.3632 0.9241 -0.1187
vn 0.2915 0.9533 -0.0788
vn 0.0790 0.9961 -0.0396
vn 0.3402 0.9256 -0.1661
vn 0.1422 0.9873 -0.0711
vn 0.4243 0.8721 -0.2436
vn 0.2914 0.9449 -0.1495
vn 0.4957 0.8183 -0.2911
vn 0.0947 0.9864 -0.1341
vn 0.1180 0.9910 -0.0630
vn 0.0392 0.9487 -0.3136
vn -0.0078 0.8975 -0.4409
vn -0.0000 0.9755 -0.2200
vn -0.0001 0.9678 -0.2517
vn -0.0000 0.9754 -0.2203
vn 0.0001 0.9678 -0.2517
vn -0.0003 0.9679 -0.2513
vn 0.0001 0.9678 -0.2519
vn -0.0000 0.9679 -0.2513
vn -0.0000 0.9678 -0.2518
vn 0.0001 0.9678 -0.2516
vn -0.0004 0.9678 -0.2516
vn 0.0002 0.9678 -0.2517
vn -0.0000 0.9849 -0.1732
vn -0.0078 0.9874 -0.1580
vn 0.0078 0.9874 -0.1580
vn -0.0000 0.9888 -0.1492
vn -0.0078 0.9874 -0.1579
vn 0.0079 0.9874 -0.1580
vn -0.0000 0.9888 -0.1491
vn 0.1732 0.9768 -0.1260
vn -0.1732 0.9768 -0.1260
vn 0.2050 0.9633 -0.1735
vn 0.4869 0.8712 -0.0629
vn 0.1809 0.9508 -0.2513
vn 0.2598 0.9527 -0.1575
vn -0.2051 0.9632 -0.1736
vn -0.4868 0.8712 -0.0629
vn -0.1808 0.9508 -0.2515
vn -0.2597 0.9527 -0.1576
vn 0.0001 0.9888 -0.1491
vn -0.2282 0.9290 -0.2913
vn -0.0941 0.9497 -0.2986
vn 0.0156 0.9909 -0.1337
vn -0.1421 0.9239 -0.3553
vn -0.0157 0.9517 -0.3067
vn 0.0157 0.9961 -0.0863
vn -0.0000 0.9224 -0.3863
vn 0.0553 0.9238 -0.3790
vn 0.0235 0.9872 -0.1579
vn 0.0947 0.8757 -0.4734
vn 0.0473 0.9452 -0.3230
vn 0.1255 0.8157 -0.5647
vn 0.1026 0.9867 -0.1263
vn 0.0236 0.9907 -0.1337
vn 0.2826 0.9499 -0.1335
vn 0.4246 0.8966 -0.1258
vn 0.8814 0.4722 0.0157
vn 0.9963 -0.0000 0.0863
vn 0.9947 -0.0000 -0.1027
vn 0.9921 -0.0000 -0.1256
vn 0.8533 0.5213 0.0078
vn 0.8105 0.5823 -0.0630
vn 0.8572 0.5112 -0.0629
vn 0.7513 0.6407 -0.1582
vn 0.8603 0.4895 -0.1422
vn 0.6373 0.6845 -0.3540
vn 0.8026 0.4800 -0.3542
vn 0.5902 0.7004 -0.4013
vn 0.6924 0.3383 -0.6373
vn 0.4579 0.6631 -0.5921
vn 0.6621 0.2838 -0.6936
vn 0.4559 0.6525 -0.6053
vn 0.2281 0.7002 -0.6766
vn 0.2517 0.6843 -0.6844
vn -0.0157 0.7564 -0.6539
vn -0.0000 0.7637 -0.6456
vn -0.2049 0.7802 -0.5911
vn -0.1659 0.7822 -0.6006
vn -0.2834 0.7793 -0.5589
vn -0.2842 0.7827 -0.5538
vn -0.3703 0.7801 -0.5043
vn -0.5920 0.7814 0.1973
vn -0.5971 0.7778 0.1963
vn -0.5589 0.7793 0.2834
vn -0.5535 0.7827 0.2846
vn -0.5117 0.7791 0.3621
vn -0.4895 0.7815 0.3868
vn -0.3785 0.7652 0.5207
vn -0.3944 0.7572 0.5206
vn -0.2131 0.7025 0.6790
vn -0.1815 0.6631 0.7262
vn 0.0158 0.6706 0.7416
vn -0.0078 0.6372 0.7706
vn 0.3069 0.6847 0.6611
vn 0.2442 0.7013 0.6697
vn 0.5143 0.6410 0.5697
vn 0.6206 0.5813 0.5263
vn 0.6942 0.5207 0.4970
vn 0.8034 0.2757 0.5277
vn 0.7209 0.4701 0.5093
vn 0.6603 0.5110 0.5504
vn 0.6134 0.4876 0.6213
vn 0.4417 0.4812 0.7572
vn 0.8192 0.2047 0.5358
vn 0.1891 0.3387 0.9217
vn 0.1257 0.2829 0.9509
vn -0.0235 0.2277 0.9734
vn 0.8554 -0.0000 0.5180
vn 0.7418 -0.0000 0.6706
vn 0.8589 -0.0000 0.5121
vn 0.5029 -0.0000 0.8643
vn 0.5029 -0.0000 0.8644
vn -0.5029 -0.0000 0.8643
vn -0.6707 -0.0000 0.7417
vn -0.6707 -0.0000 0.7418
vn -0.9787 -0.0000 -0.2053
vn -0.9787 -0.0000 -0.2052
vn -0.9125 -0.0000 -0.4090
vn -0.9125 -0.0000 -0.4091
vn -0.1027 -0.0000 -0.9947
vn -0.1026 -0.0000 -0.9947
vn 0.1027 -0.0000 -0.9947
vn 0.1028 -0.0000 -0.9947
vn 0.9125 -0.0000 -0.4091
vn 0.9125 -0.0000 -0.4090
vn 0.9126 -0.0000 -0.4090
vn 0.9787 -0.0000 -0.2052
vn 0.9787 -0.0000 -0.2053
vn 0.6707 -0.0000 0.7417
vn 0.6707 -0.0000 0.7418
vn -0.4908 0.2614 -0.8311
vn -0.4555 0.1805 -0.8717
vn -0.2130 0.3629 -0.9071
vn -0.4499 0.8760 0.1738
vn 0.4492 0.8749 0.1812
vn -0.8814 0.4722 0.0158
vn -0.9947 -0.0000 -0.1028
vn -0.9921 -0.0000 -0.1257
vn -0.8533 0.5213 0.0078
vn -0.8105 0.5823 -0.0629
vn -0.8572 0.5112 -0.0629
vn -0.7513 0.6407 -0.1583
vn -0.8604 0.4894 -0.1421
vn -0.6373 0.6845 -0.3540
vn -0.8026 0.4800 -0.3542
vn -0.5902 0.7004 -0.4014
vn -0.6924 0.3383 -0.6373
vn -0.4578 0.6632 -0.5921
vn -0.6621 0.2837 -0.6936
vn -0.4559 0.6525 -0.6053
vn -0.2281 0.7001 -0.6766
vn -0.2517 0.6843 -0.6844
vn 0.0157 0.7564 -0.6539
vn 0.2049 0.7802 -0.5911
vn 0.1660 0.7821 -0.6006
vn 0.2834 0.7793 -0.5589
vn 0.2842 0.7827 -0.5538
vn 0.2131 0.7026 0.6789
vn 0.3943 0.7573 0.5205
vn 0.3787 0.7652 0.5207
vn 0.5116 0.7792 0.3621
vn 0.4895 0.7816 0.3868
vn 0.5535 0.7827 0.2846
vn 0.5589 0.7793 0.2834
vn 0.5920 0.7814 0.1973
vn 0.5971 0.7778 0.1963
vn 0.6156 0.7813 0.1026
vn 0.6160 0.7820 0.0950
vn 0.6285 0.7778 0.0078
vn 0.6236 0.7814 -0.0238
vn 0.6085 0.7665 -0.2055
vn 0.6238 0.7582 -0.1895
vn 0.5741 0.7000 -0.4247
vn 0.5752 0.6619 -0.4806
vn 0.4260 0.6705 -0.6074
vn 0.4562 0.6371 -0.6213
vn 0.1338 0.6848 -0.7163
vn 0.1969 0.7011 -0.6853
vn -0.0789 0.6390 -0.7652
vn -0.1883 0.5803 -0.7923
vn -0.2678 0.5198 -0.8112
vn -0.2834 0.4724 -0.8346
vn -0.2048 0.5117 -0.8344
vn -0.1267 0.4904 -0.8622
vn 0.0942 0.4795 -0.8725
vn 0.3858 0.3386 -0.8582
vn 0.4570 0.2837 -0.8430
vn 0.5916 0.2288 -0.7731
vn 0.5843 0.2446 -0.7738
vn 0.4908 0.2613 -0.8312
vn 0.0942 0.9498 -0.2983
vn -0.0156 0.9909 -0.1337
vn 0.0156 0.9517 -0.3066
vn -0.0157 0.9961 -0.0863
vn 0.1420 0.9239 -0.3553
vn 0.2283 0.9290 -0.2913
vn -0.0553 0.9238 -0.3790
vn -0.0236 0.9872 -0.1579
vn -0.0947 0.8757 -0.4734
vn -0.0474 0.9452 -0.3230
vn -0.1255 0.8157 -0.5647
vn -0.1026 0.9867 -0.1263
vn -0.0236 0.9907 -0.1337
vn -0.2826 0.9499 -0.1335
vn -0.4246 0.8966 -0.1258
vn -0.3139 0.9495 -0.0001
vn -0.1258 0.9905 -0.0550
vn -0.2917 0.9533 -0.0788
vn -0.0791 0.9961 -0.0396
vn -0.3794 0.9249 0.0237
vn -0.3466 0.9295 0.1261
vn -0.3633 0.9241 -0.1185
vn -0.2914 0.9449 -0.1494
vn -0.0947 0.9864 -0.1342
vn -0.1180 0.9910 -0.0630
vn -0.0392 0.9487 -0.3136
vn 0.0079 0.8975 -0.4409
vn -0.3401 0.9256 -0.1661
vn -0.1422 0.9873 -0.0711
vn -0.4243 0.8722 -0.2436
vn -0.4958 0.8182 -0.2911
vn -0.2511 0.9495 0.1884
vn -0.0707 0.9905 0.1179
vn -0.1890 0.9531 0.2363
vn -0.0397 0.9961 0.0791
vn -0.3235 0.9237 0.2052
vn -0.3546 0.9294 0.1023
vn -0.2215 0.9251 0.3085
vn -0.1814 0.9231 0.3392
vn -0.0789 0.9867 0.1421
vn -0.1972 0.8753 0.4416
vn -0.1496 0.9448 0.2915
vn -0.2357 0.8170 0.5263
vn 0.0079 0.9861 0.1657
vn -0.0550 0.9905 0.1257
vn 0.1492 0.9498 0.2748
vn 0.2673 0.8963 0.3538
vn 0.2511 0.9495 0.1883
vn 0.0707 0.9905 0.1179
vn 0.1891 0.9531 0.2363
vn 0.0399 0.9961 0.0793
vn 0.3234 0.9238 0.2051
vn 0.3546 0.9294 0.1023
vn 0.2215 0.9251 0.3085
vn 0.1495 0.9448 0.2914
vn -0.0079 0.9861 0.1657
vn 0.0551 0.9905 0.1257
vn -0.1492 0.9499 0.2748
vn -0.2673 0.8963 0.3538
vn 0.1814 0.9231 0.3392
vn 0.0789 0.9867 0.1421
vn 0.1971 0.8753 0.4416
vn 0.2357 0.8170 0.5263
vn 0.2515 0.9508 -0.1807
vn 0.1336 0.9905 -0.0314
vn 0.2835 0.9526 -0.1102
vn 0.0870 0.9961 -0.0157
vn 0.2924 0.9244 -0.2449
vn 0.2048 0.9294 -0.3072
vn 0.3633 0.9241 -0.1184
vn 0.3228 0.9449 -0.0550
vn 0.1578 0.9859 0.0552
vn 0.1338 0.9909 -0.0157
vn 0.2195 0.9487 0.2274
vn 0.2519 0.8974 0.3622
vn 0.3788 0.9233 -0.0631
vn 0.1579 0.9869 -0.0316
vn 0.4809 0.8750 -0.0552
vn 0.5737 0.8172 -0.0550
vn -0.2592 -0.0000 -0.9658
vn -0.5886 -0.0000 -0.8084
vn -0.2368 -0.0000 -0.9715
vn -0.5885 -0.0000 -0.8085
vn 0.1106 -0.0000 -0.9939
vn -0.8402 -0.0000 -0.5422
vn -0.8532 -0.0000 -0.5216
vn -0.9875 -0.0000 -0.1578
vn 0.9715 -0.0000 -0.2369
vn 0.9992 -0.0000 -0.0392
vn -0.9969 -0.0000 -0.0784
vn -0.9985 -0.0000 -0.0550
vn -0.7749 -0.0000 0.6321
vn -0.7637 -0.0000 0.6456
vn -0.6197 -0.0000 0.7848
vn 0.2592 -0.0000 -0.9658
vn 0.5886 -0.0000 -0.8084
vn 0.8402 -0.0000 -0.5423
vn 0.2369 -0.0000 -0.9715
vn 0.8532 -0.0000 -0.5216
vn -0.1104 -0.0000 -0.9939
vn 0.9787 -0.0000 -0.2051
vn -0.1578 -0.0000 -0.9875
vn 0.9081 -0.0000 0.4187
vn -0.3632 -0.0000 0.9317
vn 0.3632 -0.0000 0.9317
vn -0.6747 -0.0000 0.7381
vn 0.6749 -0.0000 0.7379
vn -0.7072 -0.0000 0.7070
vn -0.8308 -0.0000 0.5565
vn 0.7072 -0.0000 0.7070
vn 0.8309 -0.0000 0.5565
vn -0.9678 -0.0000 0.2519
vn -0.8184 -0.0000 0.5746
vn -0.9697 -0.0000 0.2445
vn -0.9899 -0.0000 -0.1418
vn -0.9888 -0.0000 -0.1491
vn -0.8763 -0.0000 -0.4818
vn 0.7748 -0.0000 0.6321
vn 0.9985 -0.0000 -0.0550
vn 0.6197 -0.0000 0.7848
vn 0.6199 -0.0000 0.7847
vn 0.9969 -0.0000 -0.0784
vn 0.8897 -0.0000 -0.4565
vn 0.7847 -0.0000 -0.6199
vn 0.7848 -0.0000 -0.6197
vn 0.2996 -0.0000 0.9541
vn -0.0552 -0.0000 0.9985
vn 0.3000 -0.0000 0.9539
vn 0.6236 -0.0000 0.7818
vn -0.0635 -0.0000 0.9980
vn -0.4412 -0.0000 0.8974
vn -0.4473 -0.0000 0.8944
vn -0.7303 -0.0000 0.6832
vn -0.7071 0.0005 -0.7071
vn -0.7779 -0.0000 -0.6284
vn -0.8084 -0.0001 -0.5886
vn -0.8085 0.0001 -0.5886
vn -0.9354 -0.0000 -0.3536
vn -0.9379 -0.0000 -0.3469
vn -1.0000 -0.0000 0.0080
vn -0.9999 -0.0000 0.0156
vn -0.9318 -0.0000 0.3629
vn -0.9291 -0.0000 0.3698
vn -0.7149 -0.0000 0.6992
vn -0.7112 -0.0000 0.7030
vn -0.4253 -0.0000 0.9051
vn -0.4090 -0.0000 0.9126
vn -0.2202 -0.0000 0.9755
vn -0.9874 -0.0000 -0.1579
vn -0.9989 -0.0000 0.0473
vn -0.9874 -0.0000 0.1580
vn -0.9997 -0.0000 0.0235
vn -0.9633 -0.0000 -0.2684
vn -0.9632 -0.0000 -0.2688
vn -0.8019 -0.0000 -0.5975
vn -0.8018 -0.0000 -0.5976
vn 0.8121 -0.0000 0.5835
vn 0.5512 -0.0000 0.8344
vn 0.8184 -0.0000 0.5746
vn 0.9678 -0.0000 0.2518
vn 0.9697 -0.0000 0.2444
vn 0.9899 -0.0000 -0.1418
vn 0.9888 -0.0000 -0.1494
vn 0.9999 -0.0000 0.0158
vn 0.9318 -0.0000 0.3629
vn 1.0000 -0.0000 0.0080
vn 0.9379 -0.0000 -0.3470
vn 0.9354 -0.0000 -0.3537
vn 0.9291 -0.0000 0.3698
vn 0.7149 -0.0000 0.6992
vn 0.7113 -0.0000 0.7029
vn -0.3468 0.6633 -0.6631
vn -0.0000 0.6372 -0.7707
vn -0.0000 0.6456 -0.7637
vn 0.3470 0.6632 -0.6632
vn -0.3457 0.6678 -0.6592
vn 0.3457 0.6677 -0.6593
vn -0.5595 0.7249 -0.4019
vn 0.5594 0.7249 -0.4019
vn -0.5735 0.7464 -0.3377
vn -0.5980 0.7789 -0.1888
vn -0.5930 0.7825 -0.1898
vn 0.5735 0.7464 -0.3377
vn 0.5980 0.7789 -0.1888
vn 0.5930 0.7825 -0.1897
vn -0.1026 0.6628 0.7417
vn -0.4561 0.6448 0.6134
vn -0.4562 0.6371 0.6213
vn -0.6711 0.6631 0.3316
vn -0.1021 0.6672 0.7378
vn -0.6674 0.6676 0.3300
vn 0.2129 0.7254 0.6545
vn -0.6911 0.7227 -0.0000
vn 0.2679 0.7485 0.6067
vn 0.3703 0.7801 0.5043
vn -0.6611 0.7476 -0.0631
vn -0.5919 0.7814 -0.1976
vn -0.5920 0.7814 -0.1973
vn 0.4562 0.6371 0.6213
vn 0.6672 0.6677 0.3302
vn 0.6710 0.6631 0.3317
vn 0.6912 0.7227 -0.0000
vn 0.4561 0.6448 0.6134
vn 0.6611 0.7476 -0.0631
vn 0.5919 0.7814 -0.1976
vn 0.5920 0.7814 -0.1973
vn 0.1026 0.6628 0.7417
vn 0.1022 0.6672 0.7378
vn -0.2129 0.7255 0.6545
vn -0.2679 0.7485 0.6067
vn -0.3703 0.7801 0.5043
vn -0.7361 0.6649 0.1268
vn -0.7240 0.6452 -0.2439
vn -0.7327 0.6382 -0.2364
vn -0.7323 0.6692 0.1261
vn -0.3633 0.7825 0.5056
vn -0.5185 0.6677 -0.5341
vn -0.5269 0.6606 -0.5348
vn -0.2129 0.7255 -0.6545
vn -0.1420 0.7494 -0.6468
vn 0.0078 0.7816 -0.6237
vn -0.0000 0.7816 -0.6237
vn 0.5185 0.6677 -0.5342
vn 0.5269 0.6606 -0.5348
vn 0.7326 0.6382 -0.2364
vn 0.2129 0.7254 -0.6546
vn 0.1420 0.7493 -0.6468
vn -0.0077 0.7816 -0.6237
vn -0.0001 0.7817 -0.6237
vn 0.7240 0.6453 -0.2439
vn 0.7361 0.6649 0.1267
vn 0.7323 0.6692 0.1260
vn 0.3635 0.7824 0.5058
vn -0.8897 -0.0000 0.4565
vn -0.8222 -0.0000 0.5692
vn -0.8380 0.0001 0.5457
vn -0.6236 -0.0000 0.7818
vn -0.3000 -0.0000 0.9539
vn -0.2996 -0.0000 0.9541
vn 0.0551 -0.0000 0.9985
vn 0.0635 -0.0000 0.9980
vn 0.4413 -0.0000 0.8974
vn 0.4474 -0.0000 0.8943
vn 0.7302 -0.0000 0.6832
vn -0.3539 -0.0001 -0.9353
vn -0.4565 -0.0000 -0.8897
vn -0.0470 -0.0000 -0.9989
vn -0.3303 -0.0000 -0.9439
vn -0.0393 -0.0000 -0.9992
vn 0.3163 -0.0000 -0.9487
vn 0.3233 -0.0000 -0.9463
vn 0.6326 -0.0000 -0.7745
vn 0.6372 -0.0000 -0.7707
vn 0.8845 -0.0000 -0.4666
vn -0.5510 -0.0000 0.8345
vn -0.5512 -0.0000 0.8344
vn 0.9633 -0.0000 -0.2683
vn 0.4567 -0.0000 -0.8896
vn 0.3537 -0.0001 -0.9353
vn 0.3302 -0.0000 -0.9439
vn 0.4565 -0.0000 -0.8897
vn 0.7071 -0.0000 -0.7071
vn 0.0470 -0.0000 -0.9989
vn 0.0393 -0.0000 -0.9992
vn -0.3163 -0.0000 -0.9487
vn -0.3232 -0.0000 -0.9463
vn -0.6326 -0.0000 -0.7745
vn -0.6373 -0.0000 -0.7706
vn -0.8846 -0.0000 -0.4663
vn 0.7071 0.0005 -0.7071
vn 0.5886 0.0001 -0.8084
vn 0.7071 0.0002 -0.7071
vn 0.7953 -0.0000 -0.6062
vn 0.7779 -0.0000 -0.6283
vn 0.8084 -0.0001 -0.5886
vn 0.8086 -0.0002 -0.5884
vn 0.9875 -0.0000 0.1578
vn 0.9875 0.0001 0.1578
vn 0.9989 -0.0000 0.0473
vn 0.9997 -0.0000 0.0236
vn 0.9518 -0.0000 0.3067
vn 0.8897 -0.0000 0.4565
vn 0.9874 -0.0000 -0.1580
vn 0.8086 -0.0000 0.5884
vn 0.8381 -0.0000 0.5455
vn 0.8222 -0.0000 0.5692
vn 0.8083 -0.0000 0.5888
vn 0.7071 0.0004 0.7071
vn 0.5884 -0.0000 0.8086
vn -0.7071 -0.0004 0.7071
vn -0.5884 -0.0000 0.8086
vn 0.1580 -0.0000 0.9874
vn 0.2901 0.0001 0.9570
vn -0.0000 0.0005 1.0000
vn -0.1579 -0.0000 0.9875
vn -0.2592 -0.0000 0.9658
vn -0.2901 0.0001 0.9570
vn -0.7953 -0.0000 -0.6062
vn -0.5885 0.0001 -0.8085
vn -0.5886 0.0001 -0.8084
vn -0.7071 0.0002 -0.7071
vn 0.2990 -0.9522 0.0629
vn -0.2990 -0.9522 -0.0630
vn -0.2990 -0.9522 -0.0629
vn -0.2281 -0.9519 0.2045
vn -0.2281 -0.9519 0.2046
vn 0.2281 -0.9519 -0.2045
vn 0.2280 -0.9519 -0.2047
vn 0.2282 -0.9519 -0.2045
vn 0.0630 -0.9522 -0.2990
vn 0.0629 -0.9522 -0.2990
vn -0.0629 -0.9522 0.2990
vn -0.0630 -0.9522 0.2990
vn -0.2047 -0.9519 -0.2280
vn -0.2045 -0.9519 -0.2282
vn -0.2045 -0.9519 -0.2281
vn 0.2045 -0.9519 0.2281
vn 0.2045 -0.9519 0.2282
vn 0.2047 -0.9519 0.2280
vn -0.1655 -0.9534 -0.2522
vn -0.1654 -0.9534 -0.2521
vn -0.0393 -0.9511 0.3065
vn -0.0315 -0.9513 0.3066
vn -0.0315 -0.9536 0.2995
vn -0.2046 -0.9519 0.2281
vn -0.2045 -0.9519 0.2282
vn -0.2045 -0.9519 0.2281
vn -0.2363 -0.9531 0.1890
vn -0.2437 -0.9513 0.1887
vn 0.2522 -0.9534 -0.1656
vn 0.2522 -0.9534 -0.1655
vn 0.2521 -0.9534 -0.1655
vn 0.2521 -0.9534 -0.1656
vn 0.1891 -0.9531 0.2364
vn 0.1890 -0.9531 0.2363
vn 0.1891 -0.9531 0.2363
vn 0.1887 -0.9513 0.2436
vn -0.2673 -0.9519 0.1495
vn -0.2674 -0.9519 0.1495
vn -0.2676 -0.9519 0.1495
vn -0.2672 -0.9520 0.1495
vn 0.0315 -0.9536 -0.2995
vn 0.0315 -0.9513 -0.3066
vn 0.0393 -0.9511 -0.3065
vn -0.2281 -0.9519 -0.2045
vn -0.2281 -0.9519 -0.2046
vn -0.2207 -0.9536 -0.2049
vn 0.2437 -0.9513 -0.1887
vn 0.2364 -0.9531 -0.1890
vn 0.2363 -0.9531 -0.1891
vn 0.2674 -0.9519 -0.1495
vn 0.2673 -0.9519 -0.1495
vn 0.2675 -0.9519 -0.1495
vn 0.3065 -0.9511 0.0393
vn 0.3066 -0.9513 0.0315
vn 0.3066 -0.9513 0.0314
vn 0.2995 -0.9536 0.0315
vn 0.1655 -0.9534 0.2522
vn 0.1654 -0.9535 0.2521
vn 0.1656 -0.9534 0.2521
vn -0.1495 -0.9519 -0.2675
vn -0.1495 -0.9519 -0.2674
vn -0.1495 -0.9520 -0.2672
vn -0.2522 -0.9534 0.1655
vn -0.2521 -0.9534 0.1655
vn -0.1890 -0.9531 -0.2364
vn -0.1891 -0.9531 -0.2363
vn -0.1887 -0.9513 -0.2437
vn 0.2281 -0.9519 0.2046
vn 0.2281 -0.9519 0.2045
vn -0.3065 -0.9511 -0.0393
vn -0.3066 -0.9513 -0.0315
vn -0.3066 -0.9513 -0.0314
vn -0.2995 -0.9536 -0.0315
vn 0.1495 -0.9519 0.2673
vn 0.1495 -0.9519 0.2674
vn 0.1495 -0.9519 0.2675
vn -0.3067 -0.9517 -0.0157
vn -0.3067 -0.9517 -0.0156
vn 0.0788 -0.9533 -0.2915
vn -0.2837 -0.9534 -0.1024
vn -0.2837 -0.9534 -0.1025
vn -0.2757 -0.9529 -0.1261
vn -0.2756 -0.9530 -0.1260
vn -0.2757 -0.9530 -0.1259
vn -0.3067 -0.9517 0.0156
vn -0.3067 -0.9517 0.0157
vn 0.3067 -0.9517 0.0157
vn 0.2915 -0.9533 0.0788
vn 0.1025 -0.9534 -0.2837
vn 0.1024 -0.9534 -0.2837
vn 0.2049 -0.9536 -0.2207
vn 0.2045 -0.9519 -0.2281
vn 0.2046 -0.9519 -0.2281
vn -0.0157 -0.9517 -0.3067
vn -0.0156 -0.9517 -0.3066
vn 0.0157 -0.9517 -0.3067
vn -0.0788 -0.9533 0.2915
vn -0.1024 -0.9534 0.2837
vn -0.1025 -0.9534 0.2837
vn 0.0157 -0.9517 0.3067
vn 0.0156 -0.9517 0.3067
vn 0.0157 -0.9517 0.3066
vn -0.2915 -0.9533 -0.0788
vn 0.2756 -0.9530 0.1259
vn 0.2756 -0.9530 0.1260
vn 0.2757 -0.9530 0.1260
vn 0.2837 -0.9534 0.1024
vn -0.0157 -0.9517 0.3067
vn -0.0156 -0.9517 0.3066
vn -0.1260 -0.9530 0.2756
vn -0.1260 -0.9530 0.2757
vn -0.1261 -0.9530 0.2757
vn 0.3067 -0.9517 -0.0157
vn 0.3067 -0.9517 -0.0156
vn 0.1025 -0.9534 0.2837
vn 0.1024 -0.9534 0.2837
vn 0.1891 -0.9531 -0.2364
vn 0.1891 -0.9531 -0.2363
vn 0.1890 -0.9531 -0.2364
vn -0.2756 -0.9530 0.1260
vn -0.2757 -0.9530 0.1260
vn 0.1260 -0.9530 0.2757
vn 0.1260 -0.9530 0.2756
vn 0.2990 -0.9522 -0.0630
vn 0.2990 -0.9522 -0.0629
vn -0.2994 -0.9533 0.0394
vn 0.1260 -0.9530 -0.2757
vn 0.1260 -0.9530 -0.2756
vn 0.1263 -0.9529 -0.2759
vn -0.2364 -0.9531 -0.1891
vn -0.2363 -0.9531 -0.1890
vn 0.2757 -0.9530 -0.1260
vn 0.2757 -0.9530 -0.1261
vn 0.0788 -0.9533 0.2915
vn 0.0789 -0.9533 0.2915
vn -0.0629 -0.9522 -0.2990
vn -0.0630 -0.9522 -0.2990
vn 0.2994 -0.9533 -0.0394
vn -0.1495 -0.9519 0.2674
vn -0.1495 -0.9519 0.2675
vn 0.2363 -0.9531 0.1890
vn 0.2363 -0.9531 0.1891
vn 0.2915 -0.9533 -0.0788
vn 0.0630 -0.9522 0.2990
vn 0.0629 -0.9522 0.2990
vn 0.0394 -0.9533 0.2994
vn -0.2990 -0.9522 0.0629
vn -0.2915 -0.9533 0.0789
vn -0.2915 -0.9533 0.0788
vn -0.2837 -0.9534 0.1025
vn -0.2837 -0.9534 0.1024
vn -0.2837 -0.9534 0.1026
vn -0.1261 -0.9530 -0.2756
vn -0.1260 -0.9530 -0.2756
vn -0.1259 -0.9530 -0.2757
vn -0.0788 -0.9533 -0.2915
vn -0.0789 -0.9533 -0.2916
vn -0.0394 -0.9533 -0.2994
vn -0.1890 -0.9531 0.2363
vn -0.1890 -0.9531 0.2364
vn -0.1891 -0.9531 0.2364
vn -0.2675 -0.9519 -0.1495
vn -0.2674 -0.9519 -0.1495
vn 0.1495 -0.9519 -0.2675
vn 0.1495 -0.9519 -0.2674
vn -0.2522 -0.9534 -0.1655
vn -0.2521 -0.9534 -0.1655
vn -0.2521 -0.9534 -0.1656
vn 0.2676 -0.9519 0.1495
vn 0.2674 -0.9519 0.1495
vn 0.2673 -0.9519 0.1495
vn -0.1024 -0.9534 -0.2837
vn -0.1025 -0.9534 -0.2837
vn -0.1026 -0.9534 -0.2837
vn -0.1655 -0.9534 0.2521
vn -0.1656 -0.9534 0.2521
vn -0.1656 -0.9534 0.2522
vn 0.2522 -0.9534 0.1655
vn 0.2521 -0.9534 0.1655
vn 0.1656 -0.9534 -0.2522
vn 0.1655 -0.9534 -0.2522
vn 0.1655 -0.9534 -0.2521
vn 0.1656 -0.9534 -0.2521
vn 0.2837 -0.9534 -0.1025
vn 0.2837 -0.9534 -0.1024
vn 0.2128 0.9771 -0.0079
vn 0.2129 0.9771 -0.0080
vn -0.2127 0.9771 -0.0079
vn -0.2128 0.9771 -0.0080
vn -0.2128 0.9771 -0.0079
vn 0.2128 0.9771 0.0079
vn 0.2127 0.9771 0.0079
vn 0.2129 0.9770 0.0080
vn -0.0079 0.9771 -0.2128
vn -0.0080 0.9771 -0.2128
vn -0.0079 0.9771 0.2127
vn -0.0079 0.9771 0.2128
vn -0.0078 0.9771 0.2127
vn -0.2127 0.9771 0.0079
vn -0.2128 0.9771 0.0080
vn -0.2128 0.9771 0.0079
vn -0.2129 0.9771 0.0080
vn 0.0079 0.9771 -0.2127
vn 0.0079 0.9771 -0.2128
vn 0.0080 0.9770 0.2129
vn 0.0079 0.9771 0.2128
vn 0.0080 0.9771 0.2128
vn 0.0078 0.9771 0.2127
vn -0.0237 0.9768 0.2127
vn -0.0236 0.9768 0.2127
vn -0.0235 0.9768 0.2127
vn -0.2126 0.9763 0.0394
vn -0.2126 0.9764 0.0394
vn -0.1024 0.9766 0.1890
vn -0.1024 0.9766 0.1891
vn 0.2049 0.9772 0.0552
vn 0.2049 0.9772 0.0553
vn 0.2049 0.9772 -0.0552
vn -0.1969 0.9766 -0.0866
vn -0.1655 0.9771 0.1339
vn -0.2049 0.9772 -0.0552
vn -0.2049 0.9772 -0.0551
vn 0.1419 0.9773 -0.1576
vn 0.1420 0.9772 -0.1576
vn 0.1418 0.9773 -0.1576
vn 0.1972 0.9778 0.0710
vn 0.1971 0.9778 0.0710
vn 0.1183 0.9777 -0.1734
vn 0.1181 0.9763 -0.1811
vn 0.1183 0.9777 -0.1735
vn -0.0866 0.9766 -0.1969
vn -0.0867 0.9766 -0.1969
vn 0.2127 0.9768 -0.0237
vn 0.2127 0.9768 -0.0236
vn -0.0394 0.9763 0.2126
vn -0.0553 0.9772 0.2049
vn -0.0552 0.9772 0.2049
vn -0.0710 0.9778 0.1971
vn -0.0710 0.9778 0.1972
vn -0.0866 0.9766 0.1969
vn 0.1735 0.9777 0.1183
vn 0.1810 0.9764 0.1181
vn 0.1734 0.9777 0.1183
vn 0.1811 0.9764 0.1181
vn 0.1576 0.9773 0.1419
vn 0.1576 0.9773 0.1418
vn -0.1576 0.9773 0.1419
vn 0.0552 0.9772 -0.2049
vn 0.1339 0.9771 0.1655
vn 0.1340 0.9771 0.1655
vn -0.1024 0.9766 -0.1890
vn -0.1024 0.9766 -0.1889
vn 0.0866 0.9766 0.1969
vn -0.0710 0.9778 -0.1971
vn -0.0710 0.9778 -0.1972
vn -0.2127 0.9768 0.0237
vn -0.2127 0.9768 0.0238
vn 0.0394 0.9763 0.2126
vn -0.0552 0.9772 -0.2049
vn -0.0553 0.9772 -0.2049
vn 0.0394 0.9763 -0.2126
vn 0.0394 0.9764 -0.2126
vn 0.0710 0.9778 -0.1971
vn 0.0710 0.9778 -0.1972
vn -0.1890 0.9766 0.1024
vn -0.1735 0.9777 -0.1183
vn -0.1811 0.9763 -0.1181
vn -0.1736 0.9777 -0.1183
vn -0.1811 0.9764 -0.1181
vn -0.1419 0.9773 0.1576
vn -0.1418 0.9773 0.1576
vn 0.1576 0.9773 -0.1419
vn 0.1576 0.9772 -0.1420
vn 0.1576 0.9773 -0.1418
vn -0.1340 0.9771 -0.1655
vn -0.1339 0.9771 -0.1655
vn 0.1811 0.9764 -0.1181
vn 0.1810 0.9764 -0.1181
vn -0.1890 0.9766 -0.1024
vn -0.1891 0.9766 -0.1024
vn -0.1969 0.9766 0.0866
vn -0.1971 0.9778 -0.0710
vn -0.1972 0.9778 -0.0710
vn -0.1971 0.9778 0.0710
vn -0.1972 0.9778 0.0710
vn -0.2049 0.9772 0.0552
vn -0.2049 0.9772 0.0551
vn -0.0394 0.9763 -0.2126
vn -0.0394 0.9764 -0.2126
vn -0.2127 0.9768 -0.0238
vn -0.2127 0.9768 -0.0235
vn -0.2127 0.9768 -0.0236
vn 0.2127 0.9768 0.0236
vn 0.2127 0.9768 0.0237
vn 0.1969 0.9766 0.0866
vn 0.1968 0.9766 0.0867
vn 0.1969 0.9766 0.0867
vn 0.1025 0.9766 0.1889
vn 0.1024 0.9766 0.1890
vn 0.1024 0.9766 0.1891
vn -0.1419 0.9773 -0.1576
vn -0.1420 0.9772 -0.1576
vn -0.1418 0.9773 -0.1576
vn -0.1576 0.9773 -0.1418
vn -0.1576 0.9773 -0.1419
vn 0.1655 0.9771 -0.1339
vn -0.1181 0.9764 -0.1810
vn -0.1181 0.9764 -0.1811
vn -0.1181 0.9763 -0.1811
vn 0.1890 0.9766 -0.1024
vn 0.2125 0.9764 -0.0394
vn 0.2126 0.9763 -0.0394
vn -0.1811 0.9763 0.1181
vn -0.1811 0.9764 0.1181
vn -0.0236 0.9768 -0.2127
vn -0.0238 0.9768 -0.2127
vn -0.0237 0.9768 -0.2127
vn 0.0237 0.9768 -0.2127
vn 0.0236 0.9768 -0.2127
vn 0.2127 0.9763 0.0393
vn 0.2125 0.9764 0.0394
vn 0.2126 0.9763 0.0394
vn 0.0866 0.9766 -0.1969
vn 0.1890 0.9766 0.1024
vn 0.1889 0.9766 0.1025
vn 0.1891 0.9766 0.1024
vn -0.1183 0.9777 0.1735
vn -0.1181 0.9764 0.1810
vn -0.1183 0.9777 0.1734
vn -0.1181 0.9763 0.1811
vn -0.2126 0.9763 -0.0394
vn -0.2126 0.9764 -0.0394
vn -0.2125 0.9764 -0.0394
vn 0.1419 0.9773 0.1576
vn 0.1420 0.9772 0.1576
vn 0.1181 0.9763 0.1811
vn 0.1181 0.9764 0.1811
vn 0.1181 0.9764 0.1810
vn 0.1024 0.9766 -0.1890
vn 0.1024 0.9766 -0.1889
vn 0.1969 0.9766 -0.0866
vn 0.1971 0.9778 -0.0710
vn 0.1972 0.9778 -0.0710
vn 0.0710 0.9778 0.1972
vn 0.0710 0.9778 0.1971
vn 0.0552 0.9772 0.2049
vn 0.0553 0.9772 0.2049
vn 0.0551 0.9772 0.2049
vn 0.0237 0.9768 0.2127
vn 0.0236 0.9768 0.2127
vn -0.1340 0.9771 0.1655
vn -0.1339 0.9771 0.1655
vn 0.1340 0.9771 -0.1655
vn 0.1339 0.9771 -0.1655
vn -0.1656 0.9771 -0.1338
vn -0.1655 0.9771 -0.1339
vn -0.1655 0.9771 -0.1340
vn 0.1655 0.9771 0.1339
vn 0.1655 0.9771 0.1340
vn 0.0472 0.9989 0.0075
vn 0.0477 0.9988 0.0073
vn 0.0472 0.9989 0.0079
vn -0.0393 0.9987 0.0315
vn -0.0000 0.9989 -0.0472
vn 0.0001 0.9989 -0.0474
vn 0.0075 0.9989 -0.0472
vn 0.0077 0.9989 -0.0473
vn 0.0077 0.9989 -0.0472
vn 0.0392 0.9987 0.0315
vn 0.0393 0.9987 0.0315
vn -0.0472 0.9989 -0.0001
vn -0.0472 0.9989 -0.0000
vn -0.0474 0.9989 -0.0001
vn -0.0475 0.9989 -0.0001
vn 0.0470 0.9988 0.0157
vn 0.0472 0.9988 0.0157
vn -0.0472 0.9989 -0.0075
vn -0.0472 0.9989 -0.0078
vn -0.0393 0.9987 -0.0315
vn -0.0393 0.9987 -0.0314
vn -0.0392 0.9987 -0.0313
vn 0.0315 0.9990 -0.0315
vn -0.0316 0.9990 -0.0316
vn -0.0315 0.9990 -0.0315
vn -0.0157 0.9988 0.0470
vn -0.0157 0.9988 0.0471
vn -0.0001 0.9989 0.0473
vn -0.0001 0.9989 0.0472
vn -0.0002 0.9989 0.0474
vn -0.0002 0.9989 0.0473
vn -0.0080 0.9989 0.0472
vn -0.0078 0.9989 0.0472
vn -0.0079 0.9989 0.0472
vn -0.0471 0.9988 -0.0157
vn -0.0472 0.9988 -0.0157
vn -0.0314 0.9987 0.0393
vn -0.0313 0.9987 0.0392
vn -0.0314 0.9987 0.0392
vn -0.0314 0.9987 0.0394
vn -0.0001 0.9989 -0.0472
vn -0.0315 0.9987 -0.0393
vn -0.0314 0.9987 -0.0393
vn 0.0472 0.9989 0.0001
vn 0.0472 0.9989 -0.0000
vn 0.0474 0.9989 0.0002
vn 0.0472 0.9989 -0.0002
vn 0.0472 0.9989 -0.0001
vn 0.0157 0.9988 -0.0470
vn 0.0157 0.9988 -0.0471
vn 0.0157 0.9988 -0.0473
vn 0.0314 0.9987 -0.0392
vn 0.0314 0.9987 -0.0393
vn 0.0315 0.9987 -0.0393
vn 0.0315 0.9987 0.0393
vn 0.0314 0.9987 0.0393
vn 0.0393 0.9987 -0.0315
vn 0.0393 0.9987 -0.0314
vn 0.0001 0.9989 0.0472
vn -0.0080 0.9989 0.0471
vn 0.0471 0.9989 -0.0078
vn 0.0393 0.9989 0.0236
vn 0.0395 0.9989 0.0239
vn 0.0393 0.9990 0.0235
vn -0.0237 0.9989 -0.0395
vn -0.0238 0.9989 -0.0395
vn -0.0237 0.9989 -0.0393
vn -0.0236 0.9989 0.0393
vn -0.0237 0.9989 0.0393
vn -0.0236 0.9989 0.0394
vn -0.0393 0.9989 0.0236
vn -0.0394 0.9989 0.0236
vn -0.0236 0.9989 -0.0395
vn -0.0473 0.9989 0.0076
vn -0.0472 0.9989 0.0079
vn -0.0471 0.9989 0.0078
vn 0.0079 0.9989 0.0472
vn 0.0078 0.9989 0.0471
vn 0.0236 0.9989 -0.0394
vn 0.0236 0.9986 -0.0472
vn -0.0078 0.9989 -0.0471
vn -0.0078 0.9989 -0.0472
vn -0.0079 0.9989 -0.0472
vn 0.0076 0.9988 0.0474
vn 0.0078 0.9989 0.0472
vn -0.0471 0.9989 -0.0080
vn -0.0394 0.9989 -0.0236
vn -0.0472 0.9986 -0.0236
vn -0.0393 0.9989 -0.0237
vn -0.0395 0.9989 -0.0239
vn -0.0393 0.9989 -0.0241
vn -0.0235 0.9989 0.0395
vn -0.0236 0.9986 0.0472
vn 0.0236 0.9989 0.0395
vn 0.0236 0.9989 0.0394
vn 0.0237 0.9989 0.0395
vn 0.0237 0.9989 0.0394
vn 0.0394 0.9989 -0.0236
vn -0.0156 0.9988 -0.0471
vn -0.0472 0.9988 0.0156
vn -0.0472 0.9988 0.0157
vn 0.0236 0.9989 0.0393
vn 0.0394 0.9989 0.0236
vn 0.0472 0.9986 0.0236
vn 0.0237 0.9989 -0.0393
vn 0.0238 0.9989 -0.0394
vn 0.0240 0.9989 -0.0393
vn 0.0237 0.9989 0.0393
vn 0.0472 0.9988 -0.0156
vn 0.0472 0.9988 -0.0157
vn 0.0471 0.9988 -0.0157
vn -0.0472 0.9989 0.0078
vn -0.0472 0.9989 0.0080
vn 0.0472 0.9989 -0.0078
vn 0.0157 0.9988 0.0471
vn -0.0157 0.9988 -0.0471
vn -0.0472 0.9988 -0.0156
vn 0.0236 -0.9907 0.1337
vn 0.0237 -0.9907 0.1337
vn -0.0079 -0.9910 0.1337
vn -0.0709 -0.9914 0.1102
vn -0.0708 -0.9914 0.1102
vn -0.0551 -0.9915 0.1180
vn -0.0551 -0.9915 0.1182
vn -0.0629 -0.9910 0.1180
vn -0.0630 -0.9910 0.1180
vn -0.0158 -0.9909 0.1337
vn -0.0158 -0.9909 0.1336
vn -0.0160 -0.9909 0.1338
vn -0.0160 -0.9909 0.1337
vn 0.1101 -0.9914 0.0708
vn 0.1102 -0.9914 0.0708
vn 0.1102 -0.9914 0.0709
vn 0.0394 -0.9913 0.1259
vn 0.0393 -0.9913 0.1259
vn 0.0157 -0.9909 0.1336
vn 0.0157 -0.9909 0.1337
vn 0.0156 -0.9909 0.1337
vn -0.1023 -0.9910 0.0865
vn -0.1022 -0.9910 0.0865
vn 0.1180 -0.9910 0.0629
vn -0.1102 -0.9914 0.0708
vn -0.1102 -0.9914 0.0709
vn -0.0469 -0.9909 0.1258
vn -0.0472 -0.9909 0.1258
vn -0.0470 -0.9909 0.1258
vn -0.0945 -0.9917 0.0866
vn -0.0945 -0.9918 0.0866
vn -0.0944 -0.9918 0.0866
vn 0.0080 -0.9910 0.1337
vn 0.0079 -0.9910 0.1337
vn 0.1337 -0.9910 0.0079
vn 0.1337 -0.9910 0.0077
vn -0.1337 -0.9907 0.0236
vn -0.1336 -0.9908 0.0236
vn 0.1258 -0.9909 0.0472
vn 0.1257 -0.9909 0.0471
vn 0.1258 -0.9909 0.0471
vn 0.0708 -0.9914 0.1102
vn 0.0709 -0.9914 0.1102
vn 0.0629 -0.9910 0.1180
vn 0.0630 -0.9910 0.1180
vn -0.0787 -0.9916 0.1023
vn -0.0865 -0.9910 0.1023
vn -0.0865 -0.9910 0.1022
vn 0.0787 -0.9916 0.1023
vn 0.0472 -0.9909 0.1258
vn 0.1337 -0.9907 -0.0236
vn 0.0866 -0.9917 0.0945
vn 0.0866 -0.9918 0.0945
vn 0.0866 -0.9918 0.0944
vn 0.1180 -0.9915 0.0551
vn -0.0236 -0.9907 0.1337
vn -0.0236 -0.9908 0.1336
vn -0.0393 -0.9913 0.1259
vn -0.0394 -0.9913 0.1259
vn 0.0551 -0.9915 0.1179
vn 0.0551 -0.9915 0.1180
vn 0.0551 -0.9915 0.1181
vn -0.1258 -0.9909 0.0472
vn -0.1258 -0.9909 0.0471
vn -0.1337 -0.9910 -0.0079
vn -0.1337 -0.9910 -0.0078
vn -0.1180 -0.9915 -0.0551
vn -0.1181 -0.9915 -0.0551
vn -0.1259 -0.9913 0.0393
vn -0.1259 -0.9913 0.0392
vn -0.1337 -0.9909 0.0157
vn -0.1336 -0.9909 0.0157
vn 0.1336 -0.9909 0.0157
vn 0.1335 -0.9909 0.0159
vn -0.0866 -0.9917 0.0945
vn -0.0866 -0.9918 0.0944
vn -0.0866 -0.9917 0.0946
vn -0.1337 -0.9909 -0.0157
vn -0.1336 -0.9909 -0.0157
vn -0.1181 -0.9915 0.0551
vn -0.1180 -0.9915 0.0551
vn -0.1180 -0.9910 0.0629
vn -0.1178 -0.9910 0.0630
vn -0.1179 -0.9910 0.0630
vn 0.0945 -0.9918 0.0866
vn 0.0944 -0.9918 0.0866
vn 0.1023 -0.9916 0.0787
vn 0.1022 -0.9910 0.0865
vn 0.1259 -0.9913 0.0393
vn 0.1259 -0.9915 0.0315
vn -0.1180 -0.9910 -0.0629
vn -0.1179 -0.9910 -0.0629
vn -0.1258 -0.9909 -0.0472
vn -0.1259 -0.9909 -0.0472
vn -0.1257 -0.9909 -0.0471
vn -0.1337 -0.9910 0.0079
vn -0.1336 -0.9910 0.0079
vn 0.1102 -0.9914 -0.0709
vn 0.1101 -0.9914 -0.0710
vn 0.1102 -0.9914 -0.0708
vn 0.1259 -0.9918 0.0236
vn 0.1260 -0.9918 0.0236
vn 0.1023 -0.9916 -0.0787
vn 0.1023 -0.9916 -0.0788
vn 0.1259 -0.9913 -0.0392
vn 0.1259 -0.9913 -0.0394
vn 0.1259 -0.9913 -0.0393
vn 0.1337 -0.9910 -0.0079
vn 0.1336 -0.9910 -0.0078
vn 0.1336 -0.9910 -0.0079
vn 0.1337 -0.9909 -0.0157
vn 0.1336 -0.9909 -0.0157
vn -0.1102 -0.9914 -0.0708
vn -0.1101 -0.9914 -0.0709
vn -0.1022 -0.9910 -0.0865
vn -0.1023 -0.9916 -0.0787
vn 0.1181 -0.9915 -0.0551
vn 0.1180 -0.9915 -0.0551
vn 0.1180 -0.9915 -0.0550
vn 0.1179 -0.9915 -0.0551
vn -0.0788 -0.9916 -0.1023
vn -0.0789 -0.9916 -0.1023
vn -0.0787 -0.9916 -0.1023
vn -0.1259 -0.9913 -0.0393
vn -0.1259 -0.9915 -0.0315
vn 0.0710 -0.9914 -0.1101
vn 0.0709 -0.9914 -0.1102
vn 0.0709 -0.9914 -0.1101
vn 0.1258 -0.9909 -0.0472
vn 0.1259 -0.9909 -0.0472
vn -0.0236 -0.9918 -0.1260
vn -0.0236 -0.9918 -0.1259
vn -0.0236 -0.9917 -0.1260
vn 0.0079 -0.9910 -0.1337
vn 0.0629 -0.9910 -0.1180
vn 0.0945 -0.9917 -0.0867
vn 0.0944 -0.9918 -0.0866
vn 0.0945 -0.9917 -0.0866
vn -0.0708 -0.9914 -0.1102
vn -0.0709 -0.9914 -0.1101
vn -0.1260 -0.9917 -0.0236
vn -0.1259 -0.9918 -0.0236
vn -0.1260 -0.9918 -0.0237
vn 0.0157 -0.9919 -0.1261
vn 0.0157 -0.9919 -0.1260
vn 0.0157 -0.9909 -0.1337
vn -0.0866 -0.9918 -0.0945
vn -0.0866 -0.9917 -0.0945
vn 0.0315 -0.9915 -0.1259
vn 0.0316 -0.9915 -0.1259
vn 0.0551 -0.9915 -0.1179
vn 0.0551 -0.9915 -0.1183
vn 0.0550 -0.9914 -0.1187
vn -0.0630 -0.9919 -0.1102
vn -0.0629 -0.9910 -0.1180
vn 0.0472 -0.9909 -0.1257
vn 0.0472 -0.9909 -0.1259
vn 0.0472 -0.9909 -0.1258
vn 0.1180 -0.9910 -0.0629
vn 0.1179 -0.9910 -0.0629
vn 0.1102 -0.9919 -0.0630
vn -0.0551 -0.9915 -0.1180
vn -0.0551 -0.9915 -0.1182
vn -0.0945 -0.9917 -0.0866
vn -0.0945 -0.9918 -0.0866
vn -0.0944 -0.9918 -0.0866
vn 0.0787 -0.9916 -0.1023
vn 0.0790 -0.9916 -0.1022
vn 0.0236 -0.9918 -0.1259
vn 0.0237 -0.9917 -0.1260
vn 0.0866 -0.9917 -0.0945
vn 0.0867 -0.9917 -0.0945
vn -0.0315 -0.9915 -0.1259
vn -0.0393 -0.9913 -0.1259
vn -0.0394 -0.9913 -0.1259
vn -0.0079 -0.9920 -0.1260
vn -0.0079 -0.9910 -0.1337
vn -0.0157 -0.9909 -0.1337
vn -0.0157 -0.9919 -0.1260
vn -0.0472 -0.9919 -0.1181
vn -0.0472 -0.9909 -0.1258
vn -0.0157 -0.9991 -0.0394
vn -0.0157 -0.9991 -0.0393
vn -0.0157 -0.9988 -0.0472
vn 0.0079 -0.9989 -0.0472
vn 0.0078 -0.9989 -0.0472
vn -0.0001 -0.9989 -0.0471
vn -0.0000 -0.9989 -0.0472
vn -0.0000 -0.9992 -0.0393
vn -0.0000 -0.9992 -0.0394
vn -0.0164 -0.9991 -0.0399
vn -0.0158 -0.9991 -0.0393
vn 0.0080 -0.9992 -0.0395
vn 0.0079 -0.9992 -0.0395
vn 0.0079 -0.9989 -0.0471
vn -0.0078 -0.9992 -0.0394
vn -0.0079 -0.9989 -0.0472
vn 0.0156 -0.9991 -0.0393
vn 0.0157 -0.9991 -0.0394
vn 0.0159 -0.9991 -0.0395
vn 0.0160 -0.9991 -0.0395
vn 0.0159 -0.9991 -0.0393
vn 0.0393 -0.9989 -0.0236
vn 0.0236 -0.9989 -0.0393
vn 0.0236 -0.9990 -0.0393
vn 0.0315 -0.9990 -0.0315
vn 0.0314 -0.9990 -0.0314
vn -0.0236 -0.9989 -0.0393
vn -0.0079 -0.9992 -0.0393
vn -0.0079 -0.9992 -0.0394
vn -0.0079 -0.9992 -0.0395
vn -0.0080 -0.9992 -0.0395
vn 0.0079 -0.9992 -0.0393
vn -0.0236 -0.9992 -0.0315
vn -0.0237 -0.9992 -0.0316
vn 0.0236 -0.9992 -0.0314
vn 0.0315 -0.9990 -0.0314
vn 0.0393 -0.9991 -0.0158
vn 0.0388 -0.9991 -0.0156
vn 0.0390 -0.9991 -0.0157
vn -0.0314 -0.9990 -0.0315
vn -0.0315 -0.9990 -0.0315
vn -0.0313 -0.9990 -0.0313
vn -0.0315 -0.9992 -0.0237
vn -0.0315 -0.9992 -0.0238
vn -0.0319 -0.9992 -0.0235
vn -0.0315 -0.9992 -0.0236
vn 0.0318 -0.9992 -0.0238
vn 0.0316 -0.9992 -0.0236
vn 0.0315 -0.9992 -0.0236
vn 0.0393 -0.9991 -0.0156
vn 0.0392 -0.9991 -0.0156
vn -0.0393 -0.9992 -0.0079
vn -0.0393 -0.9992 -0.0080
vn -0.0392 -0.9992 -0.0080
vn -0.0393 -0.9991 -0.0157
vn -0.0392 -0.9991 -0.0157
vn -0.0391 -0.9991 -0.0155
vn 0.0315 -0.9992 -0.0237
vn 0.0315 -0.9992 -0.0238
vn -0.0393 -0.9989 -0.0236
vn -0.0315 -0.9994 -0.0157
vn -0.0316 -0.9992 -0.0236
vn 0.0393 -0.9992 -0.0078
vn 0.0393 -0.9992 -0.0000
vn 0.0394 -0.9992 -0.0000
vn 0.0394 -0.9992 -0.0001
vn 0.0389 -0.9992 -0.0004
vn 0.0392 -0.9992 -0.0001
vn -0.0393 -0.9992 -0.0078
vn -0.0391 -0.9992 0.0003
vn -0.0392 -0.9992 0.0002
vn -0.0393 -0.9992 -0.0000
vn -0.0393 -0.9992 0.0001
vn 0.0393 -0.9992 -0.0079
vn 0.0393 -0.9992 -0.0080
vn -0.0393 -0.9992 0.0079
vn -0.0393 -0.9992 0.0078
vn -0.0393 -0.9992 -0.0002
vn 0.0392 -0.9992 0.0078
vn 0.0393 -0.9992 0.0078
vn 0.0393 -0.9992 0.0079
vn 0.0393 -0.9992 0.0001
vn -0.0392 -0.9992 0.0079
vn -0.0315 -0.9994 0.0157
vn -0.0316 -0.9994 0.0156
vn -0.0316 -0.9994 0.0157
vn -0.0393 -0.9991 0.0157
vn -0.0315 -0.9994 0.0159
vn 0.0316 -0.9994 0.0157
vn 0.0315 -0.9994 0.0157
vn 0.0315 -0.9994 0.0158
vn 0.0315 -0.9994 0.0156
vn 0.0314 -0.9995 0.0079
vn 0.0316 -0.9995 0.0079
vn 0.0317 -0.9994 0.0160
vn 0.0317 -0.9994 0.0161
vn -0.0236 -0.9994 0.0236
vn -0.0237 -0.9994 0.0237
vn -0.0236 -0.9994 0.0238
vn -0.0315 -0.9994 0.0156
vn 0.0238 -0.9994 0.0236
vn 0.0314 -0.9992 0.0236
vn 0.0236 -0.9994 0.0236
vn 0.0237 -0.9994 0.0237
vn 0.0238 -0.9994 0.0237
vn -0.0237 -0.9994 0.0236
vn -0.0238 -0.9994 0.0236
vn -0.0000 -0.9995 0.0316
vn -0.0000 -0.9992 0.0393
vn 0.0158 -0.9994 0.0311
vn 0.0158 -0.9994 0.0313
vn 0.0157 -0.9994 0.0315
vn 0.0159 -0.9994 0.0315
vn 0.0156 -0.9994 0.0315
vn -0.0157 -0.9994 0.0315
vn -0.0157 -0.9994 0.0314
vn -0.0158 -0.9994 0.0315
vn -0.0236 -0.9992 0.0315
vn -0.0079 -0.9995 0.0314
vn 0.0077 -0.9995 0.0316
vn 0.0079 -0.9995 0.0316
vn 0.0078 -0.9995 0.0315
vn -0.0080 -0.9995 0.0314
vn -0.0078 -0.9995 0.0315
vn -0.0156 -0.9994 0.0314
vn -0.0156 -0.9994 0.0313
vn -0.2124 0.9752 -0.0629
vn -0.2123 0.9752 -0.0629
vn -0.2122 0.9752 -0.0629
vn -0.2122 0.9752 -0.0628
vn 0.0628 0.9752 -0.2124
vn 0.0628 0.9752 -0.2123
vn 0.0629 0.9752 -0.2123
vn 0.0628 0.9752 -0.2122
vn -0.0628 0.9752 0.2124
vn -0.0629 0.9752 0.2123
vn 0.2124 0.9751 0.0629
vn 0.2124 0.9752 0.0629
vn 0.2122 0.9752 0.0629
vn 0.2201 0.9747 0.0393
vn 0.2127 0.9763 0.0394
vn -0.0393 0.9747 0.2201
vn -0.1804 0.9734 0.1413
vn -0.1729 0.9747 0.1415
vn -0.1731 0.9758 0.1338
vn 0.0393 0.9747 -0.2201
vn 0.1413 0.9734 0.1805
vn 0.1415 0.9747 0.1730
vn 0.1338 0.9758 0.1731
vn -0.2201 0.9747 -0.0393
vn 0.1731 0.9758 -0.1338
vn 0.1729 0.9747 -0.1415
vn 0.1804 0.9734 -0.1413
vn -0.1413 0.9734 -0.1806
vn -0.1415 0.9747 -0.1729
vn -0.1338 0.9758 -0.1731
vn -0.1886 0.9740 -0.1257
vn -0.1809 0.9754 -0.1258
vn -0.1809 0.9754 -0.1259
vn -0.1257 0.9740 0.1886
vn 0.1885 0.9740 0.1257
vn 0.1884 0.9740 0.1257
vn 0.1809 0.9754 0.1259
vn 0.1257 0.9740 -0.1885
vn 0.1257 0.9740 -0.1886
vn 0.1258 0.9754 -0.1809
vn 0.1258 0.9754 -0.1810
vn 0.2121 0.9741 0.0786
vn 0.2121 0.9741 0.0785
vn 0.2046 0.9757 0.0787
vn 0.1102 0.9758 -0.1890
vn 0.1100 0.9743 -0.1964
vn 0.1100 0.9743 -0.1965
vn -0.2121 0.9741 -0.0786
vn -0.2121 0.9741 -0.0785
vn -0.2046 0.9757 -0.0787
vn -0.1889 0.9758 -0.1102
vn -0.1964 0.9743 -0.1100
vn -0.1965 0.9743 -0.1100
vn 0.0786 0.9741 -0.2121
vn 0.0785 0.9741 -0.2121
vn 0.0785 0.9741 -0.2120
vn 0.0787 0.9757 -0.2046
vn 0.1890 0.9758 0.1102
vn 0.1964 0.9743 0.1100
vn 0.1965 0.9743 0.1100
vn -0.0786 0.9741 0.2121
vn -0.0785 0.9741 0.2121
vn -0.0787 0.9757 0.2046
vn -0.1102 0.9758 0.1889
vn -0.1100 0.9743 0.1964
vn -0.1100 0.9743 0.1966
vn -0.1494 0.9749 -0.1648
vn -0.1495 0.9749 -0.1650
vn -0.1571 0.9737 -0.1649
vn -0.1100 0.9743 -0.1965
vn -0.1100 0.9743 -0.1964
vn -0.0785 0.9741 -0.2121
vn -0.0786 0.9741 -0.2121
vn 0.1649 0.9737 -0.1571
vn 0.1649 0.9737 -0.1570
vn 0.1650 0.9749 -0.1495
vn 0.1651 0.9749 -0.1494
vn 0.1494 0.9749 0.1650
vn 0.1495 0.9749 0.1651
vn 0.1570 0.9737 0.1649
vn 0.1571 0.9737 0.1650
vn 0.2121 0.9741 -0.0786
vn 0.2120 0.9741 -0.0784
vn 0.2122 0.9741 -0.0786
vn 0.2121 0.9741 -0.0785
vn -0.2120 0.9741 0.0785
vn -0.2121 0.9741 0.0786
vn -0.1964 0.9743 0.1100
vn -0.1965 0.9743 0.1100
vn 0.0786 0.9741 0.2121
vn 0.0785 0.9741 0.2121
vn -0.1650 0.9749 0.1494
vn -0.1651 0.9749 0.1495
vn -0.1649 0.9737 0.1570
vn -0.1650 0.9737 0.1571
vn 0.1100 0.9743 0.1964
vn 0.1100 0.9744 0.1963
vn 0.1100 0.9743 0.1963
vn 0.1963 0.9744 -0.1100
vn 0.1963 0.9743 -0.1100
vn 0.1965 0.9743 -0.1101
vn 0.1964 0.9743 -0.1100
vn -0.2276 0.9735 0.0235
vn -0.2201 0.9752 0.0236
vn -0.2202 0.9752 0.0237
vn -0.0943 0.9744 -0.2043
vn -0.0939 0.9744 -0.2042
vn -0.0944 0.9743 -0.2043
vn 0.2277 0.9735 -0.0235
vn 0.2202 0.9752 -0.0236
vn 0.0943 0.9743 0.2043
vn 0.0943 0.9744 0.2043
vn 0.0942 0.9744 0.2042
vn 0.0940 0.9744 0.2040
vn 0.0235 0.9735 0.2277
vn 0.0236 0.9734 0.2277
vn 0.0236 0.9752 0.2202
vn -0.2044 0.9743 0.0943
vn -0.2043 0.9744 0.0943
vn -0.2042 0.9744 0.0939
vn 0.2044 0.9743 -0.0943
vn 0.2043 0.9744 -0.0943
vn 0.2042 0.9744 -0.0942
vn 0.2041 0.9744 -0.0940
vn -0.0235 0.9735 -0.2277
vn -0.0236 0.9734 -0.2277
vn -0.0236 0.9752 -0.2202
vn -0.1886 0.9740 0.1257
vn -0.1886 0.9740 0.1258
vn -0.1884 0.9740 0.1257
vn 0.1255 0.9741 0.1881
vn 0.1257 0.9740 0.1883
vn 0.1257 0.9740 0.1885
vn 0.1885 0.9740 -0.1257
vn 0.1883 0.9740 -0.1257
vn -0.1257 0.9740 -0.1885
vn -0.1258 0.9740 -0.1886
vn -0.1258 0.9740 -0.1884
vn -0.1256 0.9741 -0.1882
vn -0.0628 0.9735 -0.2198
vn -0.0629 0.9752 -0.2123
vn -0.0393 0.9747 -0.2201
vn -0.0471 0.9744 -0.2200
vn -0.0471 0.9726 -0.2275
vn -0.0469 0.9726 -0.2276
vn 0.2198 0.9735 -0.0628
vn 0.2199 0.9735 -0.0628
vn 0.2123 0.9752 -0.0629
vn 0.0393 0.9747 0.2201
vn 0.0473 0.9744 0.2200
vn 0.0469 0.9727 0.2273
vn 0.0469 0.9726 0.2276
vn -0.2199 0.9735 0.0628
vn -0.2198 0.9735 0.0628
vn -0.2123 0.9752 0.0629
vn -0.2201 0.9747 0.0393
vn -0.2200 0.9744 0.0471
vn -0.2275 0.9726 0.0471
vn -0.2280 0.9725 0.0466
vn 0.2201 0.9747 -0.0393
vn 0.2200 0.9744 -0.0472
vn 0.2274 0.9727 -0.0468
vn 0.2278 0.9726 -0.0468
vn 0.0628 0.9735 0.2198
vn 0.0629 0.9752 0.2123
vn -0.0236 0.9734 0.2277
vn -0.0235 0.9734 0.2277
vn -0.0236 0.9735 0.2277
vn 0.0237 0.9734 -0.2277
vn 0.0235 0.9734 -0.2277
vn 0.0236 0.9734 -0.2277
vn 0.0235 0.9735 -0.2277
vn -0.2043 0.9744 -0.0943
vn -0.2043 0.9743 -0.0943
vn -0.1413 0.9734 0.1804
vn -0.1412 0.9734 0.1804
vn -0.1413 0.9734 0.1805
vn -0.1412 0.9734 0.1805
vn 0.0943 0.9744 -0.2043
vn 0.0943 0.9743 -0.2043
vn 0.1413 0.9734 -0.1806
vn 0.1414 0.9733 -0.1807
vn 0.1412 0.9734 -0.1803
vn -0.2277 0.9735 -0.0235
vn -0.2277 0.9735 -0.0236
vn 0.2043 0.9743 0.0943
vn 0.2043 0.9744 0.0943
vn -0.0943 0.9743 0.2044
vn -0.0943 0.9744 0.2043
vn -0.0943 0.9743 0.2043
vn 0.1805 0.9734 0.1412
vn 0.1807 0.9733 0.1414
vn 0.1803 0.9734 0.1412
vn 0.1804 0.9734 0.1412
vn -0.1803 0.9734 -0.1412
vn -0.1806 0.9733 -0.1413
vn -0.1806 0.9734 -0.1413
vn -0.1808 0.9733 -0.1414
vn 0.2277 0.9735 0.0235
vn 0.2277 0.9734 0.0235
vn 0.2277 0.9734 0.0237
vn 0.2277 0.9737 0.0079
vn 0.2277 0.9737 0.0078
vn -0.2277 0.9737 0.0079
vn -0.0079 0.9737 -0.2277
vn -0.0078 0.9737 -0.2277
vn 0.1568 0.9724 -0.1725
vn 0.1568 0.9724 -0.1726
vn 0.1571 0.9737 -0.1649
vn 0.0078 0.9737 -0.2277
vn 0.0079 0.9737 -0.2277
vn -0.2277 0.9737 -0.0078
vn -0.2277 0.9737 -0.0079
vn -0.2278 0.9737 -0.0078
vn -0.1571 0.9737 0.1649
vn -0.1570 0.9737 0.1649
vn -0.1568 0.9725 0.1725
vn -0.0079 0.9737 0.2277
vn -0.0078 0.9737 0.2277
vn 0.0078 0.9737 0.2277
vn 0.0079 0.9737 0.2277
vn -0.1649 0.9737 -0.1571
vn 0.2276 0.9737 -0.0078
vn 0.2277 0.9737 -0.0078
vn 0.2277 0.9737 -0.0079
vn 0.1725 0.9725 0.1568
vn 0.1649 0.9737 0.1571
vn 0.1649 0.9737 0.1570
vn 0.0629 -0.9752 -0.2123
vn 0.0552 -0.9772 -0.2049
vn 0.0394 -0.9764 -0.2126
vn 0.0394 -0.9764 -0.2125
vn 0.0394 -0.9763 -0.2126
vn -0.1338 -0.9758 -0.1731
vn -0.1340 -0.9771 -0.1655
vn -0.2122 -0.9752 -0.0628
vn -0.2123 -0.9752 -0.0629
vn -0.2048 -0.9768 -0.0629
vn 0.1731 -0.9758 -0.1338
vn 0.0785 -0.9741 -0.2120
vn 0.0787 -0.9757 -0.2046
vn 0.0708 -0.9763 -0.2047
vn 0.0709 -0.9763 -0.2047
vn 0.1258 -0.9754 -0.1809
vn 0.1259 -0.9754 -0.1809
vn 0.1181 -0.9763 -0.1811
vn 0.1100 -0.9758 -0.1889
vn 0.1101 -0.9758 -0.1889
vn 0.1100 -0.9743 -0.1964
vn -0.0787 -0.9757 -0.2046
vn -0.0785 -0.9741 -0.2121
vn -0.1101 -0.9758 -0.1889
vn -0.1101 -0.9758 -0.1890
vn -0.1100 -0.9743 -0.1964
vn -0.1100 -0.9743 -0.1963
vn -0.1496 -0.9761 -0.1574
vn -0.1495 -0.9761 -0.1575
vn -0.1495 -0.9749 -0.1651
vn -0.1494 -0.9749 -0.1651
vn -0.1257 -0.9740 -0.1885
vn -0.1257 -0.9754 -0.1809
vn -0.1182 -0.9763 -0.1811
vn -0.0236 -0.9752 -0.2203
vn -0.0236 -0.9752 -0.2202
vn -0.0236 -0.9768 -0.2127
vn 0.1575 -0.9761 -0.1495
vn 0.1575 -0.9761 -0.1496
vn 0.1651 -0.9749 -0.1495
vn 0.1651 -0.9749 -0.1494
vn -0.1884 -0.9740 -0.1257
vn -0.1885 -0.9740 -0.1257
vn -0.1811 -0.9763 -0.1181
vn -0.2126 -0.9764 -0.0394
vn -0.2127 -0.9763 -0.0395
vn -0.2200 -0.9744 -0.0470
vn -0.2200 -0.9744 -0.0472
vn -0.0938 -0.9745 -0.2040
vn -0.0942 -0.9744 -0.2042
vn -0.0944 -0.9759 -0.1968
vn 0.0236 -0.9752 -0.2201
vn 0.0236 -0.9752 -0.2202
vn -0.1889 -0.9758 -0.1102
vn -0.1890 -0.9758 -0.1102
vn -0.1964 -0.9743 -0.1100
vn 0.1415 -0.9747 -0.1729
vn 0.1415 -0.9747 -0.1730
vn 0.1339 -0.9758 -0.1731
vn 0.1338 -0.9758 -0.1731
vn -0.0628 -0.9735 -0.2198
vn -0.0629 -0.9752 -0.2123
vn -0.0472 -0.9760 -0.2125
vn -0.0470 -0.9744 -0.2200
vn -0.0472 -0.9744 -0.2200
vn -0.2121 -0.9741 -0.0785
vn -0.2121 -0.9741 -0.0784
vn -0.2047 -0.9763 -0.0709
vn 0.0943 -0.9744 -0.2042
vn 0.0943 -0.9744 -0.2043
vn 0.0943 -0.9744 -0.2041
vn 0.1886 -0.9740 -0.1257
vn 0.1888 -0.9740 -0.1254
vn 0.1809 -0.9754 -0.1259
vn 0.1809 -0.9754 -0.1258
vn -0.1729 -0.9747 -0.1415
vn -0.1730 -0.9747 -0.1415
vn -0.1731 -0.9758 -0.1338
vn 0.2201 -0.9747 0.0393
vn 0.2200 -0.9744 0.0472
vn 0.2196 -0.9736 0.0628
vn 0.2198 -0.9735 0.0628
vn 0.2123 -0.9752 0.0629
vn 0.0078 -0.9737 -0.2277
vn 0.0079 -0.9737 -0.2277
vn -0.0078 -0.9737 -0.2276
vn -0.0079 -0.9737 -0.2277
vn -0.0078 -0.9737 -0.2277
vn 0.1963 -0.9743 -0.1100
vn 0.1964 -0.9743 -0.1100
vn 0.1965 -0.9743 -0.1100
vn 0.2043 -0.9744 -0.0943
vn 0.2042 -0.9744 -0.0943
vn 0.2120 -0.9741 -0.0785
vn 0.2121 -0.9741 -0.0785
vn 0.2124 -0.9740 -0.0784
vn 0.2126 -0.9740 -0.0784
vn 0.1570 -0.9737 -0.1649
vn 0.1494 -0.9749 -0.1651
vn -0.1649 -0.9737 -0.1571
vn -0.1651 -0.9749 -0.1494
vn -0.2045 -0.9743 -0.0942
vn -0.2044 -0.9743 -0.0943
vn -0.2043 -0.9744 -0.0943
vn -0.0629 -0.9752 0.2123
vn -0.0629 -0.9751 0.2124
vn -0.0629 -0.9735 0.2197
vn -0.0630 -0.9735 0.2198
vn -0.1729 -0.9747 0.1415
vn -0.1730 -0.9747 0.1415
vn -0.1806 -0.9734 0.1411
vn -0.1806 -0.9733 0.1413
vn 0.2198 -0.9735 -0.0628
vn 0.2199 -0.9735 -0.0628
vn 0.2122 -0.9752 -0.0629
vn 0.2123 -0.9752 -0.0629
vn 0.2277 -0.9734 -0.0235
vn 0.2277 -0.9734 -0.0236
vn 0.2202 -0.9752 -0.0236
vn 0.1414 -0.9733 0.1806
vn 0.1414 -0.9734 0.1802
vn 0.1415 -0.9747 0.1730
vn 0.1885 -0.9740 0.1257
vn 0.1885 -0.9740 0.1256
vn -0.2277 -0.9735 -0.0235
vn -0.2277 -0.9734 -0.0236
vn -0.2276 -0.9735 -0.0236
vn 0.2200 -0.9744 -0.0472
vn 0.2275 -0.9726 -0.0470
vn 0.2275 -0.9726 -0.0471
vn 0.2196 -0.9724 0.0784
vn 0.2122 -0.9741 0.0786
vn 0.2122 -0.9741 0.0785
vn 0.2121 -0.9741 0.0786
vn -0.2275 -0.9735 0.0237
vn -0.2277 -0.9735 0.0236
vn -0.2277 -0.9735 0.0235
vn -0.2277 -0.9734 0.0236
vn 0.1965 -0.9743 0.1101
vn 0.1965 -0.9743 0.1100
vn 0.1964 -0.9743 0.1100
vn 0.2038 -0.9719 0.1176
vn -0.1651 -0.9749 0.1494
vn -0.1651 -0.9749 0.1493
vn -0.1738 -0.9720 0.1581
vn -0.1735 -0.9720 0.1585
vn -0.2197 -0.9735 0.0628
vn -0.2196 -0.9736 0.0626
vn -0.2198 -0.9735 0.0628
vn -0.2199 -0.9735 0.0628
vn 0.2276 -0.9735 0.0237
vn 0.2277 -0.9734 0.0236
vn 0.2277 -0.9735 0.0235
vn 0.2277 -0.9735 0.0236
vn -0.0393 -0.9747 0.2201
vn -0.0475 -0.9722 0.2292
vn -0.0473 -0.9722 0.2293
vn -0.1254 -0.9740 0.1887
vn -0.1256 -0.9740 0.1886
vn -0.1255 -0.9725 0.1961
vn -0.2213 -0.9720 0.0790
vn -0.2196 -0.9724 0.0784
vn -0.2122 -0.9741 0.0787
vn -0.2121 -0.9741 0.0786
vn 0.1494 -0.9749 0.1651
vn 0.1570 -0.9737 0.1649
vn 0.1580 -0.9720 0.1739
vn 0.1581 -0.9720 0.1738
vn -0.2277 -0.9737 -0.0078
vn -0.2277 -0.9737 -0.0079
vn 0.2118 -0.9728 0.0941
vn 0.2117 -0.9728 0.0941
vn 0.2277 -0.9737 -0.0079
vn 0.2277 -0.9737 -0.0078
vn 0.1805 -0.9734 0.1413
vn 0.1807 -0.9733 0.1414
vn 0.1808 -0.9733 0.1414
vn -0.2043 -0.9744 0.0943
vn -0.2118 -0.9728 0.0942
vn -0.2134 -0.9723 0.0950
vn 0.0949 -0.9723 0.2134
vn 0.0943 -0.9744 0.2043
vn -0.2054 -0.9715 0.1185
vn -0.2053 -0.9715 0.1184
vn -0.1964 -0.9743 0.1100
vn 0.2277 -0.9737 0.0079
vn 0.2277 -0.9737 0.0078
vn -0.0785 -0.9741 0.2122
vn -0.0786 -0.9741 0.2121
vn -0.0790 -0.9720 0.2213
vn -0.1185 -0.9715 0.2054
vn -0.1100 -0.9743 0.1965
vn -0.1885 -0.9740 0.1257
vn -0.1976 -0.9721 0.1265
vn -0.2277 -0.9737 0.0078
vn -0.2277 -0.9737 0.0079
vn 0.1100 -0.9743 0.1964
vn 0.1185 -0.9715 0.2053
vn 0.1185 -0.9715 0.2054
vn -0.1413 -0.9734 0.1806
vn -0.1413 -0.9734 0.1805
vn -0.1424 -0.9729 0.1820
vn -0.1424 -0.9729 0.1819
vn 0.1342 -0.9711 0.1974
vn 0.1257 -0.9740 0.1885
vn 0.0236 -0.9734 0.2277
vn 0.0237 -0.9712 0.2369
vn 0.0238 -0.9713 0.2369
vn 0.0785 -0.9724 0.2196
vn 0.0784 -0.9724 0.2196
vn 0.0790 -0.9720 0.2213
vn 0.1738 -0.9720 0.1581
vn 0.1724 -0.9725 0.1569
vn 0.1726 -0.9724 0.1569
vn 0.0470 -0.9727 0.2273
vn 0.0471 -0.9726 0.2275
vn 0.0473 -0.9704 0.2367
vn -0.1581 -0.9720 0.1738
vn -0.0237 -0.9712 0.2369
vn -0.0316 -0.9710 0.2368
vn -0.1027 -0.9716 0.2133
vn -0.0950 -0.9723 0.2134
vn -0.0949 -0.9723 0.2134
vn 0.0632 -0.9714 0.2290
vn 0.0633 -0.9713 0.2292
vn 0.0632 -0.9714 0.2289
vn 0.0628 -0.9735 0.2199
vn -0.0079 -0.9715 0.2369
vn -0.0080 -0.9715 0.2369
vn 0.0079 -0.9715 0.2369
vn -0.6528 -0.7470 0.1259
vn -0.4487 -0.8895 0.0867
vn -0.6566 -0.7435 0.1266
vn -0.4487 -0.8895 0.0866
vn -0.2275 -0.9726 0.0470
vn -0.2200 -0.9744 0.0470
vn 0.1343 0.7428 0.6559
vn 0.1266 0.7436 0.6566
vn 0.1258 0.7471 0.6527
vn 0.1259 0.7471 0.6527
vn -0.6559 0.7428 0.1344
vn -0.6566 0.7435 0.1265
vn -0.6527 0.7471 0.1259
vn 0.6559 0.7428 -0.1343
vn 0.6566 0.7436 -0.1267
vn 0.6527 0.7471 -0.1259
vn 0.6527 0.7471 -0.1258
vn -0.1343 0.7428 -0.6559
vn -0.1266 0.7436 -0.6565
vn -0.1259 0.7471 -0.6527
vn -0.1258 0.7471 -0.6527
vn -0.5204 0.7491 -0.4100
vn -0.5206 0.7489 -0.4100
vn -0.5275 0.7400 -0.4173
vn 0.2765 0.7505 -0.6003
vn 0.2827 0.7382 -0.6125
vn 0.6003 0.7504 0.2766
vn 0.6003 0.7504 0.2765
vn 0.6124 0.7382 0.2827
vn 0.6124 0.7383 0.2826
vn 0.5204 0.7491 0.4100
vn 0.5206 0.7489 0.4101
vn 0.5275 0.7400 0.4173
vn 0.5275 0.7400 0.4172
vn -0.4100 0.7490 0.5205
vn -0.4100 0.7489 0.5206
vn -0.4173 0.7400 0.5275
vn -0.4172 0.7400 0.5275
vn -0.2766 0.7504 0.6003
vn -0.2765 0.7504 0.6003
vn -0.2827 0.7382 0.6125
vn -0.6003 0.7504 -0.2766
vn -0.6004 0.7504 -0.2765
vn -0.6124 0.7383 -0.2827
vn -0.6125 0.7383 -0.2826
vn 0.4100 0.7490 -0.5204
vn 0.4100 0.7489 -0.5206
vn 0.4172 0.7400 -0.5275
vn 0.4173 0.7400 -0.5275
vn -0.0788 0.7394 -0.6686
vn -0.0787 0.7394 -0.6687
vn -0.0792 0.7431 -0.6645
vn -0.0791 0.7433 -0.6643
vn 0.6686 0.7394 -0.0787
vn 0.6687 0.7394 -0.0787
vn 0.6644 0.7432 -0.0792
vn 0.6643 0.7433 -0.0792
vn 0.0787 0.7394 0.6686
vn 0.0786 0.7394 0.6687
vn 0.0791 0.7432 0.6644
vn 0.0793 0.7431 0.6645
vn -0.6687 0.7394 0.0786
vn -0.6687 0.7394 0.0787
vn -0.6644 0.7431 0.0792
vn -0.6646 0.7430 0.0793
vn 0.4570 0.7327 -0.5042
vn 0.4490 0.7483 -0.4883
vn -0.5042 0.7327 -0.4570
vn -0.5043 0.7327 -0.4570
vn -0.4883 0.7483 -0.4490
vn -0.4570 0.7327 0.5043
vn -0.4490 0.7483 0.4883
vn -0.4490 0.7482 0.4884
vn 0.5042 0.7327 0.4571
vn 0.5043 0.7327 0.4570
vn 0.4884 0.7483 0.4490
vn 0.4883 0.7483 0.4490
vn 0.6704 0.7413 0.0315
vn 0.6705 0.7413 0.0315
vn 0.6704 0.7414 0.0315
vn 0.6703 0.7414 0.0315
vn -0.0315 0.7414 -0.6703
vn -0.0315 0.7413 -0.6704
vn -0.0316 0.7413 -0.6704
vn -0.0316 0.7414 -0.6704
vn 0.6704 0.7414 -0.0315
vn 0.6704 0.7414 -0.0316
vn 0.6704 0.7413 -0.0316
vn 0.0315 0.7413 0.6704
vn 0.0315 0.7413 0.6705
vn 0.0315 0.7414 0.6704
vn -0.6704 0.7414 0.0315
vn -0.6704 0.7413 0.0316
vn -0.6705 0.7413 -0.0315
vn -0.6704 0.7413 -0.0315
vn -0.6703 0.7414 -0.0316
vn -0.6704 0.7414 -0.0316
vn -0.0316 0.7414 0.6704
vn -0.0315 0.7413 0.6704
vn 0.0315 0.7413 -0.6704
vn 0.0315 0.7412 -0.6705
vn 0.1735 0.7494 0.6390
vn 0.1803 0.7446 0.6427
vn 0.1891 0.7326 0.6539
vn -0.6391 0.7493 0.1736
vn -0.6427 0.7446 0.1801
vn -0.6008 0.7272 -0.3320
vn -0.5750 0.7483 -0.3308
vn -0.1736 0.7494 -0.6390
vn -0.1803 0.7446 -0.6427
vn -0.1891 0.7326 -0.6539
vn -0.1880 0.7289 -0.6583
vn 0.6390 0.7494 -0.1735
vn 0.6427 0.7446 -0.1803
vn 0.6538 0.7326 -0.1891
vn 0.3321 0.7272 -0.6007
vn 0.3307 0.7483 -0.5751
vn 0.3308 0.7483 -0.5750
vn 0.5992 0.7253 0.3389
vn 0.5974 0.7309 0.3301
vn 0.5750 0.7483 0.3308
vn -0.3390 0.7253 0.5992
vn -0.3308 0.7483 0.5750
vn 0.3707 0.7411 0.5598
vn 0.3706 0.7411 0.5598
vn 0.5598 0.7411 -0.3706
vn 0.5667 0.7321 -0.3779
vn -0.5599 0.7411 0.3706
vn -0.5599 0.7410 0.3707
vn -0.5667 0.7321 0.3779
vn -0.3706 0.7412 -0.5598
vn -0.3707 0.7411 -0.5598
vn -0.3779 0.7320 -0.5668
vn -0.6310 0.7413 -0.2287
vn -0.6357 0.7377 -0.2276
vn -0.6439 0.7304 -0.2277
vn -0.6439 0.7304 -0.2278
vn -0.6298 0.7400 0.2362
vn -0.6298 0.7400 0.2361
vn 0.2288 0.7414 -0.6309
vn 0.2276 0.7376 -0.6357
vn 0.2278 0.7304 -0.6439
vn -0.2288 0.7413 0.6310
vn -0.2276 0.7377 0.6357
vn -0.2278 0.7303 0.6440
vn 0.2363 0.7327 0.6382
vn 0.2364 0.7327 0.6382
vn 0.2362 0.7400 0.6298
vn 0.2361 0.7400 0.6298
vn 0.6310 0.7413 0.2287
vn 0.6356 0.7377 0.2277
vn 0.6439 0.7304 0.2277
vn 0.6440 0.7304 0.2278
vn 0.6382 0.7327 -0.2364
vn 0.6382 0.7327 -0.2363
vn 0.6298 0.7400 -0.2362
vn -0.2364 0.7327 -0.6382
vn -0.2362 0.7400 -0.6298
vn 0.3390 0.7253 0.5991
vn 0.3390 0.7253 0.5992
vn 0.3297 0.7380 0.5888
vn 0.3313 0.7414 0.5836
vn -0.5992 0.7253 0.3390
vn -0.5888 0.7380 0.3297
vn -0.5835 0.7414 0.3313
vn -0.5598 0.7411 -0.3706
vn -0.5599 0.7411 -0.3706
vn -0.5753 0.7252 -0.3783
vn 0.5598 0.7411 0.3707
vn 0.5598 0.7411 0.3706
vn 0.5992 0.7253 -0.3390
vn 0.5991 0.7253 -0.3390
vn 0.5887 0.7380 -0.3297
vn 0.5836 0.7414 -0.3313
vn -0.3707 0.7411 0.5598
vn -0.3706 0.7411 0.5598
vn -0.3390 0.7253 -0.5992
vn -0.3298 0.7380 -0.5887
vn -0.3313 0.7414 -0.5836
vn 0.3706 0.7411 -0.5598
vn 0.3707 0.7411 -0.5598
vn 0.3783 0.7252 -0.5752
vn -0.2827 0.7382 -0.6124
vn -0.2827 0.7381 -0.6126
vn -0.2917 0.7257 -0.6231
vn -0.2918 0.7257 -0.6231
vn 0.6125 0.7382 -0.2827
vn -0.6125 0.7383 0.2826
vn -0.6125 0.7382 0.2827
vn 0.2826 0.7382 0.6125
vn 0.2828 0.7382 0.6124
vn 0.2917 0.7257 0.6231
vn 0.6930 0.7166 0.0787
vn 0.6930 0.7167 0.0788
vn 0.6686 0.7395 0.0786
vn 0.6685 0.7395 0.0787
vn -0.6930 0.7166 -0.0788
vn -0.6930 0.7166 -0.0787
vn -0.6686 0.7394 -0.0787
vn 0.0786 0.7166 -0.6930
vn 0.0788 0.7166 -0.6930
vn 0.0787 0.7319 -0.6769
vn 0.0787 0.7394 -0.6687
vn -0.0788 0.7166 0.6930
vn -0.0787 0.7394 0.6687
vn -0.1891 0.7326 0.6538
vn -0.1883 0.7289 0.6582
vn -0.1892 0.7251 0.6621
vn -0.1892 0.7252 0.6621
vn 0.1891 0.7326 -0.6539
vn 0.1882 0.7288 -0.6583
vn 0.1892 0.7252 -0.6621
vn 0.1892 0.7251 -0.6621
vn 0.6539 0.7326 0.1891
vn 0.6583 0.7289 0.1881
vn 0.6621 0.7252 0.1892
vn 0.6621 0.7251 0.1892
vn -0.6539 0.7326 -0.1891
vn -0.6583 0.7289 -0.1881
vn -0.6621 0.7251 -0.1892
vn -0.4321 0.7148 -0.5499
vn -0.4345 0.7109 -0.5530
vn 0.5362 0.7335 -0.4178
vn 0.5363 0.7333 -0.4180
vn 0.5499 0.7148 -0.4321
vn 0.5530 0.7110 -0.4345
vn 0.4179 0.7334 0.5362
vn 0.4320 0.7148 0.5499
vn 0.4345 0.7110 0.5529
vn -0.5363 0.7333 0.4180
vn -0.5498 0.7148 0.4321
vn -0.5530 0.7110 0.4345
vn 0.4728 0.7171 0.5122
vn 0.4728 0.7170 0.5122
vn 0.4631 0.7301 0.5025
vn 0.4571 0.7327 0.5042
vn 0.5122 0.7170 -0.4728
vn 0.5122 0.7171 -0.4728
vn 0.5024 0.7301 -0.4631
vn 0.5043 0.7327 -0.4570
vn -0.5122 0.7170 0.4728
vn -0.5025 0.7301 0.4631
vn -0.5043 0.7328 0.4569
vn -0.4728 0.7170 -0.5122
vn -0.4570 0.7327 -0.5042
vn -0.1338 0.7240 0.6767
vn -0.1338 0.7163 0.6848
vn -0.1339 0.7164 0.6848
vn 0.6767 0.7240 0.1338
vn 0.6768 0.7239 0.1338
vn 0.6848 0.7164 0.1338
vn 0.6847 0.7164 0.1339
vn 0.1338 0.7239 -0.6768
vn 0.1338 0.7163 -0.6848
vn 0.1341 0.7165 -0.6846
vn -0.6768 0.7239 -0.1338
vn -0.6767 0.7240 -0.1338
vn -0.6848 0.7164 -0.1339
vn -0.6848 0.7163 -0.1341
vn 0.1265 -0.7436 0.6566
vn 0.1266 -0.7436 0.6566
vn 0.1258 -0.7471 0.6527
vn 0.1259 -0.7471 0.6527
vn 0.6566 -0.7435 -0.1267
vn 0.6566 -0.7436 -0.1267
vn 0.6527 -0.7471 -0.1258
vn 0.6527 -0.7471 -0.1259
vn -0.1266 -0.7436 -0.6566
vn -0.1266 -0.7436 -0.6565
vn -0.1258 -0.7471 -0.6527
vn -0.4173 -0.7400 0.5275
vn -0.4172 -0.7400 0.5275
vn -0.4100 -0.7491 0.5204
vn -0.4100 -0.7490 0.5204
vn 0.6003 -0.7504 0.2765
vn 0.6053 -0.7469 0.2752
vn 0.6124 -0.7383 0.2827
vn 0.6124 -0.7382 0.2828
vn -0.5204 -0.7491 -0.4100
vn -0.5276 -0.7400 -0.4173
vn -0.5275 -0.7400 -0.4173
vn 0.5204 -0.7491 0.4099
vn 0.5204 -0.7491 0.4100
vn 0.5275 -0.7400 0.4172
vn 0.5275 -0.7400 0.4173
vn -0.6004 -0.7504 -0.2765
vn -0.6053 -0.7469 -0.2752
vn -0.6076 -0.7417 -0.2841
vn -0.6124 -0.7382 -0.2827
vn 0.2765 -0.7503 -0.6004
vn 0.2752 -0.7469 -0.6053
vn 0.2841 -0.7417 -0.6076
vn 0.2827 -0.7382 -0.6125
vn -0.2827 -0.7382 0.6125
vn -0.2841 -0.7417 0.6076
vn -0.2752 -0.7469 0.6053
vn -0.2765 -0.7503 0.6005
vn 0.4100 -0.7490 -0.5204
vn 0.4173 -0.7400 -0.5275
vn 0.0789 -0.7395 0.6686
vn 0.0787 -0.7394 0.6686
vn 0.0792 -0.7433 0.6643
vn 0.0793 -0.7432 0.6643
vn 0.6686 -0.7394 -0.0787
vn 0.6643 -0.7433 -0.0792
vn -0.4490 -0.7482 0.4884
vn -0.4490 -0.7483 0.4884
vn -0.4650 -0.7330 0.4965
vn -0.4632 -0.7301 0.5024
vn -0.6643 -0.7433 0.0791
vn -0.6644 -0.7432 0.0792
vn -0.6687 -0.7394 0.0786
vn -0.6687 -0.7394 0.0785
vn 0.5024 -0.7301 0.4632
vn 0.4965 -0.7330 0.4650
vn 0.4884 -0.7483 0.4490
vn -0.0787 -0.7394 -0.6686
vn -0.0786 -0.7394 -0.6686
vn -0.0791 -0.7433 -0.6642
vn -0.0791 -0.7433 -0.6643
vn 0.4632 -0.7302 -0.5023
vn 0.4650 -0.7330 -0.4965
vn 0.4490 -0.7483 -0.4884
vn -0.5024 -0.7301 -0.4632
vn -0.4965 -0.7330 -0.4650
vn -0.4883 -0.7483 -0.4489
vn -0.4884 -0.7483 -0.4489
vn 0.6704 -0.7413 -0.0315
vn 0.6703 -0.7414 -0.0316
vn -0.0315 -0.7413 -0.6704
vn -0.0316 -0.7414 -0.6704
vn -0.0316 -0.7414 -0.6703
vn 0.0315 -0.7414 0.6704
vn 0.0315 -0.7413 0.6705
vn 0.0315 -0.7413 0.6704
vn -0.6705 -0.7413 0.0315
vn -0.6703 -0.7414 0.0316
vn -0.6746 -0.7375 0.0314
vn 0.0316 -0.7413 -0.6704
vn 0.0315 -0.7413 -0.6704
vn 0.0315 -0.7414 -0.6704
vn 0.1812 -0.7484 0.6380
vn 0.1812 -0.7483 0.6381
vn 0.1815 -0.7337 0.6548
vn 0.1805 -0.7299 0.6593
vn -0.6704 -0.7413 -0.0315
vn -0.6704 -0.7413 -0.0316
vn -0.6746 -0.7375 -0.0314
vn -0.0314 -0.7375 0.6746
vn -0.0314 -0.7374 0.6747
vn -0.0315 -0.7413 0.6705
vn -0.0315 -0.7413 0.6704
vn 0.6381 -0.7483 -0.1812
vn 0.6548 -0.7336 -0.1815
vn 0.6593 -0.7299 -0.1805
vn -0.1812 -0.7483 -0.6381
vn -0.1812 -0.7483 -0.6382
vn -0.1815 -0.7337 -0.6547
vn -0.1805 -0.7299 -0.6593
vn 0.6704 -0.7413 0.0315
vn 0.6705 -0.7413 0.0315
vn 0.6703 -0.7414 0.0315
vn -0.6593 -0.7299 0.1806
vn -0.6548 -0.7337 0.1814
vn -0.6381 -0.7483 0.1812
vn -0.6382 -0.7483 0.1812
vn -0.5991 -0.7254 -0.3390
vn -0.5957 -0.7290 -0.3372
vn -0.5817 -0.7468 -0.3223
vn -0.5766 -0.7502 -0.3237
vn -0.3238 -0.7502 0.5765
vn -0.3224 -0.7468 0.5817
vn -0.3372 -0.7290 0.5957
vn -0.3390 -0.7253 0.5991
vn 0.3390 -0.7253 -0.5991
vn 0.3372 -0.7290 -0.5957
vn 0.3224 -0.7468 -0.5817
vn 0.3238 -0.7502 -0.5765
vn 0.5991 -0.7254 0.3390
vn 0.5957 -0.7290 0.3371
vn 0.5817 -0.7468 0.3223
vn 0.5765 -0.7502 0.3238
vn 0.5582 -0.7390 -0.3773
vn 0.5668 -0.7321 -0.3778
vn 0.5668 -0.7321 -0.3779
vn -0.3774 -0.7390 -0.5581
vn -0.3773 -0.7389 -0.5582
vn -0.3778 -0.7322 -0.5667
vn -0.3778 -0.7323 -0.5666
vn -0.5667 -0.7322 0.3778
vn -0.5668 -0.7321 0.3779
vn -0.5582 -0.7390 0.3773
vn -0.5582 -0.7390 0.3772
vn 0.3773 -0.7390 0.5582
vn 0.3778 -0.7322 0.5668
vn 0.3778 -0.7322 0.5667
vn 0.2276 -0.7377 -0.6356
vn 0.2352 -0.7290 -0.6428
vn -0.2364 -0.7327 -0.6382
vn -0.2362 -0.7400 -0.6298
vn -0.2362 -0.7399 -0.6298
vn -0.6357 -0.7376 -0.2276
vn -0.6356 -0.7377 -0.2276
vn -0.6428 -0.7291 -0.2351
vn -0.6428 -0.7290 -0.2352
vn -0.2352 -0.7290 0.6428
vn -0.2353 -0.7290 0.6428
vn -0.2277 -0.7377 0.6356
vn -0.2276 -0.7377 0.6356
vn 0.6382 -0.7326 -0.2364
vn 0.6382 -0.7327 -0.2364
vn 0.6298 -0.7399 -0.2362
vn 0.6297 -0.7400 -0.2362
vn 0.2364 -0.7327 0.6382
vn 0.2362 -0.7400 0.6298
vn 0.6355 -0.7378 0.2276
vn 0.6357 -0.7377 0.2275
vn 0.6428 -0.7290 0.2352
vn 0.6428 -0.7290 0.2353
vn -0.6298 -0.7400 0.2362
vn -0.6382 -0.7327 0.2364
vn 0.3391 -0.7253 0.5992
vn 0.3390 -0.7253 0.5992
vn 0.3313 -0.7414 0.5836
vn 0.3312 -0.7414 0.5836
vn -0.3850 -0.7230 0.5736
vn -0.3783 -0.7251 0.5754
vn -0.3706 -0.7411 0.5598
vn 0.3706 -0.7411 -0.5599
vn 0.3706 -0.7411 -0.5598
vn 0.3783 -0.7252 -0.5753
vn 0.3783 -0.7251 -0.5754
vn 0.5599 -0.7411 0.3706
vn 0.5598 -0.7411 0.3706
vn 0.5754 -0.7251 0.3783
vn -0.5836 -0.7414 0.3313
vn -0.5992 -0.7253 0.3390
vn -0.5992 -0.7253 0.3389
vn -0.3390 -0.7253 -0.5991
vn -0.3390 -0.7254 -0.5991
vn -0.3313 -0.7414 -0.5836
vn -0.3313 -0.7413 -0.5837
vn -0.5598 -0.7411 -0.3706
vn -0.5754 -0.7251 -0.3783
vn 0.5992 -0.7253 -0.3390
vn 0.5836 -0.7414 -0.3312
vn 0.6125 -0.7382 -0.2827
vn 0.6245 -0.7273 -0.2846
vn -0.2827 -0.7382 -0.6125
vn -0.2846 -0.7274 -0.6245
vn -0.6245 -0.7273 0.2846
vn -0.6125 -0.7382 0.2827
vn -0.6124 -0.7382 0.2827
vn 0.2827 -0.7382 0.6125
vn 0.2828 -0.7381 0.6126
vn 0.2845 -0.7273 0.6245
vn 0.2846 -0.7273 0.6245
vn -0.0787 -0.7166 0.6930
vn -0.0788 -0.7166 0.6930
vn -0.0787 -0.7319 0.6768
vn -0.0708 -0.7399 0.6690
vn 0.0787 -0.7166 -0.6930
vn 0.0788 -0.7166 -0.6930
vn 0.0787 -0.7319 -0.6768
vn 0.0708 -0.7399 -0.6690
vn -0.6931 -0.7166 -0.0788
vn -0.6930 -0.7166 -0.0788
vn -0.6768 -0.7319 -0.0787
vn -0.6690 -0.7399 -0.0708
vn 0.6930 -0.7166 0.0788
vn 0.6768 -0.7319 0.0787
vn 0.6690 -0.7398 0.0709
vn 0.6584 -0.7288 0.1881
vn 0.6583 -0.7289 0.1883
vn 0.6621 -0.7252 0.1892
vn -0.1892 -0.7251 0.6621
vn -0.1883 -0.7287 0.6584
vn -0.1881 -0.7289 0.6583
vn -0.6584 -0.7288 -0.1881
vn -0.6584 -0.7288 -0.1883
vn -0.6621 -0.7251 -0.1892
vn -0.6622 -0.7251 -0.1892
vn 0.1881 -0.7289 -0.6582
vn 0.1883 -0.7289 -0.6583
vn 0.1892 -0.7251 -0.6621
vn 0.1892 -0.7252 -0.6621
vn -0.4180 -0.7334 -0.5362
vn -0.4244 -0.7310 -0.5344
vn -0.4321 -0.7148 -0.5499
vn -0.4345 -0.7109 -0.5530
vn 0.4179 -0.7334 0.5362
vn 0.4244 -0.7309 0.5344
vn 0.4321 -0.7148 0.5498
vn 0.4344 -0.7110 0.5530
vn -0.5530 -0.7110 0.4343
vn -0.5499 -0.7148 0.4320
vn -0.5345 -0.7309 0.4244
vn -0.5362 -0.7333 0.4179
vn 0.5362 -0.7334 -0.4179
vn 0.5344 -0.7310 -0.4244
vn 0.5498 -0.7148 -0.4321
vn 0.5530 -0.7110 -0.4345
vn -0.5024 -0.7301 0.4632
vn -0.5179 -0.7142 0.4709
vn -0.5179 -0.7142 0.4708
vn -0.4709 -0.7141 -0.5180
vn -0.4633 -0.7301 -0.5023
vn -0.4632 -0.7301 -0.5024
vn 0.4710 -0.7141 0.5180
vn 0.4709 -0.7142 0.5179
vn 0.4635 -0.7300 0.5023
vn 0.4632 -0.7301 0.5024
vn 0.5180 -0.7141 -0.4710
vn 0.5179 -0.7142 -0.4709
vn 0.5024 -0.7300 -0.4633
vn 0.5025 -0.7300 -0.4632
vn -0.6767 -0.7240 -0.1338
vn -0.6848 -0.7163 -0.1339
vn -0.6849 -0.7162 -0.1340
vn 0.6767 -0.7240 0.1338
vn 0.6848 -0.7163 0.1340
vn 0.6848 -0.7163 0.1339
vn -0.1338 -0.7240 0.6767
vn -0.1338 -0.7163 0.6848
vn -0.1340 -0.7163 0.6848
vn 0.1338 -0.7240 -0.6767
vn 0.1338 -0.7163 -0.6848
vn 0.1338 -0.7163 -0.6849
vt 0.911307 0.962730
vt 0.912613 0.962630
vt 0.911307 0.964805
vt 0.912613 0.964693
vt 0.969004 0.900092
vt 0.967703 0.900269
vt 0.969004 0.898294
vt 0.967703 0.898457
vt 0.967703 0.906521
vt 0.969008 0.906357
vt 0.967703 0.908324
vt 0.969008 0.908174
vt 0.967703 0.802716
vt 0.969004 0.802886
vt 0.967703 0.804574
vt 0.969004 0.804731
vt 0.963949 0.876570
vt 0.965255 0.876708
vt 0.963949 0.878540
vt 0.965255 0.878666
vt 0.026669 0.969514
vt 0.027975 0.969362
vt 0.026669 0.971298
vt 0.027975 0.971133
vt 0.967703 0.770089
vt 0.969009 0.770240
vt 0.967703 0.771973
vt 0.969009 0.772111
vt 0.564094 0.962630
vt 0.565400 0.962728
vt 0.564094 0.964773
vt 0.565400 0.964857
vt 0.969008 0.963310
vt 0.967703 0.963155
vt 0.969008 0.961528
vt 0.967703 0.961360
vt 0.960128 0.755373
vt 0.961434 0.755353
vt 0.960128 0.757687
vt 0.961434 0.757638
vt 0.967703 0.831350
vt 0.969008 0.831495
vt 0.967703 0.833190
vt 0.969008 0.833348
vt 0.967703 0.786558
vt 0.969008 0.786414
vt 0.967703 0.788432
vt 0.969008 0.788274
vt 0.103193 0.962630
vt 0.104496 0.962654
vt 0.103193 0.964956
vt 0.104496 0.964952
vt 0.961431 0.744501
vt 0.960128 0.744475
vt 0.961431 0.742200
vt 0.960128 0.742161
vt 0.960128 0.952110
vt 0.961434 0.952154
vt 0.960128 0.954403
vt 0.961434 0.954435
vt 0.249569 0.962630
vt 0.250871 0.962711
vt 0.249569 0.964888
vt 0.250871 0.964941
vt 0.397194 0.962630
vt 0.398496 0.962725
vt 0.397194 0.964830
vt 0.398496 0.964912
vt 0.965254 0.690081
vt 0.963949 0.689967
vt 0.965254 0.688108
vt 0.963949 0.687966
vt 0.316725 0.971198
vt 0.315421 0.971030
vt 0.316725 0.969543
vt 0.315421 0.969362
vt 0.299689 0.969523
vt 0.300994 0.969362
vt 0.299689 0.971202
vt 0.300994 0.971039
vt 0.967703 0.778377
vt 0.969009 0.778253
vt 0.967703 0.780274
vt 0.969009 0.780122
vt 0.366391 0.962705
vt 0.367697 0.962630
vt 0.366391 0.964915
vt 0.367697 0.964842
vt 0.417387 0.962690
vt 0.418692 0.962630
vt 0.417387 0.964899
vt 0.418692 0.964810
vt 0.576445 0.962719
vt 0.577750 0.962630
vt 0.576445 0.964855
vt 0.577750 0.964754
vt 0.161432 0.962701
vt 0.162737 0.962630
vt 0.161432 0.964946
vt 0.162737 0.964902
vt 0.032854 0.962664
vt 0.034159 0.962630
vt 0.032854 0.964955
vt 0.034159 0.964892
vt 0.960128 0.764147
vt 0.961433 0.764194
vt 0.960128 0.766447
vt 0.961433 0.766482
vt 0.963949 0.009311
vt 0.965255 0.009437
vt 0.963949 0.011383
vt 0.965255 0.011481
vt 0.960128 0.720219
vt 0.961433 0.720176
vt 0.960128 0.722512
vt 0.961433 0.722496
vt 0.969008 0.711819
vt 0.967703 0.711676
vt 0.969008 0.709941
vt 0.967703 0.709786
vt 0.046923 0.962635
vt 0.048225 0.962630
vt 0.046923 0.964958
vt 0.048225 0.964940
vt 0.960128 0.706989
vt 0.961433 0.706983
vt 0.960128 0.709320
vt 0.961433 0.709286
vt 0.963949 0.780021
vt 0.965255 0.779909
vt 0.963949 0.782014
vt 0.965255 0.781890
vt 0.960128 0.823821
vt 0.961434 0.823812
vt 0.960128 0.826141
vt 0.961434 0.826120
vt 0.960128 0.875392
vt 0.961434 0.875411
vt 0.960128 0.877718
vt 0.961434 0.877710
vt 0.960128 0.676199
vt 0.961434 0.676231
vt 0.960128 0.678517
vt 0.961434 0.678536
vt 0.326581 0.962630
vt 0.327886 0.962718
vt 0.326581 0.964860
vt 0.327886 0.964920
vt 0.133033 0.969520
vt 0.134337 0.969362
vt 0.133033 0.971261
vt 0.134337 0.971104
vt 0.967703 0.621241
vt 0.969008 0.621091
vt 0.967703 0.623138
vt 0.969008 0.623016
vt 0.536061 0.964776
vt 0.534759 0.964879
vt 0.536061 0.962630
vt 0.534759 0.962706
vt 0.960128 0.897343
vt 0.961433 0.897327
vt 0.960128 0.899653
vt 0.961433 0.899650
vt 0.960128 0.866616
vt 0.961433 0.866651
vt 0.960128 0.868937
vt 0.961433 0.868944
vt 0.111223 0.964955
vt 0.109920 0.964915
vt 0.111223 0.962682
vt 0.109920 0.962630
vt 0.205375 0.962630
vt 0.206680 0.962690
vt 0.205375 0.964895
vt 0.206680 0.964943
vt 0.513466 0.964882
vt 0.512161 0.964794
vt 0.513466 0.962731
vt 0.512161 0.962630
vt 0.601591 0.962630
vt 0.602894 0.962740
vt 0.601592 0.964756
vt 0.602894 0.964853
vt 0.963949 0.322086
vt 0.965255 0.322189
vt 0.963949 0.324106
vt 0.965255 0.324238
vt 0.967703 0.110132
vt 0.969008 0.110264
vt 0.967703 0.112063
vt 0.969008 0.112208
vt 0.114561 0.969362
vt 0.115862 0.969547
vt 0.114561 0.971100
vt 0.115862 0.971272
vt 0.285549 0.971036
vt 0.284248 0.971213
vt 0.285549 0.969362
vt 0.284248 0.969541
vt 0.969005 0.555066
vt 0.967703 0.555228
vt 0.969005 0.553173
vt 0.967703 0.553306
vt 0.615387 0.962630
vt 0.616693 0.962721
vt 0.615387 0.964740
vt 0.616693 0.964844
vt 0.314415 0.964855
vt 0.313113 0.964929
vt 0.314415 0.962630
vt 0.313113 0.962707
vt 0.178446 0.962678
vt 0.179748 0.962630
vt 0.178446 0.964949
vt 0.179748 0.964873
vt 0.960128 0.938950
vt 0.961433 0.938957
vt 0.960128 0.941276
vt 0.961433 0.941270
vt 0.216779 0.964882
vt 0.215474 0.964942
vt 0.216779 0.962630
vt 0.215474 0.962693
vt 0.963949 0.932590
vt 0.965254 0.932474
vt 0.963949 0.934567
vt 0.965254 0.934423
vt 0.142270 0.969362
vt 0.143575 0.969520
vt 0.142270 0.971081
vt 0.143575 0.971254
vt 0.961433 0.945663
vt 0.960128 0.945638
vt 0.961433 0.943337
vt 0.960128 0.943340
vt 0.188542 0.962630
vt 0.189848 0.962702
vt 0.188542 0.964899
vt 0.189848 0.964943
vt 0.403923 0.962630
vt 0.405228 0.962708
vt 0.403923 0.964814
vt 0.405228 0.964905
vt 0.678205 0.962740
vt 0.679510 0.962630
vt 0.678205 0.964824
vt 0.679510 0.964728
vt 0.963949 0.174033
vt 0.965251 0.174173
vt 0.963949 0.176086
vt 0.965251 0.176197
vt 0.967703 0.066828
vt 0.969005 0.066982
vt 0.967703 0.068775
vt 0.969005 0.068917
vt 0.057971 0.969362
vt 0.059277 0.969528
vt 0.057971 0.971129
vt 0.059277 0.971280
vt 0.231201 0.962678
vt 0.232507 0.962630
vt 0.231201 0.964939
vt 0.232507 0.964864
vt 0.550628 0.962703
vt 0.551934 0.962630
vt 0.550628 0.964861
vt 0.551934 0.964760
vt 0.667275 0.964712
vt 0.665972 0.964829
vt 0.667275 0.962630
vt 0.665973 0.962735
vt 0.963949 0.083103
vt 0.965254 0.083001
vt 0.963949 0.085168
vt 0.965254 0.085052
vt 0.357362 0.962630
vt 0.358668 0.962715
vt 0.357362 0.964843
vt 0.358668 0.964915
vt 0.387798 0.969526
vt 0.389104 0.969362
vt 0.387798 0.971168
vt 0.389104 0.971006
vt 0.531393 0.962727
vt 0.532698 0.962630
vt 0.531393 0.964875
vt 0.532698 0.964806
vt 0.276059 0.964936
vt 0.274754 0.964858
vt 0.276059 0.962680
vt 0.274754 0.962630
vt 0.960128 0.768562
vt 0.961430 0.768543
vt 0.960128 0.770881
vt 0.961430 0.770835
vt 0.794652 0.964814
vt 0.793347 0.964713
vt 0.794652 0.962744
vt 0.793347 0.962630
vt 0.965255 0.565565
vt 0.963949 0.565674
vt 0.965255 0.563546
vt 0.963949 0.563668
vt 0.097766 0.964952
vt 0.096461 0.964902
vt 0.097766 0.962668
vt 0.096461 0.962630
vt 0.965251 0.557164
vt 0.963949 0.557296
vt 0.965251 0.555161
vt 0.963949 0.555281
vt 0.306383 0.962699
vt 0.307689 0.962630
vt 0.306383 0.964926
vt 0.307689 0.964854
vt 0.961433 0.682935
vt 0.960128 0.682897
vt 0.961433 0.680622
vt 0.960128 0.680597
vt 0.832136 0.971674
vt 0.831421 0.971687
vt 0.832136 0.969363
vt 0.831421 0.969362
vt 0.848074 0.969379
vt 0.848789 0.969362
vt 0.848074 0.971686
vt 0.848789 0.971683
vt 0.806439 0.969362
vt 0.807154 0.969372
vt 0.806439 0.971679
vt 0.807154 0.971688
vt 0.023666 0.977829
vt 0.022949 0.977789
vt 0.023666 0.975671
vt 0.022949 0.975630
vt 0.975517 0.823268
vt 0.974802 0.823308
vt 0.975517 0.821086
vt 0.974802 0.821126
vt 0.840462 0.971675
vt 0.839747 0.971687
vt 0.840462 0.969362
vt 0.839747 0.969374
vt 0.972133 0.558127
vt 0.971419 0.558096
vt 0.972133 0.555868
vt 0.971419 0.555839
vt 0.817542 0.969362
vt 0.818258 0.969363
vt 0.817542 0.971670
vt 0.818258 0.971686
vt 0.972133 0.365710
vt 0.971419 0.365736
vt 0.972133 0.363440
vt 0.971419 0.363452
vt 0.960769 0.977559
vt 0.960055 0.977627
vt 0.960769 0.975630
vt 0.960055 0.975683
vt 0.528156 0.977679
vt 0.527441 0.977733
vt 0.528156 0.975630
vt 0.527441 0.975684
vt 0.692281 0.980945
vt 0.692996 0.981029
vt 0.692281 0.982637
vt 0.692996 0.982722
vt 0.875450 0.982613
vt 0.874735 0.982683
vt 0.875450 0.980945
vt 0.874735 0.981029
vt 0.208943 0.982820
vt 0.208226 0.982757
vt 0.208943 0.981009
vt 0.208226 0.980945
vt 0.647499 0.975630
vt 0.648213 0.975701
vt 0.647499 0.977649
vt 0.648213 0.977706
vt 0.903115 0.969362
vt 0.903831 0.969377
vt 0.903115 0.971667
vt 0.903831 0.971681
vt 0.765374 0.969393
vt 0.766089 0.969362
vt 0.765374 0.971695
vt 0.766089 0.971677
vt 0.972133 0.722177
vt 0.971419 0.722218
vt 0.972133 0.719935
vt 0.971419 0.719962
vt 0.978260 0.052756
vt 0.978975 0.052827
vt 0.978260 0.054666
vt 0.978975 0.054737
vt 0.978975 0.234036
vt 0.978260 0.234108
vt 0.978975 0.232146
vt 0.978260 0.232217
vt 0.790502 0.971690
vt 0.789786 0.971686
vt 0.790502 0.969362
vt 0.789786 0.969372
vt 0.544935 0.982678
vt 0.544220 0.982760
vt 0.544935 0.980945
vt 0.544220 0.981027
vt 0.974802 0.873110
vt 0.975517 0.873167
vt 0.974802 0.875286
vt 0.975517 0.875329
vt 0.730526 0.977631
vt 0.729811 0.977689
vt 0.730526 0.975630
vt 0.729811 0.975702
vt 0.278741 0.977712
vt 0.278026 0.977771
vt 0.278741 0.975630
vt 0.278026 0.975688
vt 0.811990 0.969365
vt 0.812705 0.969362
vt 0.811990 0.971677
vt 0.812705 0.971688
vt 0.853625 0.969362
vt 0.854340 0.969378
vt 0.853625 0.971685
vt 0.854340 0.971686
vt 0.009947 0.982784
vt 0.009232 0.982867
vt 0.009947 0.980945
vt 0.009232 0.981013
vt 0.781457 0.969362
vt 0.782173 0.969365
vt 0.781457 0.971688
vt 0.782173 0.971691
vt 0.975517 0.960477
vt 0.974802 0.960521
vt 0.975517 0.958313
vt 0.974802 0.958372
vt 0.733024 0.969362
vt 0.733738 0.969392
vt 0.733024 0.971683
vt 0.733738 0.971699
vt 0.828875 0.980945
vt 0.829591 0.981007
vt 0.828875 0.982617
vt 0.829591 0.982694
vt 0.181922 0.977738
vt 0.181208 0.977793
vt 0.181922 0.975630
vt 0.181208 0.975670
vt 0.164862 0.980945
vt 0.165577 0.981030
vt 0.164862 0.982761
vt 0.165577 0.982831
vt 0.212558 0.975630
vt 0.213272 0.975687
vt 0.212558 0.977727
vt 0.213272 0.977785
vt 0.974802 0.001030
vt 0.975517 0.001074
vt 0.974802 0.003270
vt 0.975517 0.003299
vt 0.975518 0.047115
vt 0.974802 0.047074
vt 0.975518 0.044878
vt 0.974802 0.044851
vt 0.308091 0.977763
vt 0.307375 0.977710
vt 0.308091 0.975669
vt 0.307375 0.975630
vt 0.694371 0.977697
vt 0.693654 0.977646
vt 0.694370 0.975682
vt 0.693654 0.975630
vt 0.978977 0.266573
vt 0.978260 0.266508
vt 0.978977 0.264667
vt 0.978260 0.264617
vt 0.324608 0.982724
vt 0.323893 0.982795
vt 0.324608 0.980945
vt 0.323893 0.981015
vt 0.972134 0.528496
vt 0.971419 0.528473
vt 0.972134 0.526231
vt 0.971419 0.526207
vt 0.470147 0.977746
vt 0.469432 0.977695
vt 0.470147 0.975681
vt 0.469432 0.975630
vt 0.512099 0.977682
vt 0.511382 0.977731
vt 0.512099 0.975630
vt 0.511382 0.975693
vt 0.975517 0.165560
vt 0.974802 0.165590
vt 0.975517 0.163330
vt 0.974802 0.163375
vt 0.972133 0.235470
vt 0.971419 0.235480
vt 0.972133 0.233177
vt 0.971419 0.233201
vt 0.882090 0.971686
vt 0.881376 0.971683
vt 0.882090 0.969366
vt 0.881376 0.969362
vt 0.316418 0.977766
vt 0.315704 0.977706
vt 0.316418 0.975690
vt 0.315704 0.975630
vt 0.972133 0.012072
vt 0.971419 0.012055
vt 0.972133 0.009759
vt 0.971419 0.009756
vt 0.861676 0.977601
vt 0.860962 0.977652
vt 0.861676 0.975630
vt 0.860962 0.975696
vt 0.975518 0.490771
vt 0.974802 0.490808
vt 0.975518 0.488571
vt 0.974802 0.488622
vt 0.449582 0.982711
vt 0.448867 0.982777
vt 0.449582 0.980945
vt 0.448867 0.981026
vt 0.859154 0.982689
vt 0.858440 0.982603
vt 0.859154 0.981033
vt 0.858440 0.980945
vt 0.117034 0.977804
vt 0.116319 0.977752
vt 0.117033 0.975667
vt 0.116319 0.975630
vt 0.975517 0.629636
vt 0.974802 0.629599
vt 0.975517 0.627428
vt 0.974802 0.627405
vt 0.547712 0.982683
vt 0.546996 0.982757
vt 0.547712 0.980945
vt 0.546996 0.981018
vt 0.972135 0.683167
vt 0.971419 0.683190
vt 0.972135 0.680909
vt 0.971419 0.680947
vt 0.009854 0.977834
vt 0.009140 0.977774
vt 0.009854 0.975676
vt 0.009140 0.975630
vt 0.426501 0.982780
vt 0.425786 0.982701
vt 0.426501 0.981024
vt 0.425786 0.980945
vt 0.972135 0.343961
vt 0.971419 0.343970
vt 0.972135 0.341675
vt 0.971419 0.341699
vt 0.975516 0.213198
vt 0.974802 0.213151
vt 0.975516 0.210973
vt 0.974802 0.210941
vt 0.972133 0.445062
vt 0.971419 0.445085
vt 0.972133 0.442793
vt 0.971419 0.442816
vt 0.972134 0.296262
vt 0.971419 0.296238
vt 0.972134 0.293972
vt 0.971419 0.293962
vt 0.823810 0.971688
vt 0.823096 0.971684
vt 0.823810 0.969362
vt 0.823096 0.969372
vt 0.975516 0.547362
vt 0.974802 0.547385
vt 0.975516 0.545148
vt 0.974802 0.545186
vt 0.978975 0.317799
vt 0.978260 0.317726
vt 0.978974 0.315919
vt 0.978260 0.315844
vt 0.826833 0.977658
vt 0.826118 0.977593
vt 0.826833 0.975680
vt 0.826118 0.975630
vt 0.026509 0.982803
vt 0.025793 0.982863
vt 0.026509 0.980945
vt 0.025793 0.981020
vt 0.100990 0.977756
vt 0.100274 0.977806
vt 0.100990 0.975630
vt 0.100274 0.975680
vt 0.972134 0.739558
vt 0.971419 0.739589
vt 0.972134 0.737308
vt 0.971419 0.737338
vt 0.978975 0.793828
vt 0.978260 0.793748
vt 0.978975 0.791954
vt 0.978260 0.791889
vt 0.408534 0.977702
vt 0.407820 0.977754
vt 0.408534 0.975630
vt 0.407820 0.975681
vt 0.978975 0.477342
vt 0.978260 0.477409
vt 0.978975 0.475458
vt 0.978260 0.475524
vt 0.905794 0.977578
vt 0.905077 0.977640
vt 0.905794 0.975630
vt 0.905078 0.975691
vt 0.758163 0.977683
vt 0.757449 0.977609
vt 0.758163 0.975689
vt 0.757449 0.975630
vt 0.971419 0.590596
vt 0.972135 0.590609
vt 0.971419 0.592852
vt 0.972135 0.592880
vt 0.090128 0.977773
vt 0.089413 0.977811
vt 0.090128 0.975630
vt 0.089413 0.975682
vt 0.801603 0.971680
vt 0.800889 0.971690
vt 0.801603 0.969362
vt 0.800889 0.969371
vt 0.285031 0.982802
vt 0.284317 0.982714
vt 0.285031 0.981018
vt 0.284317 0.980945
vt 0.972133 0.797274
vt 0.971419 0.797242
vt 0.972133 0.795012
vt 0.971419 0.794995
vt 0.927806 0.035344
vt 0.927790 0.039053
vt 0.925577 0.035367
vt 0.925577 0.039076
vt 0.208145 0.925137
vt 0.208131 0.928843
vt 0.205817 0.925148
vt 0.205817 0.928854
vt 0.434559 0.928867
vt 0.434574 0.925159
vt 0.436839 0.928845
vt 0.436839 0.925137
vt 0.536130 0.925137
vt 0.536130 0.928845
vt 0.533862 0.925160
vt 0.533862 0.928869
vt 0.925577 0.487530
vt 0.925592 0.483822
vt 0.927755 0.487498
vt 0.927755 0.483790
vt 0.311061 0.925149
vt 0.311061 0.928857
vt 0.308747 0.925137
vt 0.308748 0.928845
vt 0.936655 0.840623
vt 0.936655 0.844331
vt 0.934765 0.840667
vt 0.934750 0.844376
vt 0.943792 0.256550
vt 0.943791 0.252841
vt 0.945575 0.256593
vt 0.945575 0.252884
vt 0.930071 0.775192
vt 0.930070 0.771483
vt 0.932047 0.775242
vt 0.932047 0.771533
vt 0.930070 0.609422
vt 0.930070 0.605713
vt 0.932078 0.609463
vt 0.932063 0.605754
vt 0.927713 0.614613
vt 0.927728 0.618322
vt 0.925577 0.614578
vt 0.925577 0.618286
vt 0.925577 0.168225
vt 0.925577 0.164516
vt 0.927785 0.168260
vt 0.927785 0.164552
vt 0.854813 0.925157
vt 0.854843 0.928866
vt 0.852604 0.925137
vt 0.852604 0.928845
vt 0.544790 0.925148
vt 0.544806 0.928857
vt 0.542529 0.925137
vt 0.542529 0.928845
vt 0.143052 0.981077
vt 0.143642 0.980945
vt 0.143052 0.983019
vt 0.143642 0.982901
vt 0.164576 0.925140
vt 0.164591 0.928848
vt 0.162256 0.925137
vt 0.162256 0.928845
vt 0.925577 0.209728
vt 0.925593 0.206019
vt 0.927789 0.209701
vt 0.927789 0.205993
vt 0.369588 0.928844
vt 0.369588 0.925137
vt 0.371894 0.928852
vt 0.371879 0.925144
vt 0.253844 0.928857
vt 0.253860 0.925150
vt 0.256160 0.928844
vt 0.256160 0.925137
vt 0.939175 0.703701
vt 0.939175 0.699992
vt 0.940991 0.703747
vt 0.940991 0.700038
vt 0.943791 0.501722
vt 0.943791 0.498013
vt 0.945562 0.501768
vt 0.945531 0.498058
vt 0.089789 0.925137
vt 0.089779 0.928845
vt 0.087448 0.925137
vt 0.087453 0.928845
vt 0.464005 0.975636
vt 0.464596 0.975630
vt 0.464005 0.977936
vt 0.464596 0.977942
vt 0.186564 0.925137
vt 0.186549 0.928845
vt 0.184231 0.925143
vt 0.184231 0.928851
vt 0.319805 0.925137
vt 0.319789 0.928845
vt 0.317496 0.925151
vt 0.317496 0.928860
vt 0.654759 0.928872
vt 0.654759 0.925163
vt 0.657014 0.928845
vt 0.657015 0.925137
vt 0.927720 0.770439
vt 0.927720 0.774148
vt 0.925577 0.770469
vt 0.925577 0.774178
vt 0.932056 0.783122
vt 0.932040 0.786831
vt 0.930070 0.783158
vt 0.930070 0.786867
vt 0.913227 0.793784
vt 0.913211 0.797494
vt 0.911461 0.793823
vt 0.911445 0.797532
vt 0.909561 0.793864
vt 0.909561 0.797574
vt 0.943822 0.790714
vt 0.943791 0.787004
vt 0.945498 0.790757
vt 0.945498 0.787048
vt 0.802851 0.940489
vt 0.802851 0.936780
vt 0.804725 0.940537
vt 0.804725 0.936828
vt 0.934750 0.081273
vt 0.934750 0.077566
vt 0.936670 0.081338
vt 0.936670 0.077631
vt 0.932135 0.166609
vt 0.932150 0.170318
vt 0.930070 0.166566
vt 0.930070 0.170274
vt 0.459817 0.928845
vt 0.459802 0.925137
vt 0.462090 0.928856
vt 0.462090 0.925147
vt 0.703471 0.928845
vt 0.703441 0.925137
vt 0.705695 0.928865
vt 0.705695 0.925157
vt 0.927791 0.141875
vt 0.927776 0.145582
vt 0.925577 0.141910
vt 0.925577 0.145616
vt 0.932153 0.178191
vt 0.932152 0.181899
vt 0.930070 0.178230
vt 0.930070 0.181938
vt 0.887301 0.928877
vt 0.887302 0.925169
vt 0.889531 0.928845
vt 0.889531 0.925137
vt 0.036547 0.949270
vt 0.036547 0.945560
vt 0.038218 0.949310
vt 0.038188 0.945599
vt 0.352130 0.928863
vt 0.352145 0.925154
vt 0.354430 0.928845
vt 0.354430 0.925137
vt 0.540200 0.975630
vt 0.540791 0.975678
vt 0.540200 0.977865
vt 0.540791 0.977925
vt 0.934750 0.153161
vt 0.934750 0.149452
vt 0.936674 0.153210
vt 0.936674 0.149501
vt 0.682258 0.925165
vt 0.682258 0.928871
vt 0.680006 0.925137
vt 0.680036 0.928843
vt 0.428151 0.925153
vt 0.428151 0.928859
vt 0.425865 0.925137
vt 0.425880 0.928843
vt 0.479744 0.928844
vt 0.479744 0.925137
vt 0.482024 0.928862
vt 0.481993 0.925154
vt 0.339816 0.928865
vt 0.339816 0.925159
vt 0.342101 0.928843
vt 0.342117 0.925137
vt 0.613220 0.925137
vt 0.613220 0.928843
vt 0.610962 0.925170
vt 0.610962 0.928876
vt 0.345887 0.975630
vt 0.346477 0.975637
vt 0.345887 0.977922
vt 0.346477 0.977958
vt 0.932032 0.847191
vt 0.932017 0.850898
vt 0.930070 0.847246
vt 0.930070 0.850953
vt 0.943822 0.738841
vt 0.943791 0.735132
vt 0.945492 0.738902
vt 0.945492 0.735195
vt 0.939175 0.647573
vt 0.939175 0.643866
vt 0.940986 0.647637
vt 0.940986 0.643929
vt 0.925577 0.396098
vt 0.925577 0.392391
vt 0.927750 0.396146
vt 0.927750 0.392439
vt 0.930086 0.459920
vt 0.930070 0.456213
vt 0.932100 0.459977
vt 0.932100 0.456270
vt 0.150436 0.940490
vt 0.150436 0.936781
vt 0.152332 0.940537
vt 0.152332 0.936827
vt 0.639297 0.975630
vt 0.639887 0.975691
vt 0.639297 0.977827
vt 0.639887 0.977901
vt 0.197322 0.910134
vt 0.197322 0.913843
vt 0.195528 0.910184
vt 0.195513 0.913893
vt 0.193860 0.910231
vt 0.193846 0.913940
vt 0.626046 0.975720
vt 0.626636 0.975630
vt 0.626046 0.977906
vt 0.626636 0.977829
vt 0.831670 0.975734
vt 0.832260 0.975630
vt 0.831670 0.977849
vt 0.832260 0.977759
vt 0.925577 0.439905
vt 0.925577 0.436196
vt 0.927753 0.439942
vt 0.927753 0.436233
vt 0.294362 0.975630
vt 0.294952 0.975665
vt 0.294362 0.977916
vt 0.294952 0.977964
vt 0.133805 0.925137
vt 0.133791 0.928843
vt 0.131464 0.925137
vt 0.131465 0.928843
vt 0.891688 0.900854
vt 0.895395 0.900843
vt 0.891687 0.903185
vt 0.895395 0.903174
vt 0.895395 0.898517
vt 0.891687 0.898513
vt 0.903791 0.378540
vt 0.907499 0.378615
vt 0.903791 0.380588
vt 0.907499 0.380664
vt 0.907499 0.376477
vt 0.903791 0.376417
vt 0.149065 0.928847
vt 0.149081 0.925140
vt 0.151402 0.928844
vt 0.151402 0.925137
vt 0.932104 0.473669
vt 0.932104 0.477378
vt 0.930070 0.473625
vt 0.930085 0.477334
vt 0.054764 0.910134
vt 0.054764 0.913843
vt 0.052910 0.910180
vt 0.052895 0.913889
vt 0.051177 0.910222
vt 0.051162 0.913932
vt 0.903794 0.313203
vt 0.907499 0.313297
vt 0.903794 0.315344
vt 0.907499 0.315423
vt 0.907497 0.311244
vt 0.903791 0.311150
vt 0.932087 0.576082
vt 0.932087 0.579790
vt 0.930086 0.576119
vt 0.930070 0.579828
vt 0.911434 0.817672
vt 0.911418 0.821380
vt 0.909561 0.817735
vt 0.909561 0.821442
vt 0.913156 0.821319
vt 0.913171 0.817611
vt 0.927689 0.920309
vt 0.927689 0.924017
vt 0.925577 0.920272
vt 0.925592 0.923981
vt 0.932029 0.900165
vt 0.932029 0.903874
vt 0.930085 0.900205
vt 0.930070 0.903914
vt 0.903792 0.058419
vt 0.907500 0.058356
vt 0.903791 0.060577
vt 0.907500 0.060514
vt 0.903791 0.062667
vt 0.907500 0.062589
vt 0.120604 0.925137
vt 0.120591 0.928845
vt 0.118264 0.925137
vt 0.118266 0.928845
vt 0.897652 0.069570
vt 0.901358 0.069565
vt 0.897652 0.071908
vt 0.901358 0.071888
vt 0.897650 0.074228
vt 0.901356 0.074208
vt 0.481308 0.981027
vt 0.481902 0.980945
vt 0.481308 0.982947
vt 0.481902 0.982893
vt 0.214595 0.928853
vt 0.214611 0.925145
vt 0.216923 0.928845
vt 0.216923 0.925137
vt 0.932158 0.189807
vt 0.932143 0.193516
vt 0.930070 0.189837
vt 0.930070 0.193545
vt 0.978260 0.001149
vt 0.978851 0.001030
vt 0.978260 0.003208
vt 0.978851 0.003104
vt 0.927686 0.908689
vt 0.927686 0.912396
vt 0.925577 0.908640
vt 0.925592 0.912347
vt 0.467397 0.980945
vt 0.467987 0.981073
vt 0.467397 0.982814
vt 0.467987 0.982955
vt 0.421450 0.975707
vt 0.422040 0.975630
vt 0.421450 0.977948
vt 0.422040 0.977900
vt 0.844928 0.975630
vt 0.845518 0.975704
vt 0.844928 0.977760
vt 0.845518 0.977848
vt 0.897650 0.096351
vt 0.901358 0.096333
vt 0.897650 0.098674
vt 0.901358 0.098672
vt 0.901358 0.094013
vt 0.897650 0.094030
vt 0.981552 0.421527
vt 0.982143 0.421681
vt 0.981552 0.423172
vt 0.982143 0.423340
vt 0.448462 0.975678
vt 0.449053 0.975630
vt 0.448462 0.977943
vt 0.449053 0.977909
vt 0.910680 0.980945
vt 0.911270 0.981086
vt 0.910680 0.982701
vt 0.911270 0.982856
vt 0.978260 0.094474
vt 0.978851 0.094561
vt 0.978260 0.096522
vt 0.978851 0.096637
vt 0.441813 0.981105
vt 0.442403 0.980945
vt 0.441812 0.982962
vt 0.442403 0.982830
vt 0.080908 0.980945
vt 0.081498 0.981061
vt 0.080908 0.982911
vt 0.081498 0.983039
vt 0.353840 0.975664
vt 0.354431 0.975630
vt 0.353840 0.977955
vt 0.354431 0.977948
vt 0.017711 0.980945
vt 0.018302 0.980986
vt 0.017711 0.982981
vt 0.018302 0.983051
vt 0.059877 0.980999
vt 0.060471 0.980945
vt 0.059877 0.983038
vt 0.060471 0.982983
vt 0.981552 0.111735
vt 0.982144 0.111831
vt 0.981553 0.113477
vt 0.982144 0.113588
vt 0.978260 0.137060
vt 0.978854 0.137004
vt 0.978260 0.139158
vt 0.978854 0.139130
vt 0.900074 0.981105
vt 0.900665 0.980945
vt 0.900074 0.982857
vt 0.900665 0.982696
vt 0.891441 0.975659
vt 0.892034 0.975630
vt 0.891441 0.977831
vt 0.892034 0.977815
vt 0.823565 0.981039
vt 0.824159 0.980945
vt 0.823565 0.982870
vt 0.824159 0.982788
vt 0.981553 0.204286
vt 0.982147 0.204178
vt 0.981552 0.206010
vt 0.982147 0.205917
vt 0.308256 0.980945
vt 0.308848 0.981015
vt 0.308256 0.982894
vt 0.308848 0.982978
vt 0.020549 0.945614
vt 0.020549 0.949221
vt 0.018812 0.945560
vt 0.018812 0.949168
vt 0.978260 0.219700
vt 0.978852 0.219728
vt 0.978260 0.221809
vt 0.978852 0.221851
vt 0.943792 0.796422
vt 0.943791 0.792818
vt 0.945558 0.796475
vt 0.945558 0.792870
vt 0.558761 0.975656
vt 0.559352 0.975630
vt 0.558761 0.977919
vt 0.559352 0.977906
vt 0.685952 0.975643
vt 0.686543 0.975630
vt 0.685952 0.977880
vt 0.686543 0.977895
vt 0.124283 0.975630
vt 0.124876 0.975666
vt 0.124283 0.977928
vt 0.124876 0.977993
vt 0.941049 0.688863
vt 0.941048 0.692469
vt 0.939175 0.688929
vt 0.939175 0.692535
vt 0.763830 0.980945
vt 0.764421 0.981028
vt 0.763830 0.982791
vt 0.764421 0.982887
vt 0.925577 0.663314
vt 0.925577 0.659708
vt 0.927791 0.663359
vt 0.927776 0.659753
vt 0.248108 0.975669
vt 0.248699 0.975630
vt 0.248108 0.977973
vt 0.248699 0.977947
vt 0.939191 0.564600
vt 0.939175 0.560995
vt 0.941075 0.564647
vt 0.941075 0.561043
vt 0.945575 0.706541
vt 0.945574 0.710146
vt 0.943791 0.706592
vt 0.943791 0.710197
vt 0.925577 0.375105
vt 0.925577 0.371502
vt 0.927846 0.375130
vt 0.927845 0.371527
vt 0.925593 0.686127
vt 0.925577 0.682524
vt 0.927806 0.686152
vt 0.927806 0.682549
vt 0.927816 0.603201
vt 0.927816 0.606804
vt 0.925592 0.603225
vt 0.925577 0.606829
vt 0.941033 0.763088
vt 0.941049 0.766695
vt 0.939175 0.763035
vt 0.939175 0.766643
vt 0.925577 0.179729
vt 0.925577 0.176126
vt 0.927877 0.179747
vt 0.927861 0.176144
vt 0.604552 0.925166
vt 0.604567 0.928772
vt 0.602229 0.925137
vt 0.602229 0.928742
vt 0.092188 0.975630
vt 0.092782 0.975694
vt 0.092188 0.977925
vt 0.092782 0.978002
vt 0.927807 0.891623
vt 0.927807 0.895227
vt 0.925577 0.891622
vt 0.925577 0.895225
vt 0.776125 0.925137
vt 0.776110 0.928741
vt 0.773820 0.925182
vt 0.773820 0.928786
vt 0.932221 0.079223
vt 0.932206 0.082829
vt 0.930070 0.079282
vt 0.930070 0.082887
vt 0.941081 0.723143
vt 0.941081 0.726747
vt 0.939175 0.723128
vt 0.939191 0.726732
vt 0.943791 0.727342
vt 0.943791 0.723736
vt 0.945546 0.727281
vt 0.945562 0.723674
vt 0.495153 0.925174
vt 0.495168 0.928780
vt 0.492827 0.925137
vt 0.492827 0.928742
vt 0.925577 0.593703
vt 0.925577 0.590098
vt 0.927829 0.593709
vt 0.927814 0.590104
vt 0.136607 0.945560
vt 0.136607 0.949165
vt 0.134920 0.945570
vt 0.134905 0.949175
vt 0.165500 0.945593
vt 0.165501 0.949197
vt 0.163833 0.945560
vt 0.163833 0.949165
vt 0.903827 0.928758
vt 0.903827 0.925154
vt 0.906143 0.928741
vt 0.906143 0.925137
vt 0.903791 0.796589
vt 0.907394 0.796645
vt 0.903791 0.798664
vt 0.907394 0.798735
vt 0.903792 0.800657
vt 0.907395 0.800743
vt 0.941028 0.789997
vt 0.941044 0.793602
vt 0.939175 0.789944
vt 0.939175 0.793549
vt 0.932228 0.229322
vt 0.932228 0.232926
vt 0.930070 0.229355
vt 0.930070 0.232959
vt 0.771746 0.925137
vt 0.771759 0.928740
vt 0.769420 0.925137
vt 0.769419 0.928740
vt 0.747612 0.928740
vt 0.747618 0.925137
vt 0.749953 0.928740
vt 0.749944 0.925137
vt 0.932193 0.332525
vt 0.932208 0.336129
vt 0.930070 0.332481
vt 0.930070 0.336085
vt 0.941100 0.353982
vt 0.941084 0.357587
vt 0.939175 0.354031
vt 0.939175 0.357636
vt 0.936726 0.326702
vt 0.936726 0.330309
vt 0.934750 0.326772
vt 0.934750 0.330379
vt 0.932152 0.755170
vt 0.932153 0.758773
vt 0.930070 0.755161
vt 0.930070 0.758765
vt 0.152303 0.945560
vt 0.152303 0.949164
vt 0.150647 0.945608
vt 0.150632 0.949213
vt 0.927857 0.478126
vt 0.927829 0.481729
vt 0.925577 0.478126
vt 0.925579 0.481729
vt 0.927759 0.865623
vt 0.927789 0.869227
vt 0.925577 0.865596
vt 0.925577 0.869200
vt 0.945601 0.678130
vt 0.945601 0.681734
vt 0.943791 0.678108
vt 0.943821 0.681713
vt 0.694646 0.928758
vt 0.694646 0.925154
vt 0.696967 0.928741
vt 0.696983 0.925137
vt 0.932150 0.498756
vt 0.932134 0.502362
vt 0.930070 0.498822
vt 0.930070 0.502427
vt 0.925577 0.309794
vt 0.925577 0.306187
vt 0.927834 0.309842
vt 0.927834 0.306236
vt 0.930070 0.244323
vt 0.930070 0.240717
vt 0.932211 0.244373
vt 0.932195 0.240767
vt 0.941071 0.602731
vt 0.941071 0.606335
vt 0.939191 0.602776
vt 0.939175 0.606381
vt 0.932104 0.888749
vt 0.932089 0.892353
vt 0.930070 0.888792
vt 0.930070 0.892396
vt 0.925577 0.092218
vt 0.925577 0.088613
vt 0.927841 0.092165
vt 0.927856 0.088559
vt 0.565048 0.925182
vt 0.565048 0.928787
vt 0.562720 0.925137
vt 0.562720 0.928742
vt 0.934764 0.728368
vt 0.934750 0.724764
vt 0.936735 0.728409
vt 0.936735 0.724805
vt 0.850543 0.925143
vt 0.850543 0.928746
vt 0.848210 0.925137
vt 0.848225 0.928740
vt 0.925593 0.122666
vt 0.925577 0.119063
vt 0.927885 0.122681
vt 0.927885 0.119078
vt 0.939175 0.583888
vt 0.939191 0.580282
vt 0.941096 0.583878
vt 0.941096 0.580273
vt 0.945607 0.632034
vt 0.945607 0.635639
vt 0.943792 0.632087
vt 0.943792 0.635692
vt 0.211575 0.940387
vt 0.211575 0.936781
vt 0.213537 0.940437
vt 0.213522 0.936830
vt 0.930070 0.732081
vt 0.930070 0.728474
vt 0.932122 0.732136
vt 0.932122 0.728529
vt 0.034485 0.945617
vt 0.034486 0.949223
vt 0.032753 0.945560
vt 0.032753 0.949166
vt 0.189411 0.975695
vt 0.190002 0.975630
vt 0.189411 0.977988
vt 0.190002 0.977937
vt 0.871699 0.975630
vt 0.872290 0.975645
vt 0.871699 0.977811
vt 0.872290 0.977839
vt 0.220761 0.975682
vt 0.221352 0.975630
vt 0.220761 0.977980
vt 0.221352 0.977942
vt 0.808683 0.928744
vt 0.808699 0.925141
vt 0.811019 0.928740
vt 0.811019 0.925137
vt 0.925577 0.380809
vt 0.925592 0.377206
vt 0.927854 0.380794
vt 0.927854 0.377191
vt 0.927833 0.514040
vt 0.927833 0.517644
vt 0.925577 0.514013
vt 0.925577 0.517617
vt 0.867940 0.925145
vt 0.867955 0.928749
vt 0.865627 0.925137
vt 0.865627 0.928740
vt 0.930071 0.359114
vt 0.930070 0.355510
vt 0.932214 0.359148
vt 0.932214 0.355544
vt 0.925577 0.050546
vt 0.925577 0.046943
vt 0.927890 0.050531
vt 0.927890 0.046928
vt 0.589094 0.928768
vt 0.589094 0.925164
vt 0.591420 0.928741
vt 0.591436 0.925137
vt 0.632795 0.928777
vt 0.632795 0.925173
vt 0.635110 0.928741
vt 0.635126 0.925137
vt 0.381950 0.940385
vt 0.381950 0.936781
vt 0.383908 0.940434
vt 0.383893 0.936829
vt 0.078455 0.945560
vt 0.078440 0.949166
vt 0.076749 0.945610
vt 0.076749 0.949215
vt 0.943791 0.693100
vt 0.943791 0.689495
vt 0.945603 0.693087
vt 0.945603 0.689481
vt 0.859190 0.925178
vt 0.859205 0.928785
vt 0.856904 0.925137
vt 0.856904 0.928742
vt 0.927785 0.626187
vt 0.927784 0.629792
vt 0.925577 0.626248
vt 0.925577 0.629853
vt 0.930086 0.620939
vt 0.930070 0.617336
vt 0.932158 0.620973
vt 0.932158 0.617369
vt 0.932249 0.269434
vt 0.932249 0.273037
vt 0.930070 0.269433
vt 0.930085 0.273037
vt 0.936766 0.513537
vt 0.936766 0.517141
vt 0.934750 0.513530
vt 0.934765 0.517134
vt 0.830648 0.928742
vt 0.830648 0.925137
vt 0.832968 0.928764
vt 0.832952 0.925159
vt 0.934750 0.135902
vt 0.934765 0.132297
vt 0.936780 0.135898
vt 0.936780 0.132293
vt 0.925577 0.292717
vt 0.925577 0.289112
vt 0.927863 0.292731
vt 0.927848 0.289126
vt 0.737889 0.975646
vt 0.738483 0.975630
vt 0.737889 0.977876
vt 0.738483 0.977873
vt 0.899792 0.332918
vt 0.899792 0.339937
vt 0.897650 0.332930
vt 0.897650 0.339949
vt 0.897650 0.389658
vt 0.901254 0.389674
vt 0.897650 0.391996
vt 0.901254 0.391997
vt 0.901254 0.387353
vt 0.897650 0.387337
vt 0.903791 0.416854
vt 0.907395 0.416931
vt 0.903791 0.418967
vt 0.907395 0.419028
vt 0.903791 0.421143
vt 0.907395 0.421205
vt 0.897650 0.556070
vt 0.901254 0.556132
vt 0.897650 0.558325
vt 0.901254 0.558372
vt 0.897650 0.560613
vt 0.901254 0.560629
vt 0.060204 0.978012
vt 0.059610 0.977923
vt 0.060204 0.975707
vt 0.059610 0.975630
vt 0.319072 0.977954
vt 0.318479 0.977840
vt 0.319072 0.975731
vt 0.318479 0.975630
vt 0.615435 0.975634
vt 0.616028 0.975630
vt 0.615435 0.977892
vt 0.616028 0.977902
vt 0.232208 0.977975
vt 0.231615 0.977874
vt 0.232208 0.975719
vt 0.231615 0.975630
vt 0.907396 0.500372
vt 0.903791 0.500358
vt 0.907398 0.498262
vt 0.903792 0.498264
vt 0.907396 0.496089
vt 0.903791 0.496106
vt 0.905691 0.471580
vt 0.905691 0.478600
vt 0.903791 0.471578
vt 0.903791 0.478598
vt 0.911328 0.010345
vt 0.911328 0.017365
vt 0.909561 0.010342
vt 0.909561 0.017362
vt 0.930070 0.803857
vt 0.930070 0.800253
vt 0.932119 0.803908
vt 0.932118 0.800303
vt 0.329094 0.975630
vt 0.329688 0.975639
vt 0.329094 0.977917
vt 0.329688 0.977954
vt 0.903791 0.110837
vt 0.903791 0.103817
vt 0.905768 0.110840
vt 0.905768 0.103820
vt 0.322221 0.884337
vt 0.322221 0.891358
vt 0.320235 0.884335
vt 0.320235 0.891355
vt 0.318147 0.884333
vt 0.318147 0.891353
vt 0.550723 0.891357
vt 0.550723 0.884336
vt 0.552495 0.891360
vt 0.552495 0.884340
vt 0.548849 0.884333
vt 0.548849 0.891353
vt 0.899763 0.438858
vt 0.899763 0.445878
vt 0.897650 0.438858
vt 0.897650 0.445878
vt 0.894028 0.556405
vt 0.894028 0.563426
vt 0.891687 0.556405
vt 0.891687 0.563426
vt 0.899826 0.179122
vt 0.899826 0.186142
vt 0.897650 0.179122
vt 0.897650 0.186142
vt 0.897650 0.520115
vt 0.897650 0.513094
vt 0.899731 0.520117
vt 0.899731 0.513097
vt 0.880200 0.227266
vt 0.880200 0.234286
vt 0.877872 0.227266
vt 0.877872 0.234286
vt 0.882500 0.234286
vt 0.882500 0.227265
vt 0.978260 0.268790
vt 0.978852 0.268634
vt 0.978260 0.270779
vt 0.978852 0.270621
vt 0.658565 0.975761
vt 0.659157 0.975630
vt 0.658565 0.977897
vt 0.659157 0.977779
vt 0.392378 0.977845
vt 0.391786 0.977951
vt 0.392378 0.975630
vt 0.391786 0.975748
vt 0.132243 0.975723
vt 0.132834 0.975630
vt 0.132243 0.977996
vt 0.132834 0.977931
vt 0.600118 0.977903
vt 0.599524 0.977776
vt 0.600118 0.975743
vt 0.599525 0.975630
vt 0.248480 0.981129
vt 0.249071 0.980945
vt 0.248480 0.982992
vt 0.249071 0.982836
vt 0.678898 0.853357
vt 0.678898 0.860377
vt 0.676759 0.853357
vt 0.676759 0.860377
vt 0.674547 0.853358
vt 0.674547 0.860378
vt 0.672291 0.853358
vt 0.672291 0.860378
vt 0.856128 0.760536
vt 0.856128 0.767557
vt 0.854080 0.760537
vt 0.854080 0.767557
vt 0.858087 0.767556
vt 0.858087 0.760536
vt 0.859956 0.767555
vt 0.859956 0.760535
vt 0.859968 0.560150
vt 0.859968 0.567170
vt 0.858094 0.560168
vt 0.858094 0.567187
vt 0.856132 0.560183
vt 0.856132 0.567203
vt 0.854079 0.560197
vt 0.854079 0.567217
vt 0.855535 0.975788
vt 0.856126 0.975630
vt 0.855535 0.977844
vt 0.856126 0.977713
vt 0.978854 0.130727
vt 0.978260 0.130561
vt 0.978854 0.128711
vt 0.978260 0.128573
vt 0.686978 0.981061
vt 0.687569 0.980945
vt 0.686978 0.982901
vt 0.687569 0.982772
vt 0.864331 0.977835
vt 0.863737 0.977697
vt 0.864331 0.975755
vt 0.863737 0.975630
vt 0.237503 0.975735
vt 0.238094 0.975630
vt 0.237503 0.977974
vt 0.238094 0.977881
vt 0.200733 0.983001
vt 0.200139 0.982838
vt 0.200733 0.981110
vt 0.200139 0.980945
vt 0.327260 0.982860
vt 0.326669 0.982977
vt 0.327260 0.980945
vt 0.326669 0.981048
vt 0.787548 0.832232
vt 0.794568 0.832231
vt 0.787548 0.834552
vt 0.794568 0.834552
vt 0.787548 0.836891
vt 0.794568 0.836890
vt 0.794568 0.829943
vt 0.787548 0.829944
vt 0.794569 0.827689
vt 0.787548 0.827689
vt 0.456051 0.975630
vt 0.456641 0.975646
vt 0.456051 0.977939
vt 0.456641 0.977942
vt 0.982147 0.057201
vt 0.981552 0.057013
vt 0.982147 0.055528
vt 0.981552 0.055339
vt 0.752613 0.977799
vt 0.752022 0.977876
vt 0.752613 0.975630
vt 0.752022 0.975694
vt 0.607389 0.980945
vt 0.607984 0.981107
vt 0.607389 0.982729
vt 0.607984 0.982919
vt 0.646474 0.981141
vt 0.647065 0.980945
vt 0.646474 0.982909
vt 0.647065 0.982725
vt 0.478102 0.977931
vt 0.477511 0.977941
vt 0.478102 0.975633
vt 0.477511 0.975630
vt 0.981553 0.136132
vt 0.982144 0.135937
vt 0.981553 0.137788
vt 0.982144 0.137591
vt 0.981552 0.083336
vt 0.982143 0.083206
vt 0.981552 0.085069
vt 0.982143 0.084925
vt 0.982143 0.246493
vt 0.981552 0.246358
vt 0.982143 0.244814
vt 0.981552 0.244665
vt 0.578176 0.975630
vt 0.578767 0.975672
vt 0.578176 0.977888
vt 0.578767 0.977917
vt 0.383832 0.975630
vt 0.384423 0.975659
vt 0.383832 0.977936
vt 0.384423 0.977952
vt 0.677996 0.975630
vt 0.678587 0.975685
vt 0.677996 0.977855
vt 0.678587 0.977897
vt 0.978851 0.395796
vt 0.978260 0.395899
vt 0.978851 0.393760
vt 0.978260 0.393850
vt 0.546094 0.977858
vt 0.545503 0.977922
vt 0.546094 0.975630
vt 0.545503 0.975681
vt 0.050062 0.983045
vt 0.049471 0.982949
vt 0.050062 0.981053
vt 0.049471 0.980945
vt 0.399619 0.982964
vt 0.399028 0.982856
vt 0.399619 0.981067
vt 0.399028 0.980945
vt 0.963421 0.977725
vt 0.962830 0.977815
vt 0.963421 0.975630
vt 0.962830 0.975707
vt 0.177993 0.826444
vt 0.170973 0.826439
vt 0.177993 0.824167
vt 0.170973 0.824162
vt 0.177994 0.821853
vt 0.170974 0.821849
vt 0.170973 0.828679
vt 0.177993 0.828683
vt 0.170973 0.830836
vt 0.177993 0.830841
vt 0.170974 0.832927
vt 0.177994 0.832931
vt 0.507635 0.830554
vt 0.500615 0.830580
vt 0.507640 0.828445
vt 0.500620 0.828471
vt 0.507642 0.826271
vt 0.500623 0.826297
vt 0.507642 0.824019
vt 0.500623 0.824045
vt 0.507640 0.821732
vt 0.500620 0.821758
vt 0.507635 0.819412
vt 0.500615 0.819438
vt 0.063432 0.841805
vt 0.056412 0.841855
vt 0.063440 0.840103
vt 0.911295 0.443915
vt 0.911295 0.450935
vt 0.909561 0.443916
vt 0.909561 0.450936
vt 0.056420 0.840153
vt 0.063445 0.838292
vt 0.056425 0.838342
vt 0.063447 0.836370
vt 0.056428 0.836420
vt 0.063447 0.834340
vt 0.056428 0.834390
vt 0.911299 0.128377
vt 0.911299 0.135396
vt 0.909561 0.128396
vt 0.909561 0.135416
vt 0.015769 0.859053
vt 0.015771 0.860725
vt 0.008750 0.860717
vt 0.008749 0.859045
vt 0.015768 0.857269
vt 0.008748 0.857261
vt 0.015768 0.855373
vt 0.008748 0.855365
vt 0.015768 0.853365
vt 0.008748 0.853357
vt 0.847579 0.975630
vt 0.848170 0.975698
vt 0.847579 0.977792
vt 0.848170 0.977847
vt 0.851426 0.982868
vt 0.850835 0.982746
vt 0.851426 0.981080
vt 0.850835 0.980945
vt 0.978851 0.088189
vt 0.978260 0.088122
vt 0.978851 0.086119
vt 0.978260 0.086024
vt 0.362380 0.977916
vt 0.361789 0.977953
vt 0.362380 0.975630
vt 0.361789 0.975640
vt 0.488337 0.977887
vt 0.487746 0.977938
vt 0.488337 0.975630
vt 0.487746 0.975667
vt 0.242954 0.816594
vt 0.249973 0.816606
vt 0.242950 0.818935
vt 0.249970 0.818947
vt 0.242945 0.821273
vt 0.249964 0.821285
vt 0.249975 0.814278
vt 0.242955 0.814266
vt 0.249973 0.811977
vt 0.242954 0.811964
vt 0.249970 0.809719
vt 0.242950 0.809707
vt 0.249964 0.807504
vt 0.242945 0.807492
vt 0.780335 0.806539
vt 0.787356 0.806537
vt 0.780335 0.808768
vt 0.787357 0.804393
vt 0.780337 0.804395
vt 0.787355 0.808766
vt 0.780334 0.811036
vt 0.787355 0.811034
vt 0.780334 0.813345
vt 0.787355 0.813343
vt 0.780335 0.815677
vt 0.787355 0.815675
vt 0.780335 0.818019
vt 0.787356 0.818017
vt 0.780337 0.820354
vt 0.787357 0.820352
vt 0.486391 0.842394
vt 0.479371 0.842396
vt 0.486391 0.840360
vt 0.479371 0.840362
vt 0.486391 0.838435
vt 0.479371 0.838437
vt 0.486391 0.836618
vt 0.479371 0.836621
vt 0.486391 0.834911
vt 0.479371 0.834913
vt 0.711252 0.827637
vt 0.711251 0.825969
vt 0.718271 0.825981
vt 0.718272 0.827650
vt 0.711253 0.829447
vt 0.718273 0.829459
vt 0.711253 0.831353
vt 0.718273 0.831365
vt 0.711252 0.833369
vt 0.718272 0.833382
vt 0.711251 0.835451
vt 0.718271 0.835464
vt 0.479759 0.786724
vt 0.486779 0.786724
vt 0.479759 0.789061
vt 0.486780 0.789060
vt 0.486778 0.784408
vt 0.479759 0.791402
vt 0.479758 0.784408
vt 0.486780 0.791402
vt 0.486777 0.782128
vt 0.479759 0.793733
vt 0.479757 0.782128
vt 0.486779 0.793733
vt 0.486775 0.779898
vt 0.479758 0.796039
vt 0.479755 0.779898
vt 0.486773 0.777719
vt 0.479753 0.777719
vt 0.486778 0.796038
vt 0.479757 0.798319
vt 0.486777 0.798319
vt 0.479755 0.800527
vt 0.486775 0.800527
vt 0.479753 0.802679
vt 0.486773 0.802679
vt 0.978749 0.473322
vt 0.978260 0.473397
vt 0.978749 0.471092
vt 0.978260 0.471140
vt 0.978260 0.600366
vt 0.978750 0.600278
vt 0.978260 0.602578
vt 0.978750 0.602516
vt 0.978260 0.285853
vt 0.978753 0.285780
vt 0.978260 0.288085
vt 0.978753 0.288039
vt 0.978261 0.427861
vt 0.978748 0.427793
vt 0.978260 0.430100
vt 0.978748 0.430059
vt 0.978749 0.545735
vt 0.978260 0.545836
vt 0.978749 0.543532
vt 0.978260 0.543607
vt 0.982041 0.163071
vt 0.981552 0.162855
vt 0.982041 0.161295
vt 0.981552 0.161067
vt 0.274121 0.980945
vt 0.274610 0.981108
vt 0.274121 0.983015
vt 0.274610 0.983151
vt 0.978753 0.383138
vt 0.978260 0.383106
vt 0.978753 0.380843
vt 0.978260 0.380837
vt 0.981552 0.039680
vt 0.982046 0.039463
vt 0.981552 0.041482
vt 0.982046 0.041294
vt 0.982046 0.159006
vt 0.981552 0.158781
vt 0.982046 0.157222
vt 0.981552 0.157009
vt 0.266962 0.983146
vt 0.266469 0.982985
vt 0.266962 0.981079
vt 0.266469 0.980945
vt 0.978260 0.547897
vt 0.978748 0.547909
vt 0.978260 0.550163
vt 0.978748 0.550201
vt 0.978260 0.636077
vt 0.978750 0.636068
vt 0.978260 0.638350
vt 0.978750 0.638367
vt 0.951522 0.980945
vt 0.952012 0.981149
vt 0.951522 0.982777
vt 0.952012 0.982995
vt 0.978260 0.319959
vt 0.978753 0.319860
vt 0.978260 0.322163
vt 0.978753 0.322090
vt 0.978750 0.819165
vt 0.978260 0.819253
vt 0.978750 0.816962
vt 0.978260 0.817076
vt 0.360034 0.980945
vt 0.360522 0.981089
vt 0.360034 0.982966
vt 0.360522 0.983137
vt 0.969352 0.981162
vt 0.969840 0.980945
vt 0.969352 0.982990
vt 0.969840 0.982802
vt 0.172735 0.980945
vt 0.173224 0.981068
vt 0.172735 0.983026
vt 0.173224 0.983177
vt 0.978260 0.363458
vt 0.978748 0.363364
vt 0.978260 0.365673
vt 0.978748 0.365605
vt 0.981552 0.289923
vt 0.982040 0.290146
vt 0.981552 0.291667
vt 0.982040 0.291902
vt 0.978260 0.627347
vt 0.978749 0.627378
vt 0.978260 0.629643
vt 0.978749 0.629647
vt 0.978261 0.926137
vt 0.978748 0.926015
vt 0.978260 0.928295
vt 0.978748 0.928201
vt 0.981552 0.399790
vt 0.982040 0.399546
vt 0.981552 0.401515
vt 0.982040 0.401298
vt 0.978260 0.943429
vt 0.978753 0.943304
vt 0.978260 0.945574
vt 0.978753 0.945476
vt 0.044758 0.983087
vt 0.044270 0.983216
vt 0.044758 0.980945
vt 0.044270 0.981046
vt 0.076196 0.983200
vt 0.075703 0.983065
vt 0.076196 0.981054
vt 0.075703 0.980945
vt 0.663940 0.981030
vt 0.664306 0.980945
vt 0.664306 0.983280
vt 0.981553 0.751466
vt 0.981978 0.753136
vt 0.981553 0.753468
vt 0.101842 0.983081
vt 0.101353 0.983196
vt 0.101842 0.980945
vt 0.101353 0.981086
vt 0.982041 0.077000
vt 0.981552 0.077222
vt 0.982041 0.075201
vt 0.981552 0.075395
vt 0.978260 0.938966
vt 0.978750 0.939062
vt 0.978260 0.941120
vt 0.978750 0.941243
vt 0.088401 0.980945
vt 0.088890 0.981081
vt 0.088401 0.983094
vt 0.088890 0.983204
vt 0.751214 0.980957
vt 0.751571 0.980945
vt 0.751195 0.983236
vt 0.751571 0.983243
vt 0.129258 0.980945
vt 0.129746 0.981063
vt 0.129258 0.983049
vt 0.129746 0.983193
vt 0.981552 0.306630
vt 0.982042 0.306399
vt 0.981552 0.308371
vt 0.982042 0.308167
vt 0.978260 0.188722
vt 0.978750 0.188739
vt 0.978260 0.191000
vt 0.978750 0.191043
vt 0.978260 0.530478
vt 0.978748 0.530436
vt 0.978260 0.532741
vt 0.978748 0.532727
vt 0.982041 0.671886
vt 0.981552 0.671658
vt 0.982041 0.670233
vt 0.981552 0.669978
vt 0.385855 0.980945
vt 0.386344 0.981095
vt 0.385855 0.982970
vt 0.386344 0.983131
vt 0.978753 0.109469
vt 0.978260 0.109412
vt 0.978753 0.107177
vt 0.978260 0.107146
vt 0.978749 0.422053
vt 0.978260 0.422102
vt 0.978749 0.419795
vt 0.978260 0.419816
vt 0.978260 0.154051
vt 0.978749 0.154108
vt 0.978260 0.156344
vt 0.978749 0.156375
vt 0.981552 0.554835
vt 0.982041 0.554613
vt 0.981552 0.556554
vt 0.982041 0.556306
vt 0.981553 0.809763
vt 0.982042 0.809505
vt 0.981553 0.811392
vt 0.982042 0.811161
vt 0.575491 0.983099
vt 0.575002 0.982936
vt 0.575491 0.981119
vt 0.575002 0.980945
vt 0.978260 0.162822
vt 0.978748 0.162860
vt 0.978260 0.165082
vt 0.978748 0.165147
vt 0.982047 0.683773
vt 0.981552 0.683523
vt 0.982047 0.682099
vt 0.981553 0.681875
vt 0.978260 0.281460
vt 0.978753 0.281413
vt 0.978260 0.283720
vt 0.978753 0.283700
vt 0.568181 0.983093
vt 0.567688 0.982921
vt 0.568181 0.981105
vt 0.567688 0.980945
vt 0.627830 0.980945
vt 0.628318 0.981115
vt 0.627830 0.982900
vt 0.628318 0.983081
vt 0.981553 0.453347
vt 0.982042 0.453565
vt 0.981552 0.455063
vt 0.982042 0.455307
vt 0.978260 0.298943
vt 0.978750 0.298882
vt 0.978260 0.301191
vt 0.978750 0.301155
vt 0.880559 0.983010
vt 0.880066 0.982797
vt 0.880559 0.981116
vt 0.880066 0.980945
vt 0.978260 0.864520
vt 0.978748 0.864612
vt 0.978260 0.866691
vt 0.978748 0.866809
vt 0.167637 0.981093
vt 0.168125 0.980945
vt 0.167637 0.983182
vt 0.168125 0.983060
vt 0.885658 0.983017
vt 0.885169 0.982842
vt 0.885658 0.981161
vt 0.885169 0.980945
vt 0.319056 0.983000
vt 0.318567 0.983141
vt 0.319057 0.980945
vt 0.318567 0.981112
vt 0.222482 0.983014
vt 0.221994 0.983169
vt 0.222482 0.980945
vt 0.221994 0.981073
vt 0.708232 0.980945
vt 0.708722 0.981106
vt 0.708232 0.982851
vt 0.708722 0.983056
vt 0.964255 0.980945
vt 0.964743 0.981126
vt 0.964255 0.982772
vt 0.964743 0.982995
vt 0.191194 0.981096
vt 0.191688 0.980945
vt 0.191194 0.983168
vt 0.191687 0.983043
vt 0.978260 0.710824
vt 0.978748 0.710810
vt 0.978260 0.713097
vt 0.978748 0.713109
vt 0.978753 0.647080
vt 0.978260 0.646971
vt 0.978753 0.644870
vt 0.978260 0.644787
vt 0.978260 0.582823
vt 0.978749 0.582906
vt 0.978260 0.585068
vt 0.978749 0.585125
vt 0.978749 0.708727
vt 0.978260 0.708749
vt 0.978749 0.706455
vt 0.978260 0.706451
vt 0.978260 0.684642
vt 0.978748 0.684707
vt 0.978261 0.686850
vt 0.978748 0.686942
vt 0.978260 0.406695
vt 0.978750 0.406738
vt 0.978260 0.408931
vt 0.978750 0.409000
vt 0.978753 0.361303
vt 0.978260 0.361220
vt 0.978753 0.359059
vt 0.978260 0.359002
vt 0.978260 0.372103
vt 0.978750 0.372172
vt 0.978260 0.374313
vt 0.978750 0.374409
vt 0.978753 0.464663
vt 0.978260 0.464657
vt 0.978753 0.462365
vt 0.978260 0.462385
vt 0.978260 0.771446
vt 0.978749 0.771556
vt 0.978260 0.773658
vt 0.978749 0.773741
vt 0.978260 0.500981
vt 0.978750 0.500945
vt 0.978260 0.503248
vt 0.978750 0.503238
vt 0.934371 0.981150
vt 0.934861 0.980945
vt 0.934371 0.983001
vt 0.934861 0.982808
vt 0.697833 0.981133
vt 0.698320 0.980945
vt 0.697833 0.983063
vt 0.698320 0.982887
vt 0.281768 0.981120
vt 0.282256 0.980945
vt 0.281768 0.983152
vt 0.282256 0.983004
vt 0.787452 0.982848
vt 0.786964 0.983042
vt 0.787452 0.980945
vt 0.786964 0.981126
vt 0.310908 0.981122
vt 0.311402 0.980945
vt 0.310908 0.983135
vt 0.311402 0.982984
vt 0.753632 0.981134
vt 0.754126 0.980945
vt 0.753632 0.983041
vt 0.754126 0.982864
vt 0.559931 0.981138
vt 0.560420 0.980945
vt 0.559931 0.983101
vt 0.560420 0.982934
vt 0.373361 0.982953
vt 0.372873 0.983135
vt 0.373361 0.980945
vt 0.372873 0.981099
vt 0.963949 0.302914
vt 0.965126 0.303008
vt 0.963949 0.305228
vt 0.965131 0.305221
vt 0.968811 0.432744
vt 0.967707 0.432657
vt 0.968811 0.430430
vt 0.967703 0.430444
vt 0.963949 0.104699
vt 0.965135 0.104722
vt 0.963949 0.107013
vt 0.965140 0.106936
vt 0.852219 0.962630
vt 0.853414 0.962683
vt 0.852219 0.964942
vt 0.853422 0.964901
vt 0.963957 0.396222
vt 0.965123 0.396213
vt 0.963949 0.398532
vt 0.965123 0.398429
vt 0.968821 0.194557
vt 0.967707 0.194546
vt 0.968821 0.192243
vt 0.967703 0.192333
vt 0.963949 0.379229
vt 0.965128 0.379312
vt 0.963949 0.381534
vt 0.965132 0.381536
vt 0.968828 0.142321
vt 0.967703 0.142304
vt 0.968828 0.140014
vt 0.967717 0.140091
vt 0.965094 0.896125
vt 0.963949 0.896022
vt 0.965088 0.893822
vt 0.963955 0.893822
vt 0.968809 0.502506
vt 0.967711 0.502490
vt 0.968809 0.500194
vt 0.967703 0.500272
vt 0.963949 0.521612
vt 0.965123 0.521619
vt 0.963949 0.523916
vt 0.965112 0.523819
vt 0.963952 0.443801
vt 0.965118 0.443801
vt 0.963949 0.446115
vt 0.965120 0.446028
vt 0.813060 0.962630
vt 0.814268 0.962680
vt 0.813060 0.964939
vt 0.814266 0.964902
vt 0.963949 0.550794
vt 0.965114 0.550787
vt 0.963949 0.553101
vt 0.965112 0.553007
vt 0.963949 0.091600
vt 0.965142 0.091613
vt 0.963949 0.093906
vt 0.965147 0.093839
vt 0.968825 0.129214
vt 0.967703 0.129216
vt 0.968829 0.126909
vt 0.967703 0.126992
vt 0.968829 0.181894
vt 0.967714 0.181804
vt 0.968829 0.179589
vt 0.967703 0.179603
vt 0.963949 0.100333
vt 0.965136 0.100412
vt 0.963949 0.102638
vt 0.965148 0.102613
vt 0.963951 0.584261
vt 0.965110 0.584245
vt 0.963949 0.586560
vt 0.965110 0.586462
vt 0.968813 0.474532
vt 0.967707 0.474462
vt 0.968813 0.472225
vt 0.967703 0.472236
vt 0.968824 0.240384
vt 0.967703 0.240291
vt 0.968824 0.238076
vt 0.967717 0.238078
vt 0.968820 0.406501
vt 0.967714 0.406487
vt 0.968820 0.404196
vt 0.967703 0.404286
vt 0.965086 0.949637
vt 0.963957 0.949552
vt 0.965086 0.947327
vt 0.963949 0.947336
vt 0.968811 0.574858
vt 0.967703 0.574818
vt 0.968811 0.572553
vt 0.967714 0.572616
vt 0.924472 0.962630
vt 0.925679 0.962667
vt 0.924472 0.964931
vt 0.925680 0.964887
vt 0.963949 0.130625
vt 0.965144 0.130719
vt 0.963949 0.132932
vt 0.965130 0.132932
vt 0.862031 0.962630
vt 0.863238 0.962700
vt 0.862031 0.964936
vt 0.863227 0.964902
vt 0.963949 0.087229
vt 0.965144 0.087237
vt 0.963949 0.089539
vt 0.965127 0.089463
vt 0.965105 0.752234
vt 0.963956 0.752133
vt 0.965105 0.749936
vt 0.963949 0.749930
vt 0.707935 0.962630
vt 0.709140 0.962689
vt 0.707935 0.964947
vt 0.709144 0.964919
vt 0.963949 0.039421
vt 0.965148 0.039445
vt 0.963949 0.041729
vt 0.965133 0.041658
vt 0.786713 0.962630
vt 0.787920 0.962708
vt 0.786713 0.964942
vt 0.787903 0.964935
vt 0.963950 0.252958
vt 0.965129 0.252966
vt 0.963950 0.255262
vt 0.965140 0.255167
vt 0.963951 0.143728
vt 0.965146 0.143726
vt 0.963949 0.146030
vt 0.965146 0.145955
vt 0.832613 0.962630
vt 0.833816 0.962684
vt 0.832613 0.964938
vt 0.833821 0.964910
vt 0.963949 0.121898
vt 0.965146 0.121966
vt 0.963949 0.124201
vt 0.965148 0.124195
vt 0.965086 0.954003
vt 0.963952 0.953921
vt 0.965089 0.951697
vt 0.963949 0.951697
vt 0.868567 0.962630
vt 0.869780 0.962658
vt 0.868567 0.964928
vt 0.869776 0.964865
vt 0.829347 0.962630
vt 0.830546 0.962653
vt 0.829347 0.964942
vt 0.830552 0.964854
vt 0.968827 0.244747
vt 0.967704 0.244674
vt 0.968828 0.242445
vt 0.967703 0.242445
vt 0.968824 0.164679
vt 0.967703 0.164660
vt 0.968824 0.162368
vt 0.967720 0.162433
vt 0.968817 0.415247
vt 0.967708 0.415238
vt 0.968817 0.412940
vt 0.967703 0.413012
vt 0.968810 0.410879
vt 0.967707 0.410841
vt 0.968810 0.408562
vt 0.967703 0.408611
vt 0.968813 0.275357
vt 0.967703 0.275298
vt 0.968813 0.273036
vt 0.967711 0.273091
vt 0.968824 0.270972
vt 0.967703 0.270975
vt 0.968826 0.268670
vt 0.967703 0.268746
vt 0.968839 0.007716
vt 0.967703 0.007631
vt 0.968821 0.005405
vt 0.967703 0.005405
vt 0.968808 0.606169
vt 0.967703 0.606132
vt 0.968808 0.603860
vt 0.967705 0.603910
vt 0.968808 0.677718
vt 0.967704 0.677686
vt 0.968808 0.675417
vt 0.967703 0.675466
vt 0.647280 0.962630
vt 0.648494 0.962687
vt 0.647280 0.964952
vt 0.648485 0.964894
vt 0.963949 0.512868
vt 0.965111 0.512874
vt 0.963949 0.515187
vt 0.965103 0.515078
vt 0.968817 0.385926
vt 0.967709 0.385853
vt 0.968817 0.383614
vt 0.967703 0.383652
vt 0.963955 0.178268
vt 0.965134 0.178258
vt 0.963949 0.180574
vt 0.965134 0.180482
vt 0.965098 0.604064
vt 0.963953 0.603964
vt 0.965098 0.601750
vt 0.963949 0.601736
vt 0.965101 0.711952
vt 0.963949 0.711857
vt 0.965099 0.709646
vt 0.963949 0.709638
vt 0.968838 0.047058
vt 0.967708 0.047058
vt 0.968838 0.044748
vt 0.967703 0.044858
vt 0.963949 0.274795
vt 0.965129 0.274886
vt 0.963949 0.277105
vt 0.965135 0.277086
vt 0.965115 0.424622
vt 0.963949 0.424519
vt 0.965103 0.422303
vt 0.963949 0.422299
vt 0.965097 0.874504
vt 0.963949 0.874509
vt 0.965097 0.872207
vt 0.963953 0.872304
vt 0.965090 0.668693
vt 0.963949 0.668711
vt 0.965093 0.666382
vt 0.963949 0.666477
vt 0.968820 0.292834
vt 0.967706 0.292782
vt 0.968820 0.290521
vt 0.967703 0.290546
vt 0.963949 0.636153
vt 0.965105 0.636148
vt 0.963949 0.638463
vt 0.965102 0.638367
vt 0.669335 0.962630
vt 0.670545 0.962664
vt 0.669335 0.964944
vt 0.670549 0.964886
vt 0.717747 0.962630
vt 0.718955 0.962640
vt 0.717747 0.964943
vt 0.718958 0.964875
vt 0.968822 0.332160
vt 0.967706 0.332139
vt 0.968822 0.329853
vt 0.967703 0.329924
vt 0.965120 0.502057
vt 0.963952 0.501963
vt 0.965120 0.499766
vt 0.963949 0.499749
vt 0.967703 0.353038
vt 0.968817 0.353007
vt 0.967707 0.355260
vt 0.968817 0.355320
vt 0.968818 0.524312
vt 0.967703 0.524249
vt 0.968818 0.522014
vt 0.967707 0.522042
vt 0.806521 0.962630
vt 0.807727 0.962704
vt 0.806521 0.964938
vt 0.807730 0.964919
vt 0.967703 0.662374
vt 0.968815 0.662345
vt 0.967706 0.664591
vt 0.968815 0.664639
vt 0.652783 0.962630
vt 0.653998 0.962668
vt 0.652783 0.964943
vt 0.653995 0.964889
vt 0.965128 0.338810
vt 0.963954 0.338714
vt 0.965128 0.336498
vt 0.963949 0.336494
vt 0.963954 0.692145
vt 0.965101 0.692142
vt 0.963949 0.694456
vt 0.965101 0.694363
vt 0.965124 0.415863
vt 0.963949 0.415767
vt 0.965120 0.413553
vt 0.963949 0.413549
vt 0.894869 0.962630
vt 0.896081 0.962668
vt 0.894869 0.964924
vt 0.896084 0.964885
vt 0.963952 0.745578
vt 0.965108 0.745570
vt 0.963949 0.747869
vt 0.965108 0.747785
vt 0.963949 0.195743
vt 0.965137 0.195748
vt 0.963949 0.198049
vt 0.965140 0.197962
vt 0.963949 0.452551
vt 0.965132 0.452643
vt 0.963952 0.454848
vt 0.965130 0.454848
vt 0.963952 0.244214
vt 0.965135 0.244291
vt 0.963949 0.246525
vt 0.965136 0.246525
vt 0.965088 0.913156
vt 0.963952 0.913061
vt 0.965088 0.910850
vt 0.963949 0.910847
vt 0.967706 0.379276
vt 0.968816 0.379240
vt 0.967703 0.381496
vt 0.968816 0.381553
vt 0.974802 0.206626
vt 0.975519 0.206626
vt 0.974808 0.208827
vt 0.975514 0.208880
vt 0.971419 0.698277
vt 0.972151 0.698240
vt 0.971430 0.700479
vt 0.972151 0.700496
vt 0.974802 0.786437
vt 0.975484 0.786483
vt 0.974802 0.788711
vt 0.975472 0.788701
vt 0.974802 0.397338
vt 0.975498 0.397345
vt 0.974802 0.399610
vt 0.975486 0.399561
vt 0.974803 0.724916
vt 0.975489 0.724916
vt 0.974802 0.727170
vt 0.975499 0.727117
vt 0.971425 0.759257
vt 0.972133 0.759257
vt 0.971419 0.761473
vt 0.972139 0.761530
vt 0.017431 0.975630
vt 0.018101 0.975666
vt 0.017431 0.977885
vt 0.018111 0.977869
vt 0.971431 0.224542
vt 0.972152 0.224508
vt 0.971419 0.226759
vt 0.972152 0.226782
vt 0.974802 0.799435
vt 0.975486 0.799451
vt 0.974802 0.801706
vt 0.975483 0.801665
vt 0.974802 0.605774
vt 0.975481 0.605812
vt 0.974802 0.608062
vt 0.975479 0.608042
vt 0.974802 0.769136
vt 0.975489 0.769140
vt 0.974802 0.771403
vt 0.975486 0.771342
vt 0.971421 0.638279
vt 0.972133 0.638277
vt 0.971419 0.640507
vt 0.972133 0.640563
vt 0.974802 0.676263
vt 0.975491 0.676319
vt 0.974802 0.678533
vt 0.975488 0.678532
vt 0.974802 0.384316
vt 0.975486 0.384366
vt 0.974802 0.386603
vt 0.975490 0.386595
vt 0.974802 0.795107
vt 0.975488 0.795151
vt 0.974802 0.797374
vt 0.975485 0.797353
vt 0.974802 0.158984
vt 0.975501 0.158987
vt 0.974802 0.161269
vt 0.975498 0.161215
vt 0.971421 0.005443
vt 0.972152 0.005407
vt 0.971419 0.007672
vt 0.972152 0.007695
vt 0.971422 0.612319
vt 0.972145 0.612260
vt 0.971419 0.614521
vt 0.972145 0.614527
vt 0.971419 0.211484
vt 0.972144 0.211435
vt 0.971422 0.213713
vt 0.972144 0.213722
vt 0.971421 0.689637
vt 0.972142 0.689593
vt 0.971419 0.691850
vt 0.972142 0.691863
vt 0.974802 0.463413
vt 0.975485 0.463422
vt 0.974802 0.465699
vt 0.975488 0.465651
vt 0.971419 0.176735
vt 0.972145 0.176724
vt 0.971421 0.178964
vt 0.972145 0.179011
vt 0.971421 0.478524
vt 0.972146 0.478517
vt 0.971419 0.480737
vt 0.972146 0.480788
vt 0.971422 0.667925
vt 0.972144 0.667903
vt 0.971419 0.670127
vt 0.972144 0.670170
vt 0.971424 0.123500
vt 0.972156 0.123487
vt 0.971419 0.125720
vt 0.972156 0.125759
vt 0.971425 0.202768
vt 0.972154 0.202756
vt 0.971419 0.204982
vt 0.972154 0.205027
vt 0.974802 0.349604
vt 0.975493 0.349607
vt 0.974802 0.351883
vt 0.975496 0.351831
vt 0.974803 0.307986
vt 0.975501 0.307986
vt 0.974802 0.310249
vt 0.975508 0.310205
vt 0.974802 0.189324
vt 0.975509 0.189339
vt 0.974802 0.191594
vt 0.975504 0.191556
vt 0.971419 0.890415
vt 0.972131 0.890416
vt 0.971426 0.892620
vt 0.972131 0.892692
vt 0.974802 0.631697
vt 0.975483 0.631738
vt 0.974802 0.633976
vt 0.975486 0.633964
vt 0.974802 0.864496
vt 0.975484 0.864542
vt 0.974802 0.866768
vt 0.975479 0.866761
vt 0.971419 0.150719
vt 0.972151 0.150680
vt 0.971422 0.152945
vt 0.972151 0.152959
vt 0.971419 0.031440
vt 0.972157 0.031412
vt 0.971426 0.033647
vt 0.972157 0.033690
vt 0.971419 0.259249
vt 0.972157 0.259227
vt 0.971426 0.261471
vt 0.972157 0.261493
vt 0.974802 0.904034
vt 0.975478 0.904067
vt 0.974802 0.906300
vt 0.975485 0.906289
vt 0.974802 0.716263
vt 0.975477 0.716309
vt 0.974802 0.718541
vt 0.975484 0.718516
vt 0.971419 0.654884
vt 0.972127 0.654900
vt 0.971419 0.657102
vt 0.972133 0.657169
vt 0.971419 0.803842
vt 0.972136 0.803852
vt 0.971426 0.806062
vt 0.972136 0.806115
vt 0.971419 0.513182
vt 0.972141 0.513179
vt 0.971419 0.515406
vt 0.972138 0.515457
vt 0.971425 0.508897
vt 0.972146 0.508848
vt 0.971419 0.511110
vt 0.972146 0.511118
vt 0.974802 0.031858
vt 0.975504 0.031875
vt 0.974802 0.034134
vt 0.975511 0.034080
vt 0.975487 0.761707
vt 0.974802 0.761736
vt 0.975482 0.759472
vt 0.974802 0.759465
vt 0.974802 0.405998
vt 0.975502 0.406063
vt 0.974802 0.408265
vt 0.975502 0.408263
vt 0.974814 0.618791
vt 0.975496 0.618825
vt 0.974802 0.621052
vt 0.975498 0.621052
vt 0.971419 0.581956
vt 0.972140 0.581913
vt 0.971419 0.584190
vt 0.972135 0.584182
vt 0.975487 0.814657
vt 0.974802 0.814697
vt 0.975487 0.812456
vt 0.974802 0.812429
vt 0.971419 0.298357
vt 0.972158 0.298323
vt 0.971422 0.300584
vt 0.972147 0.300584
vt 0.939350 0.969403
vt 0.940078 0.969362
vt 0.939339 0.971618
vt 0.940078 0.971641
vt 0.974802 0.440667
vt 0.975499 0.440721
vt 0.974802 0.442937
vt 0.975493 0.442934
vt 0.974816 0.393016
vt 0.975502 0.393011
vt 0.974802 0.395277
vt 0.975502 0.395237
vt 0.974802 0.650222
vt 0.975490 0.650236
vt 0.974802 0.652493
vt 0.975485 0.652450
vt 0.971419 0.241921
vt 0.972155 0.241904
vt 0.971419 0.244122
vt 0.972155 0.244172
vt 0.971419 0.155030
vt 0.972157 0.155020
vt 0.971424 0.157265
vt 0.972157 0.157290
vt 0.971419 0.425468
vt 0.972154 0.425468
vt 0.971430 0.427694
vt 0.972151 0.427728
vt 0.974802 0.180650
vt 0.975500 0.180693
vt 0.974802 0.182919
vt 0.975505 0.182927
vt 0.961616 0.969387
vt 0.962348 0.969362
vt 0.961606 0.971594
vt 0.962348 0.971635
vt 0.971430 0.146345
vt 0.972151 0.146340
vt 0.971419 0.148559
vt 0.972151 0.148619
vt 0.971419 0.782040
vt 0.972141 0.781987
vt 0.971419 0.784240
vt 0.972141 0.784254
vt 0.975501 0.122257
vt 0.974802 0.122262
vt 0.975511 0.120052
vt 0.974802 0.119991
vt 0.974802 0.362623
vt 0.975496 0.362676
vt 0.974802 0.364902
vt 0.975484 0.364891
vt 0.974802 0.079499
vt 0.975513 0.079500
vt 0.974802 0.081766
vt 0.975516 0.081714
vt 0.971429 0.599327
vt 0.972143 0.599269
vt 0.971419 0.601532
vt 0.972143 0.601540
vt 0.971419 0.408189
vt 0.972144 0.408139
vt 0.971420 0.410413
vt 0.972144 0.410416
vt 0.974802 0.833982
vt 0.975484 0.834009
vt 0.974802 0.836251
vt 0.975487 0.836226
vt 0.974802 0.269846
vt 0.975500 0.269896
vt 0.974802 0.272122
vt 0.975501 0.272121
vt 0.971419 0.070472
vt 0.972159 0.070449
vt 0.971421 0.072689
vt 0.972159 0.072718
vt 0.974802 0.171972
vt 0.975503 0.171986
vt 0.974802 0.174250
vt 0.975492 0.174200
vt 0.974802 0.562404
vt 0.975488 0.562416
vt 0.974802 0.564682
vt 0.975489 0.564642
vt 0.975481 0.581991
vt 0.974802 0.582032
vt 0.975491 0.579784
vt 0.974802 0.579758
vt 0.974802 0.070841
vt 0.975514 0.070845
vt 0.974805 0.073056
vt 0.975514 0.073111
vt 0.971419 0.040098
vt 0.972155 0.040084
vt 0.971420 0.042323
vt 0.972155 0.042362
vt 0.971419 0.573237
vt 0.972135 0.573230
vt 0.971419 0.575456
vt 0.972128 0.575516
vt 0.972140 0.356970
vt 0.971419 0.357033
vt 0.972135 0.354751
vt 0.971419 0.354748
vt 0.741381 0.969395
vt 0.742127 0.969362
vt 0.741387 0.971616
vt 0.742127 0.971649
vt 0.974802 0.299313
vt 0.975486 0.299341
vt 0.974802 0.301601
vt 0.975492 0.301562
vt 0.908671 0.969386
vt 0.909414 0.969362
vt 0.908668 0.971609
vt 0.909414 0.971634
vt 0.974802 0.532148
vt 0.975493 0.532164
vt 0.974802 0.534421
vt 0.975491 0.534386
vt 0.971419 0.460154
vt 0.972143 0.460148
vt 0.971419 0.462425
vt 0.972141 0.462369
vt 0.971421 0.926907
vt 0.972133 0.926906
vt 0.971419 0.929128
vt 0.972133 0.929176
vt 0.289383 0.773059
vt 0.289383 0.752878
vt 0.291161 0.773059
vt 0.291161 0.752878
vt 0.287587 0.752878
vt 0.292904 0.773059
vt 0.287587 0.773058
vt 0.285806 0.752878
vt 0.285806 0.773059
vt 0.292904 0.752878
vt 0.294612 0.773059
vt 0.294612 0.752879
vt 0.296285 0.773059
vt 0.296285 0.752879
vt 0.297907 0.773060
vt 0.297907 0.752879
vt 0.622226 0.808066
vt 0.622226 0.828244
vt 0.620726 0.808077
vt 0.620726 0.828256
vt 0.619291 0.808091
vt 0.619291 0.828270
vt 0.617952 0.808105
vt 0.617952 0.828284
vt 0.846018 0.437924
vt 0.846018 0.458105
vt 0.844741 0.437927
vt 0.844741 0.458107
vt 0.843379 0.437929
vt 0.843379 0.458109
vt 0.768227 0.828380
vt 0.768227 0.808200
vt 0.769724 0.828380
vt 0.769724 0.808199
vt 0.766795 0.808201
vt 0.766795 0.828381
vt 0.765461 0.808201
vt 0.765461 0.828382
vt 0.843595 0.414338
vt 0.844894 0.414353
vt 0.844894 0.434532
vt 0.843595 0.434517
vt 0.842211 0.414325
vt 0.842211 0.434503
vt 0.612564 0.240982
vt 0.612564 0.220803
vt 0.614271 0.240988
vt 0.614271 0.220809
vt 0.615942 0.240996
vt 0.615942 0.220817
vt 0.610823 0.220798
vt 0.610823 0.240977
vt 0.609046 0.220796
vt 0.609046 0.240974
vt 0.607251 0.220794
vt 0.607251 0.240973
vt 0.229952 0.818109
vt 0.229952 0.797929
vt 0.231313 0.818112
vt 0.231313 0.797931
vt 0.232768 0.818114
vt 0.232768 0.797933
vt 0.234285 0.818116
vt 0.234285 0.797935
vt 0.235881 0.818117
vt 0.235881 0.797937
vt 0.041025 0.803747
vt 0.041025 0.823928
vt 0.039290 0.803748
vt 0.039290 0.823928
vt 0.037518 0.803748
vt 0.037518 0.823929
vt 0.035725 0.803749
vt 0.035725 0.823929
vt 0.054024 0.812569
vt 0.054024 0.832748
vt 0.052240 0.812572
vt 0.052240 0.832751
vt 0.050488 0.812576
vt 0.050488 0.832754
vt 0.843012 0.269550
vt 0.843012 0.289730
vt 0.841581 0.269547
vt 0.841581 0.289728
vt 0.840229 0.269545
vt 0.840229 0.289725
vt 0.811640 0.816222
vt 0.811640 0.836401
vt 0.809949 0.816229
vt 0.809949 0.836408
vt 0.813379 0.836395
vt 0.813379 0.816216
vt 0.824636 0.361340
vt 0.824636 0.381520
vt 0.822879 0.361339
vt 0.822879 0.381520
vt 0.821152 0.361338
vt 0.821152 0.381518
vt 0.819454 0.361337
vt 0.819454 0.381517
vt 0.363386 0.818603
vt 0.363386 0.838783
vt 0.361690 0.818604
vt 0.361690 0.838784
vt 0.365045 0.838782
vt 0.365045 0.818601
vt 0.590497 0.827850
vt 0.590497 0.807670
vt 0.592255 0.827851
vt 0.592255 0.807671
vt 0.594042 0.827851
vt 0.594042 0.807671
vt 0.001030 0.834678
vt 0.001030 0.814498
vt 0.002733 0.834679
vt 0.002733 0.814499
vt 0.004479 0.834680
vt 0.004479 0.814500
vt 0.118841 0.853357
vt 0.118841 0.873537
vt 0.117068 0.853357
vt 0.117068 0.873538
vt 0.680959 0.873537
vt 0.680959 0.853357
vt 0.682429 0.873538
vt 0.682429 0.853357
vt 0.047942 0.873537
vt 0.047942 0.853357
vt 0.049725 0.873537
vt 0.049725 0.853357
vt 0.034346 0.853357
vt 0.034346 0.873537
vt 0.032561 0.853357
vt 0.032561 0.873537
vt 0.167143 0.853357
vt 0.167143 0.873537
vt 0.165405 0.853358
vt 0.165405 0.873538
vt 0.836476 0.127470
vt 0.836476 0.147650
vt 0.834759 0.127471
vt 0.834759 0.147651
vt 0.838139 0.147648
vt 0.838139 0.127468
vt 0.843410 0.562049
vt 0.843410 0.541868
vt 0.844713 0.562049
vt 0.844713 0.541869
vt 0.842023 0.541868
vt 0.842023 0.562048
vt 0.091981 0.853357
vt 0.091981 0.873537
vt 0.090203 0.853357
vt 0.090203 0.873537
vt 0.263537 0.853358
vt 0.263537 0.873539
vt 0.261884 0.853357
vt 0.261884 0.873537
vt 0.844170 0.818105
vt 0.844170 0.838285
vt 0.842783 0.818107
vt 0.842783 0.838288
vt 0.845454 0.838282
vt 0.845454 0.818101
vt 0.492198 0.873537
vt 0.492198 0.853357
vt 0.493752 0.873538
vt 0.493752 0.853357
vt 0.324541 0.873536
vt 0.324541 0.853357
vt 0.326161 0.873545
vt 0.326161 0.853366
vt 0.453225 0.873538
vt 0.453225 0.853357
vt 0.454802 0.873537
vt 0.454802 0.853357
vt 0.133666 0.873537
vt 0.133666 0.853357
vt 0.135418 0.873537
vt 0.135418 0.853357
vt 0.072782 0.853357
vt 0.072782 0.873536
vt 0.071001 0.853357
vt 0.071001 0.873536
vt 0.307350 0.853357
vt 0.307350 0.873536
vt 0.305722 0.853365
vt 0.305722 0.873544
vt 0.055629 0.873537
vt 0.055629 0.853357
vt 0.057411 0.873537
vt 0.057411 0.853357
vt 0.379802 0.853357
vt 0.379802 0.873537
vt 0.378207 0.853359
vt 0.378207 0.873539
vt 0.587898 0.853357
vt 0.587898 0.873537
vt 0.586363 0.853359
vt 0.586363 0.873539
vt 0.351551 0.853357
vt 0.351551 0.873537
vt 0.349946 0.853358
vt 0.349946 0.873539
vt 0.436602 0.853357
vt 0.436602 0.873536
vt 0.435022 0.853367
vt 0.435022 0.873546
vt 0.317170 0.873537
vt 0.317170 0.853357
vt 0.318795 0.873537
vt 0.318795 0.853357
vt 0.506659 0.873536
vt 0.506659 0.853357
vt 0.508211 0.873547
vt 0.508211 0.853368
vt 0.764609 0.853357
vt 0.764609 0.873537
vt 0.763160 0.853359
vt 0.763160 0.873539
vt 0.435521 0.770023
vt 0.435521 0.749842
vt 0.437211 0.770023
vt 0.437211 0.749842
vt 0.438948 0.770022
vt 0.438948 0.749842
vt 0.701307 0.831115
vt 0.701307 0.851296
vt 0.699508 0.831115
vt 0.699508 0.851296
vt 0.733341 0.853357
vt 0.733341 0.873537
vt 0.731885 0.853359
vt 0.731885 0.873540
vt 0.568570 0.853357
vt 0.568570 0.873537
vt 0.567029 0.853359
vt 0.567029 0.873539
vt 0.688022 0.873536
vt 0.688022 0.853357
vt 0.689489 0.873548
vt 0.689489 0.853369
vt 0.616248 0.853359
vt 0.616248 0.873539
vt 0.614738 0.853357
vt 0.614738 0.873537
vt 0.409931 0.853359
vt 0.409931 0.873539
vt 0.408342 0.853357
vt 0.408342 0.873537
vt 0.290927 0.873537
vt 0.290927 0.853357
vt 0.292568 0.873538
vt 0.292568 0.853358
vt 0.058854 0.884333
vt 0.056026 0.888016
vt 0.056013 0.884348
vt 0.058867 0.888001
vt 0.056026 0.891419
vt 0.058867 0.891404
vt 0.056013 0.894324
vt 0.058854 0.894309
vt 0.877872 0.873114
vt 0.880714 0.876086
vt 0.877873 0.876085
vt 0.880713 0.873115
vt 0.877872 0.869669
vt 0.880713 0.869670
vt 0.877873 0.865987
vt 0.880714 0.865988
vt 0.108720 0.890653
vt 0.111562 0.894323
vt 0.108721 0.894323
vt 0.111561 0.890653
vt 0.108720 0.887246
vt 0.111561 0.887245
vt 0.108721 0.884334
vt 0.111562 0.884333
vt 0.162359 0.887215
vt 0.159518 0.887211
vt 0.159516 0.884333
vt 0.162357 0.884336
vt 0.162359 0.890600
vt 0.159518 0.890597
vt 0.162357 0.894262
vt 0.159516 0.894259
vt 0.880716 0.687188
vt 0.877875 0.687190
vt 0.877872 0.683502
vt 0.880713 0.683499
vt 0.880716 0.690652
vt 0.877875 0.690654
vt 0.880713 0.693655
vt 0.877872 0.693658
vt 0.877872 0.550122
vt 0.880715 0.547102
vt 0.880713 0.550120
vt 0.877874 0.547104
vt 0.877872 0.553596
vt 0.880713 0.553594
vt 0.877874 0.557287
vt 0.880715 0.557285
vt 0.184037 0.887990
vt 0.186880 0.884335
vt 0.186878 0.887993
vt 0.184039 0.884333
vt 0.184037 0.891365
vt 0.186878 0.891368
vt 0.184039 0.894227
vt 0.186880 0.894230
vt 0.880713 0.744543
vt 0.877885 0.747508
vt 0.877872 0.744529
vt 0.880726 0.747522
vt 0.877885 0.750956
vt 0.880726 0.750970
vt 0.880713 0.754654
vt 0.877872 0.754641
vt 0.922294 0.650751
vt 0.920401 0.650753
vt 0.920399 0.648305
vt 0.922293 0.648303
vt 0.922293 0.652854
vt 0.920399 0.652856
vt 0.922293 0.674742
vt 0.922299 0.676829
vt 0.920399 0.674732
vt 0.920406 0.676820
vt 0.922293 0.679272
vt 0.920399 0.679263
vt 0.922293 0.814484
vt 0.922300 0.816912
vt 0.920399 0.814494
vt 0.920406 0.816922
vt 0.922293 0.818954
vt 0.920399 0.818964
vt 0.920400 0.737597
vt 0.922293 0.735514
vt 0.922293 0.737597
vt 0.920399 0.735514
vt 0.920400 0.733072
vt 0.922293 0.733072
vt 0.920400 0.871139
vt 0.922293 0.868710
vt 0.922293 0.871139
vt 0.920399 0.868710
vt 0.920400 0.866663
vt 0.922293 0.866663
vt 0.021761 0.927165
vt 0.019867 0.927163
vt 0.019866 0.925137
vt 0.021760 0.925139
vt 0.019866 0.929585
vt 0.021760 0.929587
vt 0.920399 0.606083
vt 0.922294 0.603969
vt 0.922293 0.606081
vt 0.920400 0.603971
vt 0.922294 0.608533
vt 0.920400 0.608534
vt 0.063964 0.927554
vt 0.065859 0.925138
vt 0.065858 0.927556
vt 0.063965 0.925137
vt 0.065859 0.929572
vt 0.063965 0.929570
vt 0.647633 0.155472
vt 0.649925 0.156422
vt 0.645152 0.155472
vt 0.642860 0.156422
vt 0.651680 0.158178
vt 0.652630 0.160473
vt 0.641106 0.158179
vt 0.652631 0.162957
vt 0.640157 0.160473
vt 0.651682 0.165251
vt 0.640158 0.162957
vt 0.649928 0.167008
vt 0.641108 0.165252
vt 0.642863 0.167008
vt 0.647636 0.167958
vt 0.645155 0.167958
vt 0.582155 0.028237
vt 0.578577 0.029198
vt 0.574873 0.029199
vt 0.585363 0.026383
vt 0.571294 0.028240
vt 0.587983 0.023760
vt 0.568086 0.026386
vt 0.565467 0.023765
vt 0.589835 0.020548
vt 0.590794 0.016966
vt 0.563615 0.020553
vt 0.562656 0.016972
vt 0.590794 0.013257
vt 0.562656 0.013263
vt 0.589835 0.009676
vt 0.587983 0.006465
vt 0.563615 0.009681
vt 0.585364 0.003843
vt 0.565467 0.006469
vt 0.582155 0.001989
vt 0.568086 0.003846
vt 0.571295 0.001992
vt 0.578577 0.001030
vt 0.574873 0.001031
vt 0.530247 0.356447
vt 0.544437 0.356457
vt 0.530730 0.360124
vt 0.532148 0.363551
vt 0.534403 0.366494
vt 0.537342 0.368753
vt 0.540764 0.370174
vt 0.544437 0.370661
vt 0.524029 0.360614
vt 0.513995 0.370651
vt 0.521090 0.358355
vt 0.517668 0.356934
vt 0.513995 0.356447
vt 0.526284 0.363557
vt 0.527702 0.366984
vt 0.528186 0.370661
vt 0.001512 0.787764
vt 0.015221 0.791440
vt 0.001030 0.791440
vt 0.002927 0.784338
vt 0.005180 0.781396
vt 0.008118 0.779139
vt 0.011539 0.777720
vt 0.015212 0.777236
vt 0.659885 0.791229
vt 0.659876 0.777025
vt 0.663557 0.790745
vt 0.666979 0.789326
vt 0.669916 0.787069
vt 0.672170 0.784127
vt 0.673585 0.780701
vt 0.674066 0.777025
vt 0.077148 0.925821
vt 0.077285 0.929085
vt 0.077147 0.929085
vt 0.077286 0.925821
vt 0.077149 0.925137
vt 0.077286 0.925338
vt 0.920400 0.529211
vt 0.920399 0.525853
vt 0.920537 0.525852
vt 0.920538 0.529211
vt 0.920538 0.529702
vt 0.920401 0.529908
vt 0.971557 0.911203
vt 0.971419 0.913994
vt 0.971419 0.911204
vt 0.897650 0.192331
vt 0.897651 0.188856
vt 0.897788 0.188856
vt 0.897788 0.192331
vt 0.897789 0.188203
vt 0.897651 0.188395
vt 0.897788 0.202978
vt 0.897789 0.203638
vt 0.897651 0.203444
vt 0.897791 0.773926
vt 0.897789 0.774302
vt 0.897654 0.773926
vt 0.897791 0.760566
vt 0.897802 0.764136
vt 0.897654 0.760566
vt 0.897665 0.764136
vt 0.897650 0.759857
vt 0.897789 0.760065
vt 0.974941 0.329415
vt 0.974940 0.329847
vt 0.974804 0.329414
vt 0.920399 0.522732
vt 0.920537 0.522732
vt 0.920401 0.519926
vt 0.920538 0.519926
vt 0.971556 0.913994
vt 0.971557 0.910769
vt 0.971419 0.910588
vt 0.077147 0.932075
vt 0.077285 0.932075
vt 0.077149 0.934719
vt 0.077286 0.934719
vt 0.974802 0.326650
vt 0.974940 0.326651
vt 0.974802 0.330026
vt 0.897650 0.195902
vt 0.897788 0.195902
vt 0.897788 0.199480
vt 0.897650 0.199480
vt 0.897651 0.202978
vt 0.897665 0.770899
vt 0.897802 0.770899
vt 0.897806 0.767608
vt 0.897650 0.774459
vt 0.897668 0.767609
vt 0.903792 0.258326
vt 0.903932 0.254760
vt 0.903929 0.258326
vt 0.903929 0.258827
vt 0.903791 0.259035
vt 0.903794 0.254760
vt 0.903932 0.251298
vt 0.903795 0.251298
vt 0.903794 0.248024
vt 0.903932 0.248024
vt 0.903792 0.245020
vt 0.903929 0.245020
vt 0.903929 0.244648
vt 0.903791 0.244492
vt 0.381450 0.602668
vt 0.388187 0.605890
vt 0.380940 0.605890
vt 0.387677 0.602668
vt 0.375528 0.600742
vt 0.395079 0.603648
vt 0.374049 0.603648
vt 0.393600 0.600742
vt 0.370491 0.597078
vt 0.400942 0.599384
vt 0.368187 0.599384
vt 0.398638 0.597078
vt 0.366831 0.592035
vt 0.405202 0.593515
vt 0.363928 0.593516
vt 0.402299 0.592034
vt 0.364908 0.586106
vt 0.407443 0.586616
vt 0.361690 0.586617
vt 0.404224 0.586105
vt 0.407443 0.579361
vt 0.404225 0.579872
vt 0.364909 0.579872
vt 0.361691 0.579362
vt 0.366834 0.573944
vt 0.363931 0.572463
vt 0.370495 0.568901
vt 0.368191 0.566594
vt 0.375533 0.565236
vt 0.374054 0.562330
vt 0.381456 0.563310
vt 0.380946 0.560088
vt 0.387683 0.563310
vt 0.388193 0.560088
vt 0.393605 0.565236
vt 0.395085 0.562330
vt 0.398642 0.568900
vt 0.400947 0.566594
vt 0.402302 0.573943
vt 0.405205 0.572462
vt 0.588766 0.970949
vt 0.589081 0.972296
vt 0.588891 0.972536
vt 0.588963 0.970947
vt 0.589081 0.969599
vt 0.588891 0.969362
vt 0.628086 0.972288
vt 0.627778 0.970947
vt 0.627968 0.970941
vt 0.627902 0.972533
vt 0.628086 0.969594
vt 0.627902 0.969362
vt 0.654351 0.970949
vt 0.654049 0.969603
vt 0.654226 0.969362
vt 0.654167 0.970951
vt 0.654049 0.972300
vt 0.654226 0.972536
vt 0.635088 0.970948
vt 0.634784 0.969595
vt 0.634963 0.969362
vt 0.634902 0.970943
vt 0.634784 0.972290
vt 0.634963 0.972534
vt 0.609193 0.972301
vt 0.608881 0.970948
vt 0.609075 0.970953
vt 0.609006 0.972534
vt 0.609193 0.969605
vt 0.609006 0.969362
vt 0.862970 0.842194
vt 0.863321 0.839496
vt 0.863373 0.842898
vt 0.863380 0.526862
vt 0.862991 0.524363
vt 0.863388 0.523684
vt 0.046080 0.930876
vt 0.046307 0.926246
vt 0.046726 0.930794
vt 0.046080 0.925137
vt 0.046757 0.927074
vt 0.047027 0.929959
vt 0.920399 0.897744
vt 0.921046 0.897815
vt 0.920626 0.902382
vt 0.920399 0.903500
vt 0.921077 0.901545
vt 0.921347 0.898648
vt 0.684511 0.945932
vt 0.684511 0.949946
vt 0.683854 0.945795
vt 0.948655 0.357755
vt 0.948655 0.363531
vt 0.948453 0.362399
vt 0.948507 0.363384
vt 0.684009 0.949075
vt 0.683589 0.946440
vt 0.897968 0.949401
vt 0.897309 0.949563
vt 0.897968 0.945560
vt 0.948659 0.256985
vt 0.948454 0.252343
vt 0.948659 0.251205
vt 0.948509 0.251356
vt 0.897465 0.946416
vt 0.897043 0.948958
vt 0.692586 0.925769
vt 0.692359 0.930234
vt 0.691940 0.925697
vt 0.692586 0.931388
vt 0.864232 0.994390
vt 0.864347 0.994556
vt 0.864232 0.995535
vt 0.691909 0.929324
vt 0.691639 0.926445
vt 0.940121 0.163518
vt 0.939454 0.163532
vt 0.939476 0.163303
vt 0.940112 0.163784
vt 0.939419 0.163845
vt 0.939895 0.159250
vt 0.939175 0.162479
vt 0.939445 0.159910
vt 0.940121 0.158307
vt 0.826676 0.995553
vt 0.826676 0.994390
vt 0.826789 0.995376
vt 0.797790 0.937111
vt 0.797150 0.937325
vt 0.797128 0.937094
vt 0.797780 0.936845
vt 0.797093 0.936781
vt 0.797566 0.941401
vt 0.796851 0.938152
vt 0.797119 0.940736
vt 0.797790 0.942351
vt 0.804039 0.994390
vt 0.804154 0.994569
vt 0.804039 0.995556
vt 0.833495 0.994390
vt 0.833606 0.994563
vt 0.833495 0.995547
vt 0.857708 0.995540
vt 0.857708 0.994390
vt 0.857820 0.995371
vt 0.438991 0.734432
vt 0.421297 0.734454
vt 0.438991 0.731438
vt 0.438991 0.737413
vt 0.421299 0.728272
vt 0.421299 0.740581
vt 0.438993 0.728505
vt 0.438993 0.740308
vt 0.438996 0.725705
vt 0.438996 0.743044
vt 0.421306 0.722641
vt 0.421306 0.746055
vt 0.439000 0.723106
vt 0.439000 0.745556
vt 0.439005 0.720774
vt 0.439005 0.747781
vt 0.255960 0.739927
vt 0.238265 0.742603
vt 0.238272 0.738044
vt 0.114467 0.744250
vt 0.116241 0.761942
vt 0.111890 0.761943
vt 0.255963 0.737581
vt 0.116721 0.744249
vt 0.255965 0.734972
vt 0.119256 0.744249
vt 0.238276 0.732395
vt 0.121758 0.761940
vt 0.255967 0.732164
vt 0.122011 0.744248
vt 0.255967 0.729227
vt 0.124916 0.744246
vt 0.127901 0.761937
vt 0.127901 0.744245
vt 0.238276 0.726208
vt 0.255967 0.726232
vt 0.255965 0.723253
vt 0.238272 0.720088
vt 0.255963 0.720365
vt 0.255960 0.717636
vt 0.238265 0.714636
vt 0.255956 0.715136
vt 0.255952 0.712926
vt 0.062655 0.733710
vt 0.044986 0.736352
vt 0.044932 0.731874
vt 0.062631 0.731399
vt 0.062611 0.728818
vt 0.044897 0.726274
vt 0.062597 0.726030
vt 0.062589 0.723104
vt 0.044885 0.720102
vt 0.062586 0.720112
vt 0.062589 0.717127
vt 0.044897 0.713962
vt 0.062597 0.714224
vt 0.062611 0.711474
vt 0.044932 0.708454
vt 0.062631 0.708943
vt 0.062655 0.706695
vt 0.218534 0.470764
vt 0.215904 0.453072
vt 0.220369 0.453071
vt 0.220839 0.470763
vt 0.223415 0.470763
vt 0.225960 0.453070
vt 0.226200 0.470763
vt 0.229124 0.470763
vt 0.232129 0.453071
vt 0.232115 0.470764
vt 0.641205 0.964362
vt 0.640456 0.964355
vt 0.640458 0.963129
vt 0.641944 0.963129
vt 0.641205 0.963094
vt 0.717028 0.957139
vt 0.717021 0.956247
vt 0.718254 0.957140
vt 0.718289 0.956249
vt 0.718254 0.955363
vt 0.717028 0.955362
vt 0.698067 0.956405
vt 0.699299 0.957289
vt 0.698073 0.957294
vt 0.699299 0.955505
vt 0.699334 0.956399
vt 0.378078 0.963408
vt 0.379310 0.964193
vt 0.378084 0.964195
vt 0.379345 0.963408
vt 0.379310 0.962630
vt 0.379809 0.962632
vt 0.378084 0.962632
vt 0.952402 0.213200
vt 0.952391 0.212118
vt 0.952889 0.212255
vt 0.952854 0.213198
vt 0.954122 0.213198
vt 0.954115 0.212255
vt 0.952889 0.214141
vt 0.952391 0.214283
vt 0.954115 0.214141
vt 0.641091 0.962641
vt 0.640219 0.962630
vt 0.641925 0.962630
vt 0.641942 0.964355
vt 0.699795 0.957350
vt 0.699784 0.956337
vt 0.698073 0.955510
vt 0.699795 0.955303
vt 0.718741 0.956312
vt 0.718752 0.957342
vt 0.718752 0.955303
vt 0.379798 0.963511
vt 0.379809 0.964426
vt 0.990685 0.915080
vt 0.991428 0.916134
vt 0.990685 0.916134
vt 0.991428 0.915080
vt 0.990685 0.038177
vt 0.991428 0.039247
vt 0.990685 0.039246
vt 0.991428 0.038177
vt 0.988422 0.705401
vt 0.987679 0.705401
vt 0.987679 0.704195
vt 0.988422 0.704195
vt 0.993489 0.538478
vt 0.994231 0.539378
vt 0.993489 0.539379
vt 0.994231 0.538478
vt 0.987679 0.435817
vt 0.987679 0.434594
vt 0.988422 0.435817
vt 0.988422 0.434594
vt 0.988422 0.907747
vt 0.987679 0.907748
vt 0.987679 0.906614
vt 0.988422 0.906614
vt 0.988422 0.930439
vt 0.988422 0.931568
vt 0.987679 0.930436
vt 0.987679 0.931564
vt 0.987679 0.662100
vt 0.987679 0.660886
vt 0.988422 0.662100
vt 0.988422 0.660886
vt 0.993489 0.442623
vt 0.994231 0.443545
vt 0.993489 0.443545
vt 0.994231 0.442623
vt 0.988421 0.717264
vt 0.988421 0.718467
vt 0.987679 0.717262
vt 0.987679 0.718466
vt 0.862776 0.078709
vt 0.863685 0.083817
vt 0.862482 0.084050
vt 0.863674 0.078535
vt 0.854378 0.866992
vt 0.855283 0.861879
vt 0.855276 0.867166
vt 0.007116 0.884652
vt 0.006058 0.889029
vt 0.005933 0.884333
vt 0.871853 0.420869
vt 0.871941 0.415668
vt 0.872433 0.415753
vt 0.870958 0.420679
vt 0.870742 0.415413
vt 0.870885 0.424033
vt 0.871440 0.424152
vt 0.375926 0.981101
vt 0.375913 0.982031
vt 0.375422 0.982027
vt 0.375454 0.980945
vt 0.375926 0.982962
vt 0.375454 0.983109
vt 0.434541 0.982944
vt 0.434042 0.982027
vt 0.434528 0.982015
vt 0.434074 0.983108
vt 0.434541 0.981084
vt 0.434074 0.980945
vt 0.590413 0.980945
vt 0.590443 0.982026
vt 0.589963 0.981109
vt 0.589975 0.982038
vt 0.589963 0.982969
vt 0.590413 0.983108
vt 0.620212 0.981092
vt 0.620686 0.982027
vt 0.620223 0.982022
vt 0.620655 0.980945
vt 0.620212 0.982953
vt 0.620655 0.983109
vt 0.515078 0.982011
vt 0.515065 0.981081
vt 0.515554 0.982026
vt 0.515523 0.980945
vt 0.515065 0.982940
vt 0.515523 0.983107
vt 0.974975 0.913121
vt 0.975755 0.912687
vt 0.975755 0.913121
vt 0.974802 0.912687
vt 0.975048 0.913630
vt 0.074627 0.970320
vt 0.074202 0.969363
vt 0.074627 0.969366
vt 0.975755 0.913630
vt 0.074202 0.970563
vt 0.975755 0.914137
vt 0.073695 0.969362
vt 0.974975 0.914137
vt 0.073695 0.970845
vt 0.073186 0.969363
vt 0.073186 0.971123
vt 0.975755 0.914563
vt 0.974802 0.914563
vt 0.095249 0.971122
vt 0.095671 0.970168
vt 0.095671 0.971121
vt 0.095249 0.969922
vt 0.094744 0.971122
vt 0.094744 0.969639
vt 0.094234 0.971122
vt 0.094234 0.969362
vt 0.968485 0.222969
vt 0.967703 0.222480
vt 0.968656 0.222480
vt 0.967704 0.221963
vt 0.967705 0.222969
vt 0.968904 0.221963
vt 0.967706 0.221496
vt 0.969190 0.221496
vt 0.968417 0.223355
vt 0.967709 0.223355
vt 0.968411 0.200993
vt 0.967704 0.201455
vt 0.967703 0.200993
vt 0.968484 0.201455
vt 0.967704 0.201972
vt 0.968657 0.201972
vt 0.967704 0.202463
vt 0.968904 0.202463
vt 0.967703 0.202855
vt 0.969186 0.202855
vt 0.156646 0.831023
vt 0.155931 0.831879
vt 0.156089 0.830918
vt 0.156488 0.831983
vt 0.155777 0.832982
vt 0.156335 0.833087
vt 0.155481 0.836078
vt 0.156381 0.836247
vt 0.155584 0.840940
vt 0.156789 0.841166
vt 0.428664 0.970325
vt 0.427884 0.970823
vt 0.427884 0.970323
vt 0.428837 0.970826
vt 0.428593 0.969812
vt 0.427886 0.971235
vt 0.427886 0.969809
vt 0.429086 0.971239
vt 0.427891 0.969362
vt 0.959020 0.963830
vt 0.958577 0.962631
vt 0.959020 0.962630
vt 0.428671 0.969364
vt 0.958577 0.964114
vt 0.961889 0.505706
vt 0.961108 0.505295
vt 0.961888 0.505295
vt 0.958066 0.962631
vt 0.960935 0.505706
vt 0.958066 0.964391
vt 0.957563 0.962630
vt 0.957563 0.964618
vt 0.961888 0.506206
vt 0.960688 0.506206
vt 0.961888 0.506719
vt 0.960405 0.506719
vt 0.961888 0.507168
vt 0.960128 0.507168
vt 0.087308 0.991154
vt 0.086817 0.990374
vt 0.087308 0.990201
vt 0.086817 0.991154
vt 0.086427 0.990446
vt 0.086427 0.991153
vt 0.566351 0.976627
vt 0.567059 0.977105
vt 0.566351 0.977105
vt 0.567132 0.976627
vt 0.566351 0.976109
vt 0.567304 0.976109
vt 0.566351 0.975630
vt 0.567551 0.975630
vt 0.683620 0.970142
vt 0.683218 0.969362
vt 0.683620 0.969362
vt 0.683218 0.970315
vt 0.437510 0.971237
vt 0.438216 0.970792
vt 0.438290 0.971236
vt 0.682721 0.969362
vt 0.437509 0.970792
vt 0.682721 0.970562
vt 0.682206 0.969362
vt 0.682206 0.970845
vt 0.437508 0.970280
vt 0.438289 0.970279
vt 0.437508 0.969778
vt 0.438461 0.969777
vt 0.437509 0.969362
vt 0.438709 0.969362
vt 0.777899 0.962631
vt 0.777439 0.963830
vt 0.777439 0.962630
vt 0.777899 0.964114
vt 0.778415 0.962631
vt 0.778415 0.964391
vt 0.778908 0.962630
vt 0.778908 0.964618
vt 0.948453 0.632016
vt 0.949981 0.632150
vt 0.948453 0.633370
vt 0.948910 0.633273
vt 0.949886 0.632434
vt 0.948688 0.630683
vt 0.949121 0.630857
vt 0.949937 0.631854
vt 0.948453 0.636762
vt 0.949983 0.636896
vt 0.948453 0.638115
vt 0.948911 0.638018
vt 0.949888 0.637180
vt 0.948688 0.635430
vt 0.949121 0.635605
vt 0.949938 0.636600
vt 0.949981 0.603223
vt 0.948453 0.603358
vt 0.949747 0.601890
vt 0.949314 0.602065
vt 0.948498 0.603061
vt 0.949981 0.604577
vt 0.949525 0.604481
vt 0.948549 0.603642
vt 0.949982 0.665257
vt 0.948453 0.665122
vt 0.949982 0.663904
vt 0.949525 0.664000
vt 0.948549 0.664838
vt 0.949748 0.666589
vt 0.949315 0.666414
vt 0.948498 0.665418
vt 0.948453 0.674748
vt 0.949982 0.674613
vt 0.948688 0.676080
vt 0.949121 0.675905
vt 0.949938 0.674909
vt 0.948453 0.673395
vt 0.948910 0.673492
vt 0.949887 0.674329
vt 0.661098 0.672932
vt 0.661706 0.672595
vt 0.662042 0.673081
vt 0.660442 0.672956
vt 0.665170 0.672835
vt 0.668221 0.672103
vt 0.673781 0.668674
vt 0.671119 0.670903
vt 0.663474 0.670866
vt 0.673795 0.669265
vt 0.674470 0.668589
vt 0.675015 0.668224
vt 0.671334 0.668314
vt 0.670488 0.667730
vt 0.663816 0.669897
vt 0.669837 0.666826
vt 0.663811 0.668783
vt 0.669038 0.663530
vt 0.662531 0.665643
vt 0.660491 0.660802
vt 0.667866 0.658407
vt 0.663990 0.659025
vt 0.662034 0.659335
vt 0.665755 0.658126
vt 0.660077 0.659026
vt 0.667156 0.656727
vt 0.659591 0.660520
vt 0.668428 0.657650
vt 0.658697 0.660220
vt 0.658312 0.658127
vt 0.656912 0.656728
vt 0.525225 0.839761
vt 0.524910 0.835789
vt 0.525435 0.835660
vt 0.524322 0.839612
vt 0.523701 0.835590
vt 0.524504 0.842207
vt 0.526827 0.839564
vt 0.525063 0.842300
vt 0.526827 0.835290
vt 0.526612 0.843154
vt 0.525824 0.835262
vt 0.524940 0.843345
vt 0.526799 0.834847
vt 0.526563 0.843672
vt 0.525899 0.834685
vt 0.982164 0.953134
vt 0.981552 0.954782
vt 0.981552 0.953095
vt 0.526670 0.834285
vt 0.920399 0.097769
vt 0.922070 0.098469
vt 0.920399 0.098797
vt 0.526150 0.833046
vt 0.920430 0.101005
vt 0.525294 0.832949
vt 0.922055 0.103103
vt 0.525874 0.832395
vt 0.537693 0.853880
vt 0.539839 0.853357
vt 0.538201 0.854355
vt 0.525102 0.832401
vt 0.540184 0.853630
vt 0.525536 0.831706
vt 0.538427 0.854971
vt 0.524906 0.831856
vt 0.540392 0.854063
vt 0.525184 0.831122
vt 0.540927 0.856112
vt 0.524735 0.831396
vt 0.538784 0.856462
vt 0.070944 0.975788
vt 0.070648 0.976221
vt 0.070622 0.975630
vt 0.541166 0.859567
vt 0.070335 0.976087
vt 0.539030 0.859590
vt 0.070227 0.976726
vt 0.538784 0.862717
vt 0.070544 0.976730
vt 0.540927 0.863023
vt 0.070648 0.977237
vt 0.538427 0.864207
vt 0.070335 0.977361
vt 0.540392 0.865071
vt 0.070622 0.977811
vt 0.540184 0.865503
vt 0.070944 0.977665
vt 0.538201 0.864824
vt 0.602489 0.844274
vt 0.602773 0.845003
vt 0.602319 0.844733
vt 0.539839 0.865776
vt 0.603123 0.844420
vt 0.537693 0.865297
vt 0.602681 0.843728
vt 0.603294 0.827312
vt 0.604038 0.831911
vt 0.602000 0.829628
vt 0.603456 0.843728
vt 0.602318 0.831826
vt 0.602866 0.843177
vt 0.602474 0.832842
vt 0.603724 0.843074
vt 0.604114 0.832514
vt 0.603449 0.841432
vt 0.604166 0.833030
vt 0.604228 0.841827
vt 0.602604 0.833882
vt 0.604353 0.841265
vt 0.604380 0.836586
vt 0.603370 0.840856
vt 0.604380 0.840825
vt 0.602978 0.840464
vt 0.602766 0.836398
vt 0.602450 0.840338
vt 0.601864 0.836556
vt 0.601243 0.840550
vt 0.602045 0.833980
vt 0.179196 0.869024
vt 0.178689 0.867303
vt 0.179256 0.867303
vt 0.178704 0.866705
vt 0.178629 0.869023
vt 0.294891 0.848027
vt 0.295616 0.848866
vt 0.295060 0.848977
vt 0.295448 0.847916
vt 0.294724 0.846926
vt 0.295280 0.846814
vt 0.294382 0.843801
vt 0.294414 0.838886
vt 0.295280 0.843621
vt 0.295616 0.838645
vt 0.213172 0.611901
vt 0.213300 0.610605
vt 0.213727 0.610343
vt 0.212749 0.612128
vt 0.213611 0.611882
vt 0.210574 0.612935
vt 0.218639 0.612772
vt 0.211112 0.613472
vt 0.219380 0.611533
vt 0.208246 0.615662
vt 0.219607 0.611673
vt 0.208889 0.616128
vt 0.219184 0.613046
vt 0.207051 0.619064
vt 0.219718 0.611949
vt 0.206374 0.618719
vt 0.219478 0.613528
vt 0.206280 0.621035
vt 0.221132 0.617884
vt 0.205002 0.622031
vt 0.220580 0.618145
vt 0.206195 0.621508
vt 0.222442 0.623405
vt 0.204885 0.622519
vt 0.221873 0.623580
vt 0.206314 0.621931
vt 0.222068 0.624045
vt 0.208720 0.626430
vt 0.222625 0.623748
vt 0.207770 0.627519
vt 0.222426 0.624446
vt 0.207973 0.627691
vt 0.222951 0.623987
vt 0.209151 0.626862
vt 0.223489 0.624855
vt 0.208271 0.627711
vt 0.209701 0.626991
vt 0.214366 0.627200
vt 0.006941 0.889267
vt 0.007578 0.884842
vt 0.005933 0.891991
vt 0.008263 0.890323
vt 0.006481 0.892139
vt 0.008773 0.885445
vt 0.007620 0.894403
vt 0.007956 0.884641
vt 0.952574 0.062792
vt 0.952391 0.061693
vt 0.954137 0.062595
vt 0.553676 0.949684
vt 0.552628 0.949538
vt 0.553726 0.949351
vt 0.954273 0.063145
vt 0.552846 0.949053
vt 0.954085 0.063728
vt 0.553735 0.948838
vt 0.952391 0.063803
vt 0.553617 0.947481
vt 0.552789 0.947204
vt 0.553544 0.946783
vt 0.922094 0.329257
vt 0.920436 0.332547
vt 0.920399 0.330097
vt 0.988422 0.340760
vt 0.987679 0.340760
vt 0.987679 0.339534
vt 0.988422 0.339535
vt 0.988421 0.327612
vt 0.987679 0.326386
vt 0.988421 0.326386
vt 0.987679 0.327612
vt 0.987679 0.774128
vt 0.987679 0.772949
vt 0.988422 0.774127
vt 0.988422 0.772948
vt 0.987679 0.812001
vt 0.988422 0.813172
vt 0.987679 0.813172
vt 0.988422 0.812001
vt 0.994231 0.213191
vt 0.993489 0.212181
vt 0.994231 0.212188
vt 0.993489 0.213185
vt 0.994231 0.316859
vt 0.993489 0.316857
vt 0.993489 0.315885
vt 0.994231 0.315887
vt 0.994231 0.276133
vt 0.994231 0.277113
vt 0.993489 0.276139
vt 0.993489 0.277120
vt 0.994231 0.183904
vt 0.993489 0.183905
vt 0.993489 0.182893
vt 0.994231 0.182892
vt 0.987679 0.839211
vt 0.988422 0.840372
vt 0.987679 0.840372
vt 0.988422 0.839211
vt 0.987679 0.860458
vt 0.987679 0.859305
vt 0.988422 0.860458
vt 0.988422 0.859306
vt 0.864073 0.523453
vt 0.863390 0.523504
vt 0.863391 0.523236
vt 0.864097 0.523211
vt 0.948658 0.282567
vt 0.948658 0.288346
vt 0.948453 0.287201
vt 0.948508 0.288191
vt 0.863389 0.522952
vt 0.864112 0.522918
vt 0.862990 0.526376
vt 0.864378 0.517159
vt 0.863023 0.516773
vt 0.862522 0.512882
vt 0.864378 0.511759
vt 0.862482 0.512517
vt 0.864345 0.511358
vt 0.307659 0.910134
vt 0.308423 0.912375
vt 0.308102 0.912422
vt 0.307247 0.910150
vt 0.307467 0.912610
vt 0.305702 0.910859
vt 0.307335 0.912707
vt 0.305313 0.911303
vt 0.307293 0.912865
vt 0.305049 0.911816
vt 0.304995 0.913451
vt 0.307355 0.913517
vt 0.668975 0.656882
vt 0.668055 0.654964
vt 0.668365 0.653009
vt 0.654139 0.653954
vt 0.656012 0.654966
vt 0.654243 0.662954
vt 0.655702 0.653011
vt 0.650222 0.657425
vt 0.654130 0.653011
vt 0.651381 0.664750
vt 0.647657 0.659630
vt 0.650723 0.665650
vt 0.646600 0.659981
vt 0.650431 0.666634
vt 0.645573 0.659956
vt 0.654140 0.652070
vt 0.650846 0.669072
vt 0.656012 0.651057
vt 0.656911 0.649293
vt 0.643384 0.658812
vt 0.658698 0.645802
vt 0.658312 0.647894
vt 0.660077 0.646995
vt 0.654243 0.643190
vt 0.659591 0.645501
vt 0.650222 0.648720
vt 0.651382 0.641453
vt 0.647657 0.646574
vt 0.650724 0.640559
vt 0.646600 0.646229
vt 0.650431 0.639576
vt 0.645573 0.646256
vt 0.650847 0.637144
vt 0.660491 0.645220
vt 0.662034 0.646685
vt 0.663990 0.646995
vt 0.667866 0.647612
vt 0.665755 0.647893
vt 0.667156 0.649292
vt 0.669038 0.642610
vt 0.668428 0.648368
vt 0.662531 0.640499
vt 0.669838 0.639371
vt 0.663812 0.637417
vt 0.663816 0.636307
vt 0.670488 0.638471
vt 0.671335 0.637890
vt 0.663475 0.635340
vt 0.673781 0.637535
vt 0.668975 0.649136
vt 0.668055 0.651055
vt 0.674160 0.649651
vt 0.674160 0.656486
vt 0.677520 0.649932
vt 0.677519 0.656262
vt 0.678580 0.649595
vt 0.678580 0.656603
vt 0.679396 0.657228
vt 0.679396 0.648972
vt 0.680492 0.659445
vt 0.680493 0.646762
vt 0.682037 0.653104
vt 0.681791 0.656228
vt 0.681791 0.649979
vt 0.681059 0.659276
vt 0.680625 0.660127
vt 0.680445 0.660757
vt 0.681059 0.646931
vt 0.680625 0.646081
vt 0.680445 0.645451
vt 0.155254 0.845350
vt 0.155548 0.844614
vt 0.155699 0.845148
vt 0.155794 0.845575
vt 0.155440 0.845789
vt 0.985130 0.590332
vt 0.984706 0.590847
vt 0.984811 0.590216
vt 0.985027 0.590837
vt 0.985130 0.591347
vt 0.984811 0.591488
vt 0.985093 0.591952
vt 0.996565 0.151758
vt 0.996565 0.152539
vt 0.996315 0.152071
vt 0.513334 0.949216
vt 0.513780 0.949782
vt 0.513258 0.949625
vt 0.514005 0.949223
vt 0.513388 0.948678
vt 0.553388 0.946090
vt 0.552770 0.946622
vt 0.552713 0.946099
vt 0.553153 0.945560
vt 0.552628 0.945715
vt 0.984885 0.026458
vt 0.985252 0.026560
vt 0.985055 0.027046
vt 0.984706 0.026969
vt 0.984731 0.027619
vt 0.985055 0.027567
vt 0.985252 0.028042
vt 0.984953 0.028217
vt 0.294571 0.834275
vt 0.294036 0.834521
vt 0.294216 0.834071
vt 0.294483 0.834711
vt 0.294339 0.835250
vt 0.984900 0.339098
vt 0.985230 0.339673
vt 0.984899 0.339618
vt 0.985231 0.301691
vt 0.984898 0.302270
vt 0.984897 0.301752
vt 0.996570 0.114824
vt 0.996315 0.115472
vt 0.996315 0.114776
vt 0.996315 0.480085
vt 0.996454 0.479409
vt 0.996572 0.480085
vt 0.674471 0.637620
vt 0.673795 0.636945
vt 0.671120 0.635308
vt 0.668221 0.634109
vt 0.661706 0.633618
vt 0.665170 0.633378
vt 0.662042 0.633133
vt 0.661098 0.633282
vt 0.660443 0.633259
vt 0.651141 0.636516
vt 0.650289 0.636949
vt 0.651657 0.636112
vt 0.647903 0.638985
vt 0.645865 0.641369
vt 0.643384 0.647406
vt 0.644226 0.644042
vt 0.643025 0.646938
vt 0.642875 0.647881
vt 0.642651 0.648496
vt 0.658108 0.629714
vt 0.654919 0.629610
vt 0.655260 0.628787
vt 0.652592 0.627426
vt 0.657900 0.630580
vt 0.652127 0.628186
vt 0.660996 0.631071
vt 0.650169 0.625663
vt 0.661066 0.630183
vt 0.649591 0.626341
vt 0.664060 0.630183
vt 0.648052 0.623544
vt 0.664130 0.631072
vt 0.647375 0.624122
vt 0.667225 0.630581
vt 0.646292 0.621118
vt 0.667017 0.629715
vt 0.645533 0.621584
vt 0.669865 0.628789
vt 0.644932 0.618447
vt 0.670206 0.629612
vt 0.644110 0.618788
vt 0.672998 0.628188
vt 0.643141 0.615804
vt 0.672533 0.627428
vt 0.644007 0.615596
vt 0.675534 0.626344
vt 0.642651 0.612704
vt 0.674955 0.625666
vt 0.643538 0.612635
vt 0.677750 0.624125
vt 0.642651 0.609567
vt 0.677073 0.623546
vt 0.643538 0.609637
vt 0.679592 0.621587
vt 0.643140 0.606468
vt 0.678833 0.621121
vt 0.644006 0.606676
vt 0.681014 0.618791
vt 0.644931 0.603825
vt 0.680192 0.618450
vt 0.644109 0.603484
vt 0.681117 0.615599
vt 0.646291 0.601154
vt 0.681983 0.615808
vt 0.645532 0.600688
vt 0.681585 0.612639
vt 0.648051 0.598729
vt 0.682473 0.612709
vt 0.647374 0.598150
vt 0.682473 0.609571
vt 0.650168 0.596609
vt 0.681585 0.609641
vt 0.649590 0.595932
vt 0.681982 0.606472
vt 0.652590 0.594848
vt 0.681117 0.606680
vt 0.652125 0.594088
vt 0.680191 0.603829
vt 0.654918 0.592663
vt 0.681014 0.603488
vt 0.655258 0.593487
vt 0.678832 0.601157
vt 0.657898 0.591694
vt 0.679591 0.600692
vt 0.658106 0.592561
vt 0.677072 0.598732
vt 0.660994 0.591204
vt 0.677749 0.598153
vt 0.661064 0.592092
vt 0.675532 0.595934
vt 0.664128 0.591204
vt 0.674954 0.596612
vt 0.664058 0.592092
vt 0.672997 0.594090
vt 0.667016 0.592562
vt 0.672531 0.594850
vt 0.667223 0.591695
vt 0.669864 0.593488
vt 0.670204 0.592665
vt 0.864056 0.843106
vt 0.863378 0.843091
vt 0.863382 0.843371
vt 0.864082 0.843355
vt 0.948654 0.402714
vt 0.948454 0.398087
vt 0.948654 0.396939
vt 0.948506 0.397096
vt 0.863381 0.843658
vt 0.862940 0.840038
vt 0.864098 0.843643
vt 0.864364 0.849240
vt 0.863019 0.849696
vt 0.862521 0.853498
vt 0.864364 0.854489
vt 0.862482 0.853862
vt 0.864332 0.854885
vt 0.216156 0.945560
vt 0.213869 0.945881
vt 0.213814 0.945560
vt 0.216269 0.945961
vt 0.213886 0.946545
vt 0.216084 0.947670
vt 0.213835 0.946702
vt 0.215784 0.948180
vt 0.230718 0.623234
vt 0.235192 0.619834
vt 0.235608 0.620277
vt 0.239269 0.617355
vt 0.240850 0.617093
vt 0.239638 0.616927
vt 0.241080 0.616902
vt 0.239733 0.616323
vt 0.241143 0.616643
vt 0.240535 0.610900
vt 0.239035 0.611267
vt 0.238881 0.610856
vt 0.240154 0.610575
vt 0.238535 0.610524
vt 0.237097 0.608706
vt 0.236752 0.609384
vt 0.233786 0.607339
vt 0.233541 0.608094
vt 0.230181 0.607257
vt 0.230300 0.606506
vt 0.228068 0.607136
vt 0.226727 0.606229
vt 0.227592 0.607202
vt 0.226227 0.606269
vt 0.227226 0.607445
vt 0.223684 0.611127
vt 0.222358 0.610563
vt 0.222256 0.610809
vt 0.223404 0.611671
vt 0.222328 0.611098
vt 0.223448 0.612234
vt 0.224662 0.616734
vt 0.225261 0.616620
vt 0.226828 0.621975
vt 0.227393 0.621781
vt 0.227505 0.622273
vt 0.226880 0.622362
vt 0.227445 0.622810
vt 0.226752 0.622748
vt 0.226808 0.623773
vt 0.225656 0.624009
vt 0.226521 0.624295
vt 0.226423 0.624909
vt 0.226193 0.626334
vt 0.226594 0.625501
vt 0.226607 0.626302
vt 0.225123 0.624254
vt 0.225807 0.626425
vt 0.225441 0.626579
vt 0.224554 0.624368
vt 0.224445 0.625554
vt 0.224017 0.625111
vt 0.921068 0.897557
vt 0.920408 0.897486
vt 0.921102 0.897229
vt 0.921144 0.896985
vt 0.996614 0.611213
vt 0.996614 0.611805
vt 0.996315 0.611780
vt 0.620954 0.889552
vt 0.621368 0.884333
vt 0.622163 0.884830
vt 0.622428 0.889987
vt 0.620425 0.892864
vt 0.622428 0.894830
vt 0.984706 0.174380
vt 0.984706 0.172212
vt 0.984979 0.174148
vt 0.978260 0.032348
vt 0.978260 0.029504
vt 0.978487 0.032186
vt 0.164987 0.913928
vt 0.165264 0.911780
vt 0.165587 0.911797
vt 0.164576 0.913959
vt 0.164617 0.911651
vt 0.162986 0.913458
vt 0.162565 0.913061
vt 0.164477 0.911565
vt 0.162262 0.912553
vt 0.164424 0.911409
vt 0.162081 0.910838
vt 0.164435 0.910744
vt 0.162194 0.910434
vt 0.164488 0.910423
vt 0.162454 0.910134
vt 0.164703 0.910134
vt 0.925577 0.188225
vt 0.927378 0.188225
vt 0.926368 0.192580
vt 0.891688 0.761687
vt 0.891688 0.757696
vt 0.892715 0.761639
vt 0.891700 0.768066
vt 0.892323 0.767769
vt 0.891820 0.768326
vt 0.305138 0.913828
vt 0.307431 0.913828
vt 0.040067 0.886260
vt 0.038072 0.884692
vt 0.038112 0.884333
vt 0.040018 0.886573
vt 0.038072 0.890312
vt 0.039500 0.890486
vt 0.038338 0.896310
vt 0.039105 0.896686
vt 0.038350 0.896590
vt 0.039092 0.896904
vt 0.712349 0.931096
vt 0.713001 0.930996
vt 0.712313 0.931402
vt 0.713012 0.930771
vt 0.712370 0.930839
vt 0.712787 0.926292
vt 0.713012 0.925137
vt 0.840012 0.995535
vt 0.840012 0.994390
vt 0.840129 0.995367
vt 0.712340 0.927202
vt 0.712072 0.930087
vt 0.642875 0.658340
vt 0.643025 0.659283
vt 0.642651 0.657724
vt 0.644226 0.662178
vt 0.645865 0.664850
vt 0.647903 0.667233
vt 0.650289 0.669268
vt 0.651140 0.669702
vt 0.651657 0.670106
vt 0.843130 0.893220
vt 0.843128 0.891488
vt 0.845352 0.891487
vt 0.843127 0.889543
vt 0.845354 0.893220
vt 0.845350 0.889543
vt 0.828144 0.884337
vt 0.825935 0.885757
vt 0.825921 0.884333
vt 0.845350 0.887577
vt 0.828159 0.885760
vt 0.843127 0.887577
vt 0.825943 0.887536
vt 0.843128 0.885782
vt 0.828166 0.887540
vt 0.845352 0.885781
vt 0.828166 0.889501
vt 0.845354 0.884333
vt 0.825943 0.889497
vt 0.843130 0.884333
vt 0.825935 0.891448
vt 0.891690 0.367392
vt 0.893911 0.369181
vt 0.891688 0.369181
vt 0.828159 0.891452
vt 0.893913 0.367392
vt 0.828144 0.893202
vt 0.893914 0.365428
vt 0.825921 0.893198
vt 0.891690 0.365428
vt 0.501487 0.894576
vt 0.503709 0.893158
vt 0.503710 0.894576
vt 0.891690 0.363480
vt 0.501486 0.893158
vt 0.893913 0.363481
vt 0.501485 0.891381
vt 0.893911 0.361741
vt 0.503709 0.891381
vt 0.891688 0.361741
vt 0.503709 0.889421
vt 0.503709 0.885715
vt 0.501487 0.884333
vt 0.503710 0.884333
vt 0.501485 0.889421
vt 0.501486 0.885715
vt 0.501485 0.887468
vt 0.503709 0.887468
vt 0.233429 0.631049
vt 0.233349 0.630308
vt 0.233788 0.630574
vt 0.229082 0.628090
vt 0.229591 0.628273
vt 0.229171 0.628452
vt 0.238085 0.634249
vt 0.229873 0.627830
vt 0.237790 0.634782
vt 0.241722 0.637356
vt 0.242464 0.638778
vt 0.242246 0.637575
vt 0.242718 0.638938
vt 0.242852 0.637478
vt 0.242984 0.638917
vt 0.248261 0.636559
vt 0.247449 0.635246
vt 0.247794 0.634973
vt 0.248453 0.636096
vt 0.248003 0.634540
vt 0.249289 0.632611
vt 0.248538 0.632493
vt 0.249571 0.629038
vt 0.248777 0.629039
vt 0.248538 0.625586
vt 0.249289 0.625467
vt 0.248003 0.623540
vt 0.248453 0.621983
vt 0.247794 0.623108
vt 0.248261 0.621521
vt 0.247449 0.622835
vt 0.242851 0.620609
vt 0.242984 0.619174
vt 0.242718 0.619153
vt 0.242246 0.620511
vt 0.242463 0.619311
vt 0.241722 0.620728
vt 0.237790 0.623277
vt 0.238085 0.623811
vt 0.233429 0.626961
vt 0.233788 0.627437
vt 0.233349 0.627697
vt 0.233072 0.627130
vt 0.232808 0.627806
vt 0.232656 0.627128
vt 0.231655 0.627498
vt 0.231066 0.626476
vt 0.231049 0.627388
vt 0.230410 0.627484
vt 0.228924 0.627707
vt 0.230659 0.626046
vt 0.228718 0.627367
vt 0.228459 0.627068
vt 0.230384 0.625540
vt 0.229187 0.625803
vt 0.228667 0.626173
vt 0.229501 0.625260
vt 0.228143 0.626799
vt 0.229603 0.624678
vt 0.228144 0.626284
vt 0.230306 0.623898
vt 0.227826 0.626603
vt 0.229706 0.623542
vt 0.227503 0.626179
vt 0.230442 0.623515
vt 0.227415 0.626428
vt 0.229989 0.623078
vt 0.226979 0.626329
vt 0.226933 0.625892
vt 0.230377 0.622747
vt 0.226880 0.635656
vt 0.227445 0.635190
vt 0.227505 0.635743
vt 0.227415 0.631371
vt 0.227826 0.631195
vt 0.227503 0.631634
vt 0.226829 0.636050
vt 0.228144 0.631538
vt 0.227393 0.636244
vt 0.228144 0.630998
vt 0.225261 0.641469
vt 0.228668 0.631669
vt 0.224662 0.641354
vt 0.223448 0.645890
vt 0.222329 0.647036
vt 0.223404 0.646456
vt 0.222257 0.647327
vt 0.223684 0.647002
vt 0.222359 0.647574
vt 0.226228 0.651859
vt 0.227227 0.650681
vt 0.227593 0.650924
vt 0.226728 0.651898
vt 0.228069 0.650988
vt 0.230301 0.651613
vt 0.230182 0.650862
vt 0.233786 0.650773
vt 0.233541 0.650018
vt 0.236753 0.648721
vt 0.237098 0.649398
vt 0.238535 0.647578
vt 0.240154 0.647522
vt 0.238882 0.647245
vt 0.240536 0.647196
vt 0.239035 0.646833
vt 0.239734 0.641771
vt 0.241143 0.641452
vt 0.241080 0.641193
vt 0.239639 0.641165
vt 0.240850 0.641000
vt 0.239269 0.640734
vt 0.235609 0.637786
vt 0.235192 0.638232
vt 0.230718 0.634782
vt 0.230377 0.635271
vt 0.229989 0.634934
vt 0.230443 0.634495
vt 0.229706 0.634453
vt 0.230306 0.634099
vt 0.229603 0.633261
vt 0.230384 0.632384
vt 0.229501 0.632651
vt 0.229187 0.632073
vt 0.228459 0.630728
vt 0.230659 0.631864
vt 0.228718 0.630427
vt 0.228924 0.630088
vt 0.231066 0.631446
vt 0.230410 0.630389
vt 0.229873 0.630009
vt 0.231049 0.630519
vt 0.229082 0.629705
vt 0.231655 0.630437
vt 0.229591 0.629546
vt 0.232656 0.630863
vt 0.229171 0.629342
vt 0.232808 0.630182
vt 0.229486 0.628904
vt 0.233072 0.630874
vt 0.229211 0.628897
vt 0.221029 0.631645
vt 0.220754 0.631007
vt 0.221761 0.630723
vt 0.224296 0.630596
vt 0.223843 0.630147
vt 0.224279 0.630047
vt 0.220423 0.631252
vt 0.224508 0.630430
vt 0.220533 0.631873
vt 0.224802 0.630766
vt 0.220038 0.631325
vt 0.224592 0.631175
vt 0.220028 0.631922
vt 0.225088 0.631007
vt 0.214443 0.631516
vt 0.224643 0.631714
vt 0.214366 0.630910
vt 0.209701 0.631163
vt 0.208271 0.630455
vt 0.209151 0.631297
vt 0.207973 0.630476
vt 0.208720 0.631732
vt 0.207770 0.630650
vt 0.204885 0.635657
vt 0.206314 0.636241
vt 0.206196 0.636665
vt 0.205002 0.636144
vt 0.206281 0.637137
vt 0.206374 0.639453
vt 0.207051 0.639107
vt 0.208247 0.642506
vt 0.208889 0.642038
vt 0.211112 0.644690
vt 0.210575 0.645228
vt 0.212749 0.646030
vt 0.213300 0.647552
vt 0.213173 0.646256
vt 0.213728 0.647813
vt 0.213612 0.646274
vt 0.218639 0.645369
vt 0.219380 0.646610
vt 0.219607 0.646470
vt 0.219185 0.645091
vt 0.219718 0.646191
vt 0.219479 0.644605
vt 0.221132 0.640211
vt 0.220581 0.639953
vt 0.222442 0.634630
vt 0.221873 0.634457
vt 0.222069 0.633984
vt 0.222625 0.634279
vt 0.222426 0.633565
vt 0.222951 0.634026
vt 0.223489 0.633098
vt 0.224554 0.633568
vt 0.224017 0.632811
vt 0.224445 0.632333
vt 0.225441 0.631223
vt 0.225123 0.633668
vt 0.225807 0.631376
vt 0.226193 0.631466
vt 0.225656 0.633925
vt 0.226424 0.632973
vt 0.226594 0.632345
vt 0.226521 0.633622
vt 0.226607 0.631498
vt 0.226808 0.634172
vt 0.226933 0.631933
vt 0.226752 0.635257
vt 0.226979 0.631470
vt 0.675015 0.637986
vt 0.993489 0.223068
vt 0.993856 0.221868
vt 0.993856 0.223351
vt 0.683819 0.945560
vt 0.996315 0.349539
vt 0.996315 0.348732
vt 0.996489 0.348845
vt 0.996620 0.635376
vt 0.996315 0.634910
vt 0.996620 0.634795
vt 0.138664 0.896771
vt 0.139392 0.896872
vt 0.138671 0.897037
vt 0.139406 0.896572
vt 0.138286 0.890326
vt 0.139672 0.890459
vt 0.137779 0.886267
vt 0.139672 0.884731
vt 0.137735 0.885909
vt 0.139636 0.884333
vt 0.315999 0.947786
vt 0.318268 0.948098
vt 0.315927 0.948098
vt 0.318403 0.947718
vt 0.316051 0.947132
vt 0.318307 0.946073
vt 0.316008 0.946974
vt 0.318034 0.945560
vt 0.897274 0.949790
vt 0.996580 0.446773
vt 0.996315 0.447272
vt 0.996315 0.446747
vt 0.996627 0.447369
vt 0.147365 0.884504
vt 0.146643 0.884598
vt 0.146649 0.884333
vt 0.147380 0.884804
vt 0.146268 0.891046
vt 0.147646 0.890925
vt 0.145762 0.895108
vt 0.147646 0.896660
vt 0.145720 0.895464
vt 0.147610 0.897057
vt 0.238066 0.945560
vt 0.240433 0.945560
vt 0.238132 0.945875
vt 0.240559 0.945947
vt 0.238172 0.946533
vt 0.240422 0.947613
vt 0.238126 0.946690
vt 0.240137 0.948125
vt 0.691918 0.925441
vt 0.692576 0.925545
vt 0.691883 0.925137
vt 0.082803 0.884546
vt 0.082046 0.884657
vt 0.082789 0.884333
vt 0.082034 0.884934
vt 0.083200 0.890698
vt 0.081768 0.890894
vt 0.083718 0.894582
vt 0.081768 0.896480
vt 0.083767 0.894890
vt 0.081809 0.896834
vt 0.433484 0.945560
vt 0.435730 0.945560
vt 0.435653 0.945872
vt 0.435592 0.946525
vt 0.433338 0.945940
vt 0.433375 0.947583
vt 0.435634 0.946684
vt 0.433637 0.948096
vt 0.046748 0.931052
vt 0.046089 0.931136
vt 0.046783 0.931379
vt 0.046824 0.931627
vt 0.996613 0.532045
vt 0.996613 0.532655
vt 0.996315 0.532077
vt 0.595024 0.889645
vt 0.596222 0.894399
vt 0.595434 0.894899
vt 0.596487 0.889207
vt 0.594498 0.886315
vt 0.596487 0.884333
vt 0.984986 0.146829
vt 0.984986 0.148998
vt 0.984706 0.148772
vt 0.978260 0.042160
vt 0.978260 0.039315
vt 0.978487 0.039482
vt 0.391035 0.945878
vt 0.388886 0.945560
vt 0.391100 0.945560
vt 0.388753 0.945955
vt 0.391000 0.946540
vt 0.388843 0.947646
vt 0.391048 0.946697
vt 0.389123 0.948157
vt 0.872820 0.628096
vt 0.873703 0.627435
vt 0.873700 0.627909
vt 0.918304 0.767429
vt 0.917412 0.767736
vt 0.917182 0.767350
vt 0.918325 0.767857
vt 0.918325 0.769156
vt 0.917507 0.769479
vt 0.918306 0.769814
vt 0.917534 0.770025
vt 0.916030 0.770435
vt 0.916289 0.770832
vt 0.918178 0.770431
vt 0.917495 0.770477
vt 0.993489 0.221868
vt 0.993910 0.192854
vt 0.993489 0.192476
vt 0.993969 0.192113
vt 0.993536 0.193013
vt 0.993969 0.193443
vt 0.984706 0.338615
vt 0.985257 0.339025
vt 0.984706 0.340094
vt 0.985014 0.340274
vt 0.952391 0.196203
vt 0.952880 0.195929
vt 0.952578 0.196507
vt 0.953065 0.196325
vt 0.953577 0.196067
vt 0.953507 0.195470
vt 0.954035 0.195774
vt 0.954065 0.197257
vt 0.954065 0.195010
vt 0.941295 0.679982
vt 0.940650 0.679495
vt 0.941025 0.679218
vt 0.940650 0.677734
vt 0.940872 0.680359
vt 0.336406 0.947197
vt 0.334254 0.946070
vt 0.336457 0.947040
vt 0.334547 0.945560
vt 0.334115 0.947781
vt 0.336427 0.947861
vt 0.334237 0.948182
vt 0.336484 0.948182
vt 0.984706 0.614955
vt 0.985042 0.613145
vt 0.985075 0.614955
vt 0.981839 0.972059
vt 0.981839 0.974261
vt 0.981553 0.972278
vt 0.920399 0.279986
vt 0.922462 0.277860
vt 0.922462 0.281792
vt 0.920938 0.277326
vt 0.925577 0.822714
vt 0.926819 0.827235
vt 0.925577 0.828030
vt 0.939175 0.912864
vt 0.939175 0.906365
vt 0.939731 0.906741
vt 0.996589 0.115538
vt 0.294162 0.835809
vt 0.293719 0.835210
vt 0.981552 0.445576
vt 0.981956 0.445320
vt 0.981788 0.445756
vt 0.981552 0.946261
vt 0.981815 0.946127
vt 0.981893 0.946588
vt 0.532431 0.884410
vt 0.532870 0.884333
vt 0.533090 0.886926
vt 0.533317 0.884336
vt 0.532076 0.884529
vt 0.533686 0.884394
vt 0.531708 0.884719
vt 0.534081 0.884519
vt 0.531386 0.884952
vt 0.534436 0.884695
vt 0.531109 0.885236
vt 0.534756 0.884929
vt 0.530867 0.885573
vt 0.535051 0.885221
vt 0.530697 0.885906
vt 0.535273 0.885521
vt 0.530556 0.886331
vt 0.535482 0.885915
vt 0.883704 0.947399
vt 0.882654 0.946789
vt 0.883704 0.946173
vt 0.882643 0.945560
vt 0.882643 0.948012
vt 0.881583 0.946174
vt 0.881583 0.947400
vt 0.849170 0.945560
vt 0.849179 0.946779
vt 0.848108 0.946172
vt 0.848108 0.947398
vt 0.850231 0.946174
vt 0.849170 0.948012
vt 0.850231 0.947400
vt 0.831375 0.946172
vt 0.832447 0.946782
vt 0.831375 0.947398
vt 0.832436 0.948012
vt 0.832436 0.945560
vt 0.833497 0.947400
vt 0.833497 0.946174
vt 0.818826 0.947399
vt 0.819898 0.946784
vt 0.819887 0.948013
vt 0.820948 0.947400
vt 0.818826 0.946173
vt 0.820948 0.946174
vt 0.819887 0.945560
vt 0.840804 0.948013
vt 0.840816 0.946787
vt 0.841865 0.947400
vt 0.841865 0.946173
vt 0.839743 0.947400
vt 0.840804 0.945560
vt 0.839743 0.946173
vt 0.530494 0.886773
vt 0.535617 0.886341
vt 0.530497 0.887147
vt 0.535675 0.886710
vt 0.530563 0.887556
vt 0.535677 0.887125
vt 0.530685 0.887933
vt 0.535619 0.887517
vt 0.530869 0.888285
vt 0.535496 0.887895
vt 0.531114 0.888619
vt 0.535310 0.888265
vt 0.531379 0.888883
vt 0.535093 0.888570
vt 0.531738 0.889148
vt 0.534782 0.888891
vt 0.532139 0.889344
vt 0.534419 0.889152
vt 0.532495 0.889456
vt 0.534086 0.889322
vt 0.532905 0.889518
vt 0.533693 0.889452
vt 0.533301 0.889518
vt 0.772817 0.223923
vt 0.772412 0.222908
vt 0.772866 0.223551
vt 0.795244 0.567353
vt 0.795650 0.566342
vt 0.795699 0.566713
vt 0.708454 0.856502
vt 0.706195 0.859561
vt 0.706434 0.856108
vt 0.708812 0.855012
vt 0.706969 0.854061
vt 0.707178 0.853629
vt 0.709038 0.854397
vt 0.707523 0.853357
vt 0.709545 0.853924
vt 0.922080 0.439052
vt 0.922080 0.444097
vt 0.920437 0.440474
vt 0.920399 0.442927
vt 0.954077 0.086903
vt 0.952574 0.087788
vt 0.952391 0.086779
vt 0.954266 0.087484
vt 0.954130 0.088034
vt 0.952391 0.088886
vt 0.873274 0.621981
vt 0.871433 0.619546
vt 0.872698 0.617402
vt 0.871848 0.622773
vt 0.872428 0.627791
vt 0.871940 0.627894
vt 0.870954 0.622967
vt 0.155065 0.841005
vt 0.153918 0.835952
vt 0.153692 0.841168
vt 0.154324 0.831569
vt 0.154664 0.841421
vt 0.153702 0.841674
vt 0.154390 0.831007
vt 0.154579 0.841986
vt 0.985292 0.193328
vt 0.985292 0.194991
vt 0.984706 0.193509
vt 0.153818 0.842251
vt 0.140620 0.977670
vt 0.140620 0.975630
vt 0.141421 0.977116
vt 0.154333 0.843365
vt 0.949256 0.905014
vt 0.949256 0.908746
vt 0.948453 0.907201
vt 0.155176 0.843558
vt 0.471667 0.821047
vt 0.475808 0.824037
vt 0.473647 0.824100
vt 0.474066 0.824655
vt 0.476101 0.824366
vt 0.474181 0.825301
vt 0.476231 0.824827
vt 0.476403 0.826936
vt 0.474275 0.826829
vt 0.632211 0.946292
vt 0.631919 0.945856
vt 0.633115 0.945936
vt 0.631483 0.945560
vt 0.632313 0.946801
vt 0.633137 0.946817
vt 0.633711 0.946817
vt 0.633698 0.945888
vt 0.633115 0.947700
vt 0.633699 0.947748
vt 0.632211 0.947307
vt 0.631919 0.947731
vt 0.671071 0.946259
vt 0.670783 0.945836
vt 0.671962 0.945861
vt 0.671172 0.946765
vt 0.671984 0.946744
vt 0.672558 0.946743
vt 0.672545 0.945812
vt 0.671962 0.947625
vt 0.672545 0.947672
vt 0.671071 0.947274
vt 0.670783 0.947711
vt 0.670353 0.948010
vt 0.725426 0.947278
vt 0.725709 0.947714
vt 0.724550 0.947632
vt 0.726133 0.948011
vt 0.725326 0.946769
vt 0.724528 0.946750
vt 0.723955 0.946749
vt 0.723968 0.947678
vt 0.724550 0.945868
vt 0.723968 0.945818
vt 0.725426 0.946263
vt 0.725710 0.945838
vt 0.726133 0.945560
vt 0.601728 0.946273
vt 0.601434 0.945845
vt 0.602641 0.945892
vt 0.600993 0.945560
vt 0.601831 0.946781
vt 0.602662 0.946775
vt 0.603236 0.946775
vt 0.603224 0.945844
vt 0.602641 0.947657
vt 0.603224 0.947705
vt 0.601728 0.947289
vt 0.601434 0.947721
vt 0.600993 0.948012
vt 0.513411 0.948093
vt 0.514158 0.948513
vt 0.760933 0.946284
vt 0.760066 0.945918
vt 0.761214 0.945852
vt 0.761634 0.945560
vt 0.760834 0.946793
vt 0.760044 0.946800
vt 0.759472 0.946801
vt 0.759485 0.945871
vt 0.760066 0.947683
vt 0.759485 0.947732
vt 0.760933 0.947300
vt 0.761214 0.947728
vt 0.761634 0.948012
vt 0.214443 0.626596
vt 0.220038 0.626715
vt 0.220028 0.626120
vt 0.220533 0.626159
vt 0.220423 0.626780
vt 0.221029 0.626369
vt 0.220754 0.627011
vt 0.221761 0.627234
vt 0.221631 0.628392
vt 0.222175 0.627647
vt 0.222737 0.627905
vt 0.224041 0.628507
vt 0.223362 0.627902
vt 0.221702 0.628965
vt 0.224138 0.628104
vt 0.224007 0.628902
vt 0.223843 0.627685
vt 0.224279 0.627759
vt 0.224296 0.627224
vt 0.224508 0.627375
vt 0.224802 0.627038
vt 0.224592 0.626655
vt 0.225087 0.626797
vt 0.224643 0.626137
vt 0.224041 0.629298
vt 0.221631 0.629551
vt 0.222737 0.629985
vt 0.223362 0.629952
vt 0.222175 0.630280
vt 0.224138 0.629701
vt 0.944355 0.929663
vt 0.944833 0.929465
vt 0.945350 0.929464
vt 0.786569 0.863023
vt 0.786331 0.859567
vt 0.788561 0.862668
vt 0.788918 0.864158
vt 0.787104 0.865071
vt 0.787313 0.865503
vt 0.789144 0.864774
vt 0.787657 0.865776
vt 0.789651 0.865248
vt 0.922092 0.393583
vt 0.922092 0.398637
vt 0.920436 0.397194
vt 0.920399 0.394738
vt 0.952574 0.162026
vt 0.954044 0.162876
vt 0.952391 0.163035
vt 0.954233 0.162295
vt 0.954097 0.161746
vt 0.952391 0.160930
vt 0.873295 0.421597
vt 0.872721 0.426253
vt 0.873720 0.416051
vt 0.872828 0.415426
vt 0.873719 0.415564
vt 0.917414 0.703602
vt 0.918306 0.703915
vt 0.917184 0.703994
vt 0.918326 0.703481
vt 0.918326 0.702176
vt 0.917508 0.701850
vt 0.918307 0.701513
vt 0.917536 0.701300
vt 0.918179 0.700890
vt 0.917496 0.700843
vt 0.993489 0.116619
vt 0.993928 0.116207
vt 0.993983 0.116960
vt 0.993540 0.116071
vt 0.993983 0.115620
vt 0.985259 0.302336
vt 0.984706 0.302748
vt 0.984706 0.301273
vt 0.985017 0.301086
vt 0.065791 0.983002
vt 0.065435 0.983022
vt 0.065729 0.982448
vt 0.065300 0.982522
vt 0.065213 0.981955
vt 0.065739 0.981670
vt 0.065186 0.981408
vt 0.065791 0.980945
vt 0.940648 0.615413
vt 0.941301 0.614925
vt 0.941033 0.615689
vt 0.940867 0.614549
vt 0.940648 0.617173
vt 0.941033 0.617173
vt 0.943791 0.926361
vt 0.944355 0.927205
vt 0.943989 0.926839
vt 0.944833 0.927404
vt 0.943791 0.925843
vt 0.945350 0.927403
vt 0.943989 0.925364
vt 0.945828 0.927205
vt 0.944355 0.924998
vt 0.946194 0.926839
vt 0.944833 0.924800
vt 0.945350 0.924800
vt 0.946392 0.926361
vt 0.945828 0.924998
vt 0.946392 0.925843
vt 0.946194 0.925364
vt 0.010916 0.945758
vt 0.010353 0.946603
vt 0.010550 0.946124
vt 0.010353 0.947121
vt 0.011394 0.945560
vt 0.010550 0.947599
vt 0.011911 0.945560
vt 0.012389 0.945758
vt 0.010916 0.947965
vt 0.012755 0.946125
vt 0.011394 0.948163
vt 0.012953 0.946603
vt 0.011911 0.948163
vt 0.012953 0.947121
vt 0.012389 0.947965
vt 0.012755 0.947599
vt 0.945828 0.915670
vt 0.944833 0.915472
vt 0.945350 0.915472
vt 0.945350 0.918075
vt 0.944833 0.918075
vt 0.944355 0.917877
vt 0.946392 0.893712
vt 0.946194 0.892715
vt 0.946392 0.893194
vt 0.943990 0.894190
vt 0.943792 0.893711
vt 0.943791 0.893194
vt 0.943989 0.892715
vt 0.944355 0.894556
vt 0.944355 0.892349
vt 0.944833 0.894754
vt 0.944833 0.892151
vt 0.945351 0.894754
vt 0.945350 0.892151
vt 0.945829 0.894556
vt 0.946194 0.894190
vt 0.945828 0.892349
vt 0.944833 0.932068
vt 0.945828 0.931869
vt 0.945350 0.932068
vt 0.946194 0.931503
vt 0.944355 0.931870
vt 0.946392 0.931025
vt 0.943990 0.931504
vt 0.946392 0.930507
vt 0.943792 0.931025
vt 0.946194 0.930029
vt 0.943792 0.930507
vt 0.943989 0.930029
vt 0.945828 0.929663
vt 0.943791 0.916514
vt 0.946392 0.916515
vt 0.946392 0.917033
vt 0.943990 0.916036
vt 0.943792 0.917032
vt 0.946194 0.916036
vt 0.946194 0.917511
vt 0.944355 0.915670
vt 0.945828 0.917877
vt 0.943989 0.917510
vt 0.409809 0.799422
vt 0.407416 0.802778
vt 0.408975 0.799133
vt 0.407369 0.803131
vt 0.407481 0.803432
vt 0.407798 0.804007
vt 0.411425 0.793276
vt 0.408087 0.804119
vt 0.407922 0.804114
vt 0.408718 0.803912
vt 0.409009 0.803767
vt 0.409220 0.803478
vt 0.410618 0.799770
vt 0.412865 0.793835
vt 0.412145 0.793556
vt 0.411414 0.792993
vt 0.413068 0.793634
vt 0.412879 0.791702
vt 0.411249 0.792712
vt 0.413382 0.793539
vt 0.412450 0.791401
vt 0.413401 0.791770
vt 0.411076 0.792518
vt 0.413643 0.793513
vt 0.411883 0.791096
vt 0.410705 0.791751
vt 0.411913 0.790712
vt 0.411143 0.790986
vt 0.411973 0.789926
vt 0.414027 0.791927
vt 0.414406 0.793186
vt 0.414268 0.791625
vt 0.414611 0.792331
vt 0.414765 0.791009
vt 0.414829 0.792028
vt 0.415251 0.791081
vt 0.415080 0.790451
vt 0.415219 0.791838
vt 0.415601 0.791866
vt 0.415625 0.791066
vt 0.416874 0.791315
vt 0.416193 0.792149
vt 0.417329 0.792895
vt 0.416658 0.791579
vt 0.418380 0.792732
vt 0.419236 0.792950
vt 0.418248 0.793049
vt 0.771475 0.232410
vt 0.769087 0.235811
vt 0.770642 0.232118
vt 0.769040 0.236168
vt 0.769152 0.236473
vt 0.769469 0.237055
vt 0.769593 0.237163
vt 0.769757 0.237168
vt 0.770388 0.236957
vt 0.770679 0.236811
vt 0.770890 0.236518
vt 0.772284 0.232762
vt 0.774532 0.226774
vt 0.773093 0.226210
vt 0.773812 0.226492
vt 0.774735 0.226573
vt 0.773082 0.225924
vt 0.774548 0.224626
vt 0.775049 0.226477
vt 0.772917 0.225640
vt 0.775070 0.224695
vt 0.774119 0.224322
vt 0.775310 0.226451
vt 0.772744 0.225444
vt 0.775695 0.224854
vt 0.776079 0.226144
vt 0.776284 0.225283
vt 0.775937 0.224550
vt 0.776433 0.223930
vt 0.773552 0.224013
vt 0.772380 0.224692
vt 0.773583 0.223627
vt 0.773643 0.222835
vt 0.773237 0.222559
vt 0.773794 0.222210
vt 0.772712 0.223147
vt 0.772974 0.222294
vt 0.771887 0.221630
vt 0.771785 0.222714
vt 0.770442 0.222495
vt 0.771866 0.221972
vt 0.769815 0.221653
vt 0.769040 0.221234
vt 0.769694 0.221977
vt 0.794317 0.557872
vt 0.793728 0.553785
vt 0.795126 0.557523
vt 0.793517 0.553493
vt 0.793226 0.553347
vt 0.792594 0.553137
vt 0.792430 0.553141
vt 0.792306 0.553249
vt 0.791989 0.553827
vt 0.791877 0.554130
vt 0.791924 0.554486
vt 0.793483 0.558162
vt 0.795933 0.564053
vt 0.797373 0.563494
vt 0.796653 0.563774
vt 0.795922 0.564338
vt 0.797576 0.563695
vt 0.797387 0.565636
vt 0.795757 0.564621
vt 0.797890 0.563791
vt 0.796958 0.565938
vt 0.797909 0.565568
vt 0.795584 0.564816
vt 0.798151 0.563818
vt 0.798535 0.565411
vt 0.798914 0.564135
vt 0.799118 0.564994
vt 0.798777 0.565714
vt 0.799273 0.566334
vt 0.796391 0.566245
vt 0.795213 0.565574
vt 0.796421 0.566630
vt 0.796481 0.567419
vt 0.796075 0.567694
vt 0.796631 0.568043
vt 0.795544 0.567115
vt 0.795811 0.567958
vt 0.794724 0.568617
vt 0.794617 0.567544
vt 0.793274 0.567759
vt 0.794703 0.568276
vt 0.792653 0.568587
vt 0.791877 0.569004
vt 0.792532 0.568264
vt 0.583848 0.794576
vt 0.583264 0.790547
vt 0.584657 0.794226
vt 0.583053 0.790261
vt 0.582762 0.790119
vt 0.582132 0.789917
vt 0.581967 0.789922
vt 0.586904 0.800123
vt 0.581526 0.790602
vt 0.581843 0.790029
vt 0.581414 0.790902
vt 0.581461 0.791252
vt 0.583015 0.794867
vt 0.585466 0.800686
vt 0.586185 0.800404
vt 0.587107 0.800322
vt 0.585455 0.800968
vt 0.586921 0.802247
vt 0.587422 0.800415
vt 0.585290 0.801249
vt 0.587443 0.802177
vt 0.586492 0.802549
vt 0.587682 0.800440
vt 0.585117 0.801443
vt 0.588068 0.802018
vt 0.588453 0.800771
vt 0.588309 0.802318
vt 0.588658 0.801622
vt 0.588806 0.802929
vt 0.585926 0.802856
vt 0.584755 0.802217
vt 0.585956 0.803238
vt 0.585193 0.802977
vt 0.586017 0.804020
vt 0.585242 0.803344
vt 0.585611 0.804294
vt 0.586168 0.804639
vt 0.585087 0.803743
vt 0.584788 0.803980
vt 0.585348 0.804557
vt 0.584261 0.805216
vt 0.584161 0.804172
vt 0.582818 0.804391
vt 0.584240 0.804877
vt 0.582189 0.805193
vt 0.581414 0.805609
vt 0.582068 0.804873
vt 0.099745 0.795227
vt 0.102122 0.791929
vt 0.100577 0.795524
vt 0.102168 0.791580
vt 0.102056 0.791280
vt 0.101739 0.790706
vt 0.101616 0.790598
vt 0.101452 0.790591
vt 0.100823 0.790788
vt 0.100533 0.790927
vt 0.100323 0.791212
vt 0.098938 0.794870
vt 0.096691 0.800740
vt 0.098127 0.801313
vt 0.097409 0.801027
vt 0.096488 0.800937
vt 0.098137 0.801595
vt 0.096671 0.802862
vt 0.096174 0.801028
vt 0.098301 0.801877
vt 0.096150 0.802788
vt 0.097099 0.803166
vt 0.095914 0.801051
vt 0.098473 0.802072
vt 0.095526 0.802624
vt 0.095132 0.801379
vt 0.095284 0.802921
vt 0.094926 0.802226
vt 0.094787 0.803528
vt 0.097664 0.803477
vt 0.098822 0.802851
vt 0.097633 0.803858
vt 0.098384 0.803606
vt 0.097571 0.804639
vt 0.098335 0.803972
vt 0.097976 0.804916
vt 0.097419 0.805255
vt 0.098489 0.804372
vt 0.098239 0.805180
vt 0.099323 0.805846
vt 0.098787 0.804611
vt 0.099413 0.804807
vt 0.100755 0.805036
vt 0.099346 0.805507
vt 0.101394 0.805839
vt 0.102168 0.806259
vt 0.101516 0.805520
vt 0.855788 0.861893
vt 0.854080 0.861646
vt 0.854356 0.870412
vt 0.854913 0.870520
vt 0.856771 0.867637
vt 0.857112 0.861981
vt 0.856268 0.872392
vt 0.856185 0.861506
vt 0.854765 0.871561
vt 0.857107 0.861464
vt 0.856203 0.872937
vt 0.856257 0.861020
vt 0.940748 0.977139
vt 0.941353 0.975634
vt 0.941353 0.977223
vt 0.856985 0.860935
vt 0.940327 0.975630
vt 0.939440 0.680370
vt 0.939988 0.681069
vt 0.925577 0.495391
vt 0.927278 0.498400
vt 0.925577 0.499867
vt 0.927241 0.496198
vt 0.709545 0.865334
vt 0.707523 0.865768
vt 0.709038 0.864859
vt 0.707178 0.865495
vt 0.708812 0.864243
vt 0.706969 0.865062
vt 0.706434 0.863015
vt 0.708454 0.862753
vt 0.708208 0.859627
vt 0.476039 0.830378
vt 0.473975 0.829950
vt 0.473190 0.832986
vt 0.475204 0.833737
vt 0.472579 0.834391
vt 0.474322 0.835661
vt 0.474041 0.836051
vt 0.472250 0.834959
vt 0.473654 0.836260
vt 0.471667 0.835337
vt 0.922105 0.060653
vt 0.920447 0.057489
vt 0.922105 0.055618
vt 0.920411 0.059911
vt 0.920399 0.060905
vt 0.967703 0.011559
vt 0.967703 0.009777
vt 0.968294 0.009939
vt 0.968681 0.010355
vt 0.968522 0.012314
vt 0.880221 0.797298
vt 0.878421 0.795449
vt 0.879577 0.793193
vt 0.878883 0.798339
vt 0.879524 0.802792
vt 0.880732 0.802204
vt 0.879906 0.802999
vt 0.513258 0.945732
vt 0.514290 0.945560
vt 0.514349 0.945918
vt 0.879058 0.802978
vt 0.513479 0.946233
vt 0.514362 0.946448
vt 0.514234 0.947809
vt 0.877998 0.798571
vt 0.877872 0.795593
vt 0.877872 0.803288
vt 0.496117 0.991285
vt 0.496117 0.990202
vt 0.496860 0.991284
vt 0.496860 0.990201
vt 0.993489 0.072412
vt 0.993489 0.071372
vt 0.994231 0.072413
vt 0.994231 0.071372
vt 0.993489 0.586067
vt 0.993489 0.585185
vt 0.994231 0.586069
vt 0.994231 0.585186
vt 0.988421 0.735040
vt 0.988421 0.736235
vt 0.987679 0.735042
vt 0.987679 0.736237
vt 0.009232 0.990201
vt 0.009232 0.991314
vt 0.008489 0.990205
vt 0.008489 0.991318
vt 0.987679 0.555985
vt 0.988422 0.557206
vt 0.987679 0.557206
vt 0.988422 0.555985
vt 0.987679 0.630697
vt 0.988421 0.631915
vt 0.987679 0.631915
vt 0.988421 0.630697
vt 0.031920 0.991308
vt 0.031178 0.991307
vt 0.031178 0.990201
vt 0.031920 0.990202
vt 0.988422 0.749260
vt 0.987679 0.749260
vt 0.987679 0.748068
vt 0.988422 0.748068
vt 0.993489 0.388100
vt 0.993489 0.387160
vt 0.994231 0.388099
vt 0.994231 0.387159
vt 0.154604 0.843965
vt 0.155364 0.844056
vt 0.154927 0.844669
vt 0.949920 0.852788
vt 0.950322 0.854552
vt 0.949920 0.854776
vt 0.631483 0.948010
vt 0.670353 0.945560
vt 0.864188 0.083806
vt 0.862751 0.075291
vt 0.863308 0.075183
vt 0.865162 0.078076
vt 0.865507 0.083728
vt 0.864656 0.073324
vt 0.864585 0.084195
vt 0.863163 0.074137
vt 0.865502 0.084245
vt 0.864591 0.072778
vt 0.864654 0.084685
vt 0.708468 0.977259
vt 0.707865 0.975725
vt 0.708468 0.975630
vt 0.865378 0.084777
vt 0.707443 0.977280
vt 0.939410 0.614538
vt 0.939964 0.613838
vt 0.927277 0.095729
vt 0.925577 0.098817
vt 0.925577 0.094279
vt 0.927241 0.097959
vt 0.789144 0.854305
vt 0.787657 0.853357
vt 0.789651 0.853831
vt 0.787313 0.853630
vt 0.788918 0.854922
vt 0.787104 0.854063
vt 0.786569 0.856112
vt 0.788561 0.856412
vt 0.788315 0.859540
vt 0.922094 0.334341
vt 0.834079 0.106954
vt 0.832726 0.108268
vt 0.832142 0.107893
vt 0.834467 0.107162
vt 0.833057 0.108834
vt 0.834749 0.107550
vt 0.835638 0.109470
vt 0.833672 0.110236
vt 0.836483 0.112825
vt 0.834467 0.113268
vt 0.834777 0.116387
vt 0.836859 0.116265
vt 0.834688 0.117916
vt 0.836693 0.118373
vt 0.836564 0.118836
vt 0.834575 0.118561
vt 0.836273 0.119165
vt 0.834158 0.119118
vt 0.832142 0.122174
vt 0.953197 0.014347
vt 0.953197 0.018056
vt 0.952391 0.015868
vt 0.175514 0.977688
vt 0.175514 0.975630
vt 0.176300 0.976189
vt 0.984873 0.362687
vt 0.985319 0.364254
vt 0.984706 0.364254
vt 0.293370 0.848958
vt 0.293296 0.848396
vt 0.292826 0.843972
vt 0.293895 0.838833
vt 0.292524 0.838703
vt 0.293489 0.838422
vt 0.292527 0.838195
vt 0.293398 0.837862
vt 0.292636 0.837617
vt 0.293140 0.836513
vt 0.293979 0.836304
vt 0.293404 0.835917
vt 0.094302 0.803450
vt 0.094470 0.804079
vt 0.093929 0.803461
vt 0.092683 0.803197
vt 0.094318 0.802709
vt 0.094707 0.802525
vt 0.093937 0.802676
vt 0.093347 0.802387
vt 0.092217 0.801629
vt 0.092901 0.802936
vt 0.091187 0.801767
vt 0.090335 0.801539
vt 0.091320 0.801453
vt 0.411567 0.789653
vt 0.412123 0.789305
vt 0.411303 0.789390
vt 0.410216 0.788734
vt 0.411036 0.790217
vt 0.411191 0.790617
vt 0.410737 0.789981
vt 0.410195 0.789074
vt 0.408145 0.788764
vt 0.407369 0.788350
vt 0.408024 0.789086
vt 0.408766 0.789576
vt 0.410110 0.789790
vt 0.776919 0.224003
vt 0.776749 0.223370
vt 0.777293 0.223988
vt 0.778542 0.224241
vt 0.776891 0.224787
vt 0.776502 0.224977
vt 0.777274 0.224815
vt 0.777865 0.225100
vt 0.779000 0.225852
vt 0.778325 0.224506
vt 0.780045 0.225666
vt 0.780900 0.225886
vt 0.779913 0.225986
vt 0.799759 0.566262
vt 0.799588 0.566893
vt 0.800133 0.566278
vt 0.801382 0.566028
vt 0.799726 0.565489
vt 0.799336 0.565299
vt 0.800109 0.565462
vt 0.801166 0.565763
vt 0.802889 0.564608
vt 0.803744 0.564390
vt 0.802756 0.564289
vt 0.801836 0.564430
vt 0.800701 0.565179
vt 0.589292 0.802855
vt 0.589122 0.803483
vt 0.589666 0.802869
vt 0.590915 0.802614
vt 0.589266 0.802109
vt 0.588876 0.801923
vt 0.589648 0.802079
vt 0.590698 0.802352
vt 0.592417 0.801194
vt 0.593272 0.800973
vt 0.592284 0.800878
vt 0.591373 0.801045
vt 0.590240 0.801795
vt 0.939648 0.679867
vt 0.939175 0.677735
vt 0.939648 0.677734
vt 0.939175 0.679905
vt 0.940166 0.679722
vt 0.917277 0.768435
vt 0.915288 0.769278
vt 0.917110 0.768098
vt 0.940166 0.677734
vt 0.915488 0.769594
vt 0.917417 0.768921
vt 0.915748 0.770001
vt 0.941025 0.677735
vt 0.953601 0.197267
vt 0.953084 0.197278
vt 0.156906 0.843882
vt 0.156822 0.844330
vt 0.950322 0.852792
vt 0.949424 0.852786
vt 0.949424 0.854919
vt 0.948909 0.852787
vt 0.948909 0.854958
vt 0.948453 0.854922
vt 0.948453 0.852790
vt 0.981552 0.283525
vt 0.981948 0.281536
vt 0.981948 0.283669
vt 0.981552 0.281537
vt 0.939643 0.615041
vt 0.939175 0.617173
vt 0.939175 0.615002
vt 0.915288 0.702041
vt 0.917277 0.702890
vt 0.917109 0.703222
vt 0.939643 0.617173
vt 0.915489 0.701730
vt 0.940160 0.615185
vt 0.917418 0.702408
vt 0.940160 0.617173
vt 0.915750 0.701326
vt 0.916031 0.700892
vt 0.916291 0.700493
vt 0.949405 0.827385
vt 0.949909 0.829517
vt 0.949405 0.829556
vt 0.948894 0.829517
vt 0.949909 0.827385
vt 0.948894 0.827385
vt 0.950329 0.829372
vt 0.948453 0.829372
vt 0.950329 0.827384
vt 0.981552 0.713284
vt 0.981988 0.715041
vt 0.981552 0.715272
vt 0.981988 0.713281
vt 0.948453 0.827384
vt 0.981991 0.654091
vt 0.981553 0.655850
vt 0.981553 0.653863
vt 0.981991 0.655851
vt 0.524794 0.844362
vt 0.523951 0.846461
vt 0.524234 0.844270
vt 0.524511 0.846553
vt 0.524380 0.843253
vt 0.948912 0.876119
vt 0.948453 0.873987
vt 0.948912 0.873949
vt 0.949428 0.873987
vt 0.948453 0.876119
vt 0.981552 0.095517
vt 0.981970 0.097505
vt 0.981552 0.097649
vt 0.981970 0.095517
vt 0.949428 0.876120
vt 0.949922 0.874131
vt 0.949922 0.876119
vt 0.950320 0.874358
vt 0.950320 0.876119
vt 0.938492 0.949861
vt 0.939073 0.947428
vt 0.939059 0.949879
vt 0.938488 0.950501
vt 0.939055 0.950519
vt 0.938506 0.947410
vt 0.939081 0.946454
vt 0.938514 0.946436
vt 0.939055 0.945578
vt 0.938488 0.945560
vt 0.026971 0.853358
vt 0.027110 0.853358
vt 0.027099 0.854508
vt 0.027087 0.855710
vt 0.026948 0.855711
vt 0.027071 0.858359
vt 0.026931 0.858359
vt 0.027662 0.855045
vt 0.027095 0.855046
vt 0.027646 0.855733
vt 0.027079 0.855734
vt 0.027590 0.858185
vt 0.027022 0.858186
vt 0.027576 0.859041
vt 0.027009 0.859042
vt 0.870742 0.618795
vt 0.871297 0.618675
vt 0.870879 0.619667
vt 0.870742 0.628154
vt 0.027059 0.861238
vt 0.026920 0.861238
vt 0.027054 0.864277
vt 0.026915 0.864277
vt 0.026916 0.867401
vt 0.027055 0.867400
vt 0.027058 0.869002
vt 0.026922 0.870532
vt 0.027062 0.870532
vt 0.027626 0.869001
vt 0.027629 0.870531
vt 0.027625 0.868346
vt 0.027058 0.868347
vt 0.027612 0.867743
vt 0.027045 0.867744
vt 0.156906 0.829291
vt 0.156348 0.829186
vt 0.601368 0.829209
vt 0.601927 0.829111
vt 0.601441 0.829726
vt 0.601759 0.831924
vt 0.601915 0.832940
vt 0.178696 0.879265
vt 0.179201 0.876810
vt 0.179263 0.879265
vt 0.178712 0.879952
vt 0.179279 0.879952
vt 0.178634 0.876810
vt 0.179181 0.875948
vt 0.178613 0.875948
vt 0.870742 0.424949
vt 0.871297 0.425067
vt 0.349442 0.995196
vt 0.349442 0.994904
vt 0.349876 0.994899
vt 0.349442 0.994613
vt 0.349858 0.995412
vt 0.349858 0.994390
vt 0.981907 0.575105
vt 0.981721 0.576467
vt 0.981553 0.575191
vt 0.981552 0.593744
vt 0.981721 0.592467
vt 0.981897 0.593837
vt 0.981945 0.576651
vt 0.981553 0.576902
vt 0.981625 0.577199
vt 0.981940 0.592287
vt 0.981552 0.592032
vt 0.981622 0.591737
vt 0.981553 0.718858
vt 0.981979 0.719100
vt 0.981553 0.719338
vt 0.996681 0.570844
vt 0.996315 0.570447
vt 0.996682 0.570544
vt 0.981968 0.718827
vt 0.996315 0.570974
vt 0.981920 0.717548
vt 0.006273 0.991628
vt 0.006034 0.990201
vt 0.006429 0.990364
vt 0.981688 0.717333
vt 0.996529 0.343481
vt 0.996603 0.343942
vt 0.996315 0.343915
vt 0.996315 0.343273
vt 0.006034 0.991768
vt 0.996387 0.388251
vt 0.996596 0.388686
vt 0.996315 0.388712
vt 0.996596 0.388043
vt 0.996315 0.614392
vt 0.996315 0.613866
vt 0.996672 0.613988
vt 0.987921 0.981307
vt 0.988078 0.982573
vt 0.987679 0.982731
vt 0.996673 0.614287
vt 0.987679 0.981164
vt 0.996591 0.427061
vt 0.996385 0.427493
vt 0.996315 0.427031
vt 0.996591 0.427703
vt 0.981980 0.775375
vt 0.981552 0.775651
vt 0.981552 0.775157
vt 0.981969 0.775655
vt 0.981922 0.776922
vt 0.981691 0.777149
vt 0.996608 0.282727
vt 0.996532 0.283188
vt 0.996315 0.282757
vt 0.996315 0.283398
vt 0.431661 0.994390
vt 0.432075 0.994793
vt 0.431645 0.994914
vt 0.432073 0.994495
vt 0.981580 0.447125
vt 0.981956 0.447033
vt 0.981877 0.445025
vt 0.431664 0.995356
vt 0.432075 0.995046
vt 0.993640 0.161235
vt 0.993872 0.162646
vt 0.993489 0.162374
vt 0.993872 0.161176
vt 0.996315 0.416773
vt 0.996385 0.416311
vt 0.996587 0.416736
vt 0.996587 0.416096
vt 0.981571 0.558615
vt 0.981986 0.558925
vt 0.981552 0.559054
vt 0.993870 0.249932
vt 0.993639 0.251336
vt 0.993489 0.250213
vt 0.993870 0.251387
vt 0.996315 0.359998
vt 0.996589 0.360041
vt 0.996385 0.360460
vt 0.996589 0.360679
vt 0.981986 0.559176
vt 0.981571 0.559578
vt 0.981986 0.559474
vt 0.981983 0.560644
vt 0.981893 0.944754
vt 0.981759 0.946864
vt 0.027074 0.873594
vt 0.027642 0.873594
vt 0.027093 0.876512
vt 0.027660 0.876512
vt 0.027671 0.877832
vt 0.027104 0.877832
vt 0.026977 0.879214
vt 0.026953 0.876512
vt 0.027110 0.878355
vt 0.027677 0.878354
vt 0.925684 0.946180
vt 0.925113 0.945578
vt 0.925680 0.945560
vt 0.925117 0.946197
vt 0.925696 0.948602
vt 0.925129 0.948619
vt 0.925705 0.949596
vt 0.925138 0.949614
vt 0.925680 0.950518
vt 0.925113 0.950535
vt 0.198758 0.858466
vt 0.198619 0.859890
vt 0.198619 0.858466
vt 0.198758 0.861380
vt 0.198619 0.861380
vt 0.198759 0.864441
vt 0.198619 0.864441
vt 0.198759 0.867571
vt 0.198620 0.867571
vt 0.198759 0.870696
vt 0.198619 0.870696
vt 0.198051 0.860523
vt 0.198051 0.859890
vt 0.198619 0.860523
vt 0.198068 0.861204
vt 0.198635 0.861204
vt 0.198131 0.863405
vt 0.198698 0.863405
vt 0.854080 0.872242
vt 0.854636 0.872350
vt 0.854208 0.871454
vt 0.523889 0.846973
vt 0.524449 0.847066
vt 0.179272 0.866705
vt 0.198758 0.876620
vt 0.198619 0.876620
vt 0.198619 0.875211
vt 0.198758 0.873737
vt 0.198051 0.875212
vt 0.198051 0.876620
vt 0.198618 0.879274
vt 0.198757 0.879274
vt 0.198756 0.881633
vt 0.198051 0.874583
vt 0.198619 0.874583
vt 0.198068 0.873899
vt 0.198635 0.873899
vt 0.198131 0.871669
vt 0.198698 0.871669
vt 0.862482 0.073448
vt 0.863039 0.073341
vt 0.862606 0.074245
vt 0.198617 0.881633
vt 0.198050 0.879274
vt 0.198049 0.881633
vt 0.178715 0.881624
vt 0.179280 0.880487
vt 0.179282 0.881625
vt 0.178713 0.880486
vt 0.178576 0.881624
vt 0.178571 0.879295
vt 0.178710 0.879295
vt 0.178566 0.864519
vt 0.178705 0.864519
vt 0.178705 0.866050
vt 0.178569 0.861449
vt 0.179272 0.866050
vt 0.179273 0.864519
vt 0.178708 0.861449
vt 0.179275 0.861449
vt 0.178572 0.858518
vt 0.178565 0.867652
vt 0.178704 0.867652
vt 0.178704 0.870772
vt 0.178565 0.870772
vt 0.178705 0.873802
vt 0.178566 0.873802
vt 0.178707 0.876666
vt 0.178568 0.876666
vt 0.178577 0.855798
vt 0.178714 0.857189
vt 0.179279 0.858518
vt 0.179281 0.857189
vt 0.178716 0.855798
vt 0.178583 0.853357
vt 0.178722 0.853357
vt 0.186901 0.881618
vt 0.187044 0.879162
vt 0.187040 0.881618
vt 0.186905 0.879162
vt 0.187047 0.876432
vt 0.186908 0.876432
vt 0.026935 0.873595
vt 0.027116 0.879214
vt 0.027144 0.881632
vt 0.027005 0.881633
vt 0.187040 0.853357
vt 0.187044 0.855670
vt 0.186901 0.853357
vt 0.186905 0.855670
vt 0.186908 0.858287
vt 0.187047 0.858287
vt 0.186910 0.861143
vt 0.187049 0.861143
vt 0.186912 0.870418
vt 0.187051 0.870418
vt 0.187050 0.871921
vt 0.186910 0.873493
vt 0.186912 0.867284
vt 0.187618 0.870418
vt 0.187619 0.867284
vt 0.187049 0.872544
vt 0.187617 0.871921
vt 0.187051 0.867284
vt 0.186912 0.864166
vt 0.187051 0.864166
vt 0.187618 0.864166
vt 0.187050 0.862689
vt 0.187617 0.862689
vt 0.187049 0.862081
vt 0.187617 0.862081
vt 0.187049 0.873493
vt 0.187617 0.872544
vt 0.027666 0.854506
vt 0.178711 0.858518
vt 0.178715 0.856661
vt 0.179282 0.856661
vt 0.198619 0.873737
vt 0.198618 0.855769
vt 0.198051 0.858466
vt 0.198050 0.855769
vt 0.198049 0.853357
vt 0.198617 0.853357
vt 0.027677 0.853357
vt 0.198757 0.855769
vt 0.198756 0.853357
vt 0.229564 0.957517
vt 0.227931 0.957412
vt 0.229564 0.955303
vt 0.227934 0.955338
vt 0.205741 0.955303
vt 0.207374 0.955360
vt 0.205741 0.957517
vt 0.207373 0.957434
vt 0.954044 0.802228
vt 0.952394 0.802180
vt 0.954044 0.800013
vt 0.952391 0.800096
vt 0.575224 0.957462
vt 0.573613 0.957518
vt 0.575221 0.955379
vt 0.573613 0.955303
vt 0.619310 0.957459
vt 0.617707 0.957520
vt 0.619313 0.955382
vt 0.617707 0.955303
vt 0.954047 0.660409
vt 0.952391 0.660327
vt 0.954047 0.658192
vt 0.952393 0.658251
vt 0.533081 0.955303
vt 0.534697 0.955341
vt 0.533081 0.957517
vt 0.534700 0.957425
vt 0.954038 0.924355
vt 0.952394 0.924277
vt 0.954038 0.922141
vt 0.952391 0.922194
vt 0.606679 0.955303
vt 0.608295 0.955334
vt 0.606679 0.957504
vt 0.608299 0.957422
vt 0.954055 0.409205
vt 0.952401 0.409134
vt 0.954055 0.406984
vt 0.952391 0.407037
vt 0.954051 0.387792
vt 0.952397 0.387737
vt 0.954051 0.385567
vt 0.952391 0.385654
vt 0.954047 0.488260
vt 0.952391 0.488198
vt 0.954047 0.486034
vt 0.952398 0.486102
vt 0.626667 0.957460
vt 0.625048 0.957504
vt 0.626663 0.955371
vt 0.625048 0.955303
vt 0.954044 0.571463
vt 0.952391 0.571370
vt 0.954044 0.569237
vt 0.952398 0.569275
vt 0.954044 0.520069
vt 0.952391 0.520007
vt 0.954044 0.517841
vt 0.952394 0.517926
vt 0.519997 0.957465
vt 0.518383 0.957524
vt 0.519986 0.955368
vt 0.518383 0.955303
vt 0.168853 0.955303
vt 0.170474 0.955346
vt 0.168853 0.957527
vt 0.170480 0.957429
vt 0.322809 0.957492
vt 0.321200 0.957530
vt 0.322816 0.955396
vt 0.321200 0.955303
vt 0.248012 0.957483
vt 0.246397 0.957532
vt 0.248016 0.955401
vt 0.246397 0.955303
vt 0.070703 0.957521
vt 0.069075 0.957428
vt 0.070703 0.955303
vt 0.069065 0.955334
vt 0.032354 0.957504
vt 0.030702 0.957438
vt 0.032354 0.955303
vt 0.030699 0.955350
vt 0.289453 0.955303
vt 0.291071 0.955363
vt 0.289453 0.957532
vt 0.291067 0.957445
vt 0.017511 0.957504
vt 0.015860 0.957469
vt 0.017511 0.955303
vt 0.015856 0.955380
vt 0.264831 0.955303
vt 0.266452 0.955358
vt 0.264831 0.957529
vt 0.266445 0.957453
vt 0.954042 0.643295
vt 0.952397 0.643210
vt 0.954042 0.641071
vt 0.952391 0.641128
vt 0.952391 0.939239
vt 0.954024 0.939284
vt 0.952391 0.941458
vt 0.954034 0.941378
vt 0.954046 0.445426
vt 0.952391 0.445333
vt 0.954046 0.443196
vt 0.952394 0.443251
vt 0.952391 0.883657
vt 0.954035 0.883702
vt 0.952391 0.885877
vt 0.954029 0.885786
vt 0.622981 0.957471
vt 0.621373 0.957510
vt 0.622987 0.955372
vt 0.621373 0.955303
vt 0.094996 0.955303
vt 0.096630 0.955343
vt 0.094996 0.957521
vt 0.096633 0.957427
vt 0.041829 0.955303
vt 0.043467 0.955351
vt 0.041829 0.957523
vt 0.043461 0.957437
vt 0.122501 0.957508
vt 0.120860 0.957461
vt 0.122501 0.955303
vt 0.120854 0.955377
vt 0.081812 0.957523
vt 0.080176 0.957430
vt 0.081812 0.955303
vt 0.080182 0.955347
vt 0.192597 0.957508
vt 0.190955 0.957416
vt 0.192597 0.955303
vt 0.190961 0.955320
vt 0.531021 0.957458
vt 0.529407 0.957523
vt 0.531016 0.955371
vt 0.529407 0.955303
vt 0.354596 0.957466
vt 0.352979 0.957528
vt 0.354590 0.955382
vt 0.352979 0.955303
vt 0.645054 0.957450
vt 0.643441 0.957510
vt 0.645049 0.955365
vt 0.643441 0.955303
vt 0.475156 0.955303
vt 0.476769 0.955366
vt 0.475156 0.957525
vt 0.476763 0.957452
vt 0.954055 0.664677
vt 0.952391 0.664609
vt 0.954055 0.662470
vt 0.952397 0.662512
vt 0.954055 0.428292
vt 0.952395 0.428231
vt 0.954055 0.426073
vt 0.952391 0.426144
vt 0.954053 0.733768
vt 0.952396 0.733693
vt 0.954053 0.731561
vt 0.952391 0.731608
vt 0.285753 0.955303
vt 0.287392 0.955347
vt 0.285753 0.957508
vt 0.287386 0.957443
vt 0.954040 0.789410
vt 0.952391 0.789314
vt 0.954040 0.787190
vt 0.952398 0.787227
vt 0.954035 0.928634
vt 0.952395 0.928546
vt 0.954035 0.926416
vt 0.952391 0.926461
vt 0.954054 0.374937
vt 0.952391 0.374864
vt 0.954054 0.372714
vt 0.952397 0.372779
vt 0.954058 0.325872
vt 0.952391 0.325804
vt 0.954058 0.323651
vt 0.952398 0.323715
vt 0.405306 0.957480
vt 0.403674 0.957508
vt 0.405301 0.955396
vt 0.403674 0.955303
vt 0.954059 0.475402
vt 0.952399 0.475328
vt 0.954059 0.473188
vt 0.952391 0.473243
vt 0.412670 0.957475
vt 0.411049 0.957520
vt 0.412665 0.955367
vt 0.411049 0.955303
vt 0.954054 0.598326
vt 0.952391 0.598264
vt 0.954054 0.596113
vt 0.952401 0.596177
vt 0.954057 0.507216
vt 0.952391 0.507123
vt 0.954057 0.505002
vt 0.952400 0.505035
vt 0.516322 0.957466
vt 0.514689 0.957502
vt 0.516322 0.955391
vt 0.514690 0.955303
vt 0.954042 0.462555
vt 0.952395 0.462504
vt 0.954042 0.460321
vt 0.952391 0.460408
vt 0.423684 0.957470
vt 0.422073 0.957525
vt 0.423691 0.955381
vt 0.422073 0.955303
vt 0.161463 0.955303
vt 0.163092 0.955332
vt 0.161463 0.957519
vt 0.163098 0.957439
vt 0.302125 0.957490
vt 0.300503 0.957516
vt 0.302134 0.955403
vt 0.300503 0.955303
vt 0.954054 0.321590
vt 0.952391 0.321514
vt 0.954054 0.319364
vt 0.952393 0.319417
vt 0.632407 0.955303
vt 0.634026 0.955356
vt 0.632407 0.957504
vt 0.634025 0.957433
vt 0.954025 0.855914
vt 0.952391 0.855955
vt 0.954021 0.853817
vt 0.952391 0.853721
vt 0.954058 0.262240
vt 0.952391 0.262182
vt 0.954058 0.260009
vt 0.952391 0.260078
vt 0.954047 0.673222
vt 0.952396 0.673149
vt 0.954047 0.671006
vt 0.952391 0.671042
vt 0.104020 0.957487
vt 0.102392 0.957527
vt 0.104023 0.955391
vt 0.102392 0.955303
vt 0.954056 0.793672
vt 0.952391 0.793598
vt 0.954056 0.791470
vt 0.952391 0.791522
vt 0.954056 0.249361
vt 0.952395 0.249282
vt 0.954056 0.247126
vt 0.952391 0.247184
vt 0.089222 0.957502
vt 0.087569 0.957458
vt 0.089222 0.955303
vt 0.087569 0.955383
vt 0.954045 0.567176
vt 0.952391 0.567131
vt 0.954045 0.564952
vt 0.952393 0.565035
vt 0.954053 0.629720
vt 0.952399 0.629676
vt 0.954053 0.627507
vt 0.952391 0.627591
vt 0.345604 0.955303
vt 0.347231 0.955365
vt 0.345604 0.957516
vt 0.347221 0.957453
vt 0.306472 0.955303
vt 0.308091 0.955355
vt 0.306472 0.957529
vt 0.308089 0.957452
vt 0.152019 0.957464
vt 0.150401 0.957539
vt 0.152014 0.955366
vt 0.150401 0.955303
vt 0.954058 0.404923
vt 0.952396 0.404880
vt 0.954058 0.402705
vt 0.952391 0.402771
vt 0.952391 0.900743
vt 0.954028 0.900782
vt 0.952391 0.902971
vt 0.954028 0.902884
vt 0.236949 0.957478
vt 0.235331 0.957533
vt 0.236950 0.955374
vt 0.235331 0.955303
vt 0.425752 0.955303
vt 0.427387 0.955355
vt 0.425752 0.957503
vt 0.427387 0.957421
vt 0.954042 0.562891
vt 0.952391 0.562805
vt 0.954042 0.560663
vt 0.952391 0.560703
vt 0.360334 0.955303
vt 0.361951 0.955350
vt 0.360334 0.957517
vt 0.361960 0.957436
vt 0.954058 0.716698
vt 0.952391 0.716629
vt 0.954058 0.714496
vt 0.952391 0.714562
vt 0.078116 0.957503
vt 0.076462 0.957406
vt 0.078116 0.955303
vt 0.076462 0.955340
vt 0.600938 0.957457
vt 0.599318 0.957505
vt 0.600938 0.955389
vt 0.599318 0.955303
vt 0.222176 0.957472
vt 0.220542 0.957516
vt 0.222168 0.955386
vt 0.220542 0.955303
vt 0.941380 0.039779
vt 0.941299 0.043076
vt 0.939175 0.039779
vt 0.939351 0.043078
vt 0.064721 0.936782
vt 0.064806 0.940101
vt 0.062756 0.936781
vt 0.062586 0.940101
vt 0.445789 0.940081
vt 0.445620 0.936781
vt 0.447737 0.940083
vt 0.447840 0.936781
vt 0.941256 0.359697
vt 0.941382 0.362972
vt 0.939305 0.359698
vt 0.939175 0.362972
vt 0.936832 0.437623
vt 0.936972 0.440963
vt 0.934881 0.437622
vt 0.934750 0.440963
vt 0.396348 0.936781
vt 0.396458 0.940103
vt 0.394399 0.936782
vt 0.394253 0.940103
vt 0.939282 0.138957
vt 0.939175 0.135684
vt 0.941248 0.138958
vt 0.941397 0.135684
vt 0.934900 0.904178
vt 0.934750 0.900838
vt 0.936850 0.904177
vt 0.936957 0.900838
vt 0.936825 0.382207
vt 0.936971 0.385553
vt 0.934861 0.382212
vt 0.934750 0.385553
vt 0.264088 0.936781
vt 0.264186 0.940114
vt 0.262135 0.936781
vt 0.261986 0.940114
vt 0.936856 0.108432
vt 0.936980 0.111777
vt 0.934896 0.108429
vt 0.934750 0.111777
vt 0.373582 0.940104
vt 0.373419 0.936780
vt 0.375557 0.940089
vt 0.375624 0.936780
vt 0.456411 0.936781
vt 0.456305 0.940077
vt 0.454186 0.936781
vt 0.454350 0.940077
vt 0.217720 0.936781
vt 0.217817 0.940094
vt 0.215771 0.936783
vt 0.215597 0.940094
vt 0.936840 0.255087
vt 0.936977 0.258430
vt 0.934884 0.255093
vt 0.934750 0.258430
vt 0.936855 0.802028
vt 0.936969 0.805357
vt 0.934880 0.802046
vt 0.934750 0.805357
vt 0.651392 0.940064
vt 0.651241 0.936781
vt 0.653347 0.940066
vt 0.653467 0.936781
vt 0.011476 0.940098
vt 0.011326 0.936781
vt 0.013429 0.940106
vt 0.013544 0.936781
vt 0.939330 0.287277
vt 0.939175 0.283989
vt 0.941275 0.287267
vt 0.941378 0.283989
vt 0.907013 0.936781
vt 0.907135 0.940072
vt 0.905056 0.936782
vt 0.904922 0.940072
vt 0.081954 0.936780
vt 0.081851 0.940083
vt 0.079720 0.936780
vt 0.079889 0.940074
vt 0.936819 0.443033
vt 0.936966 0.446372
vt 0.934867 0.443024
vt 0.934750 0.446372
vt 0.936827 0.578662
vt 0.936957 0.582017
vt 0.934850 0.578677
vt 0.934750 0.582017
vt 0.936855 0.211856
vt 0.936970 0.215202
vt 0.934900 0.211848
vt 0.934750 0.215202
vt 0.936843 0.282124
vt 0.936972 0.285472
vt 0.934892 0.282127
vt 0.934750 0.285472
vt 0.245091 0.940114
vt 0.244917 0.936781
vt 0.247034 0.940105
vt 0.247117 0.936781
vt 0.934911 0.619778
vt 0.934750 0.616446
vt 0.936865 0.619780
vt 0.936974 0.616446
vt 0.936863 0.567857
vt 0.936965 0.571195
vt 0.934908 0.567850
vt 0.934750 0.571195
vt 0.939303 0.267944
vt 0.939175 0.264658
vt 0.941280 0.267929
vt 0.941382 0.264658
vt 0.934927 0.505797
vt 0.934750 0.502462
vt 0.936882 0.505791
vt 0.936976 0.502462
vt 0.422037 0.936781
vt 0.422153 0.940072
vt 0.420079 0.936783
vt 0.419924 0.940072
vt 0.934918 0.679195
vt 0.934750 0.675851
vt 0.936875 0.679193
vt 0.936963 0.675851
vt 0.923702 0.936783
vt 0.923792 0.940070
vt 0.921747 0.936781
vt 0.921578 0.940070
vt 0.936878 0.343585
vt 0.936984 0.346907
vt 0.934916 0.343576
vt 0.934750 0.346907
vt 0.020021 0.940126
vt 0.019883 0.936781
vt 0.021975 0.940125
vt 0.022084 0.936781
vt 0.670479 0.936780
vt 0.670588 0.940065
vt 0.668523 0.936781
vt 0.668363 0.940065
vt 0.939315 0.230301
vt 0.939175 0.227031
vt 0.941267 0.230310
vt 0.941392 0.227031
vt 0.863261 0.940058
vt 0.863143 0.936781
vt 0.865217 0.940066
vt 0.865363 0.936781
vt 0.936854 0.244280
vt 0.936979 0.247621
vt 0.934895 0.244283
vt 0.934750 0.247621
vt 0.738441 0.936781
vt 0.738548 0.940095
vt 0.736498 0.936790
vt 0.736347 0.940095
vt 0.936855 0.183453
vt 0.936975 0.186800
vt 0.934899 0.183452
vt 0.934750 0.186800
vt 0.939312 0.087096
vt 0.939175 0.083818
vt 0.941267 0.087103
vt 0.941390 0.083818
vt 0.404911 0.936781
vt 0.405032 0.940076
vt 0.402956 0.936786
vt 0.402806 0.940076
vt 0.939317 0.297972
vt 0.939175 0.294687
vt 0.941274 0.297975
vt 0.941377 0.294687
vt 0.103288 0.936783
vt 0.103381 0.940090
vt 0.101330 0.936781
vt 0.101154 0.940090
vt 0.936836 0.708254
vt 0.936963 0.711595
vt 0.934879 0.708255
vt 0.934750 0.711595
vt 0.345900 0.936792
vt 0.345973 0.940106
vt 0.343946 0.936780
vt 0.343770 0.940106
vt 0.936873 0.768246
vt 0.936963 0.771583
vt 0.934918 0.768244
vt 0.934750 0.771583
vt 0.936869 0.530022
vt 0.936974 0.533357
vt 0.934913 0.530022
vt 0.934750 0.533357
vt 0.941271 0.315458
vt 0.941376 0.318742
vt 0.939317 0.315459
vt 0.939175 0.318742
vt 0.068978 0.936781
vt 0.069085 0.940103
vt 0.067032 0.936788
vt 0.066867 0.940103
vt 0.282226 0.940090
vt 0.282051 0.936780
vt 0.284188 0.940084
vt 0.284269 0.936780
vt 0.037096 0.940103
vt 0.036931 0.936781
vt 0.039045 0.940100
vt 0.039150 0.936781
vt 0.934916 0.301686
vt 0.934750 0.298346
vt 0.936875 0.301682
vt 0.936979 0.298346
vt 0.666219 0.936787
vt 0.666302 0.940080
vt 0.664265 0.936781
vt 0.664088 0.940080
vt 0.234187 0.936782
vt 0.234285 0.940085
vt 0.232232 0.936781
vt 0.232061 0.940085
vt 0.582135 0.940066
vt 0.581959 0.936780
vt 0.584091 0.940060
vt 0.584186 0.936780
vt 0.941291 0.253951
vt 0.941376 0.257242
vt 0.939334 0.253948
vt 0.939175 0.257242
vt 0.483487 0.940070
vt 0.483314 0.936781
vt 0.485446 0.940067
vt 0.485544 0.936781
vt 0.941375 0.216308
vt 0.941287 0.219608
vt 0.939175 0.216308
vt 0.939334 0.219609
vt 0.107546 0.936784
vt 0.107644 0.940123
vt 0.105589 0.936781
vt 0.105442 0.940123
vt 0.473466 0.936790
vt 0.473583 0.940063
vt 0.471503 0.936781
vt 0.471348 0.940063
vt 0.939308 0.053757
vt 0.939175 0.050478
vt 0.941256 0.053749
vt 0.941396 0.050478
vt 0.303179 0.940084
vt 0.303000 0.936781
vt 0.305129 0.940094
vt 0.305214 0.936781
vt 0.930265 0.940060
vt 0.930128 0.936781
vt 0.932217 0.940057
vt 0.932349 0.936781
vt 0.934911 0.706190
vt 0.934750 0.702869
vt 0.936869 0.706193
vt 0.936977 0.702869
vt 0.936817 0.746679
vt 0.936952 0.750033
vt 0.934873 0.746688
vt 0.934750 0.750033
vt 0.169304 0.936790
vt 0.169415 0.940101
vt 0.167355 0.936781
vt 0.167201 0.940101
vt 0.934892 0.822377
vt 0.934750 0.819050
vt 0.936847 0.822384
vt 0.936964 0.819050
vt 0.163078 0.940115
vt 0.162939 0.936781
vt 0.165035 0.940118
vt 0.165140 0.936781
vt 0.635144 0.940057
vt 0.635006 0.936780
vt 0.637103 0.940060
vt 0.637236 0.936780
vt 0.855225 0.940075
vt 0.855047 0.936781
vt 0.857182 0.940074
vt 0.857260 0.936781
vt 0.752689 0.940075
vt 0.752543 0.936781
vt 0.754643 0.940078
vt 0.754756 0.936781
vt 0.934881 0.652165
vt 0.934750 0.648823
vt 0.936836 0.652168
vt 0.936963 0.648823
vt 0.934896 0.319242
vt 0.934750 0.315899
vt 0.936853 0.319242
vt 0.936975 0.315899
vt 0.934896 0.059592
vt 0.934750 0.056255
vt 0.936859 0.059601
vt 0.936985 0.056255
vt 0.936854 0.271299
vt 0.936967 0.274649
vt 0.934886 0.271295
vt 0.934750 0.274649
vt 0.822793 0.940065
vt 0.822655 0.936781
vt 0.824761 0.940070
vt 0.824873 0.936781
vt 0.292299 0.936785
vt 0.292387 0.940092
vt 0.290332 0.936781
vt 0.290171 0.940092
vt 0.934903 0.733802
vt 0.934750 0.730470
vt 0.936869 0.733807
vt 0.936966 0.730470
vt 0.945401 0.446260
vt 0.943791 0.446265
vt 0.945469 0.444434
vt 0.943858 0.444305
vt 0.009687 0.964522
vt 0.008072 0.964586
vt 0.009681 0.962693
vt 0.008072 0.962630
vt 0.939175 0.885987
vt 0.940784 0.885857
vt 0.939254 0.887820
vt 0.940864 0.887822
vt 0.943860 0.590870
vt 0.945465 0.590870
vt 0.943791 0.592698
vt 0.945400 0.592817
vt 0.945405 0.428353
vt 0.943791 0.428355
vt 0.945474 0.426526
vt 0.943871 0.426403
vt 0.961734 0.860098
vt 0.960128 0.860168
vt 0.961735 0.858269
vt 0.960128 0.858201
vt 0.940870 0.831030
vt 0.939256 0.831159
vt 0.940791 0.829199
vt 0.939175 0.829197
vt 0.945467 0.101252
vt 0.943863 0.101401
vt 0.945402 0.099443
vt 0.943792 0.099449
vt 0.943860 0.535923
vt 0.945471 0.535925
vt 0.943791 0.537749
vt 0.945406 0.537869
vt 0.025524 0.962694
vt 0.027128 0.962630
vt 0.025524 0.964522
vt 0.027128 0.964597
vt 0.943791 0.492174
vt 0.945390 0.492045
vt 0.943860 0.494002
vt 0.945468 0.493999
vt 0.943860 0.458189
vt 0.945470 0.458193
vt 0.943791 0.460016
vt 0.945391 0.460146
vt 0.940853 0.918709
vt 0.939246 0.918855
vt 0.940787 0.916898
vt 0.939175 0.916901
vt 0.940870 0.827367
vt 0.939256 0.827250
vt 0.945487 0.016491
vt 0.943872 0.016607
vt 0.945408 0.014658
vt 0.943791 0.014658
vt 0.945403 0.236881
vt 0.943792 0.236883
vt 0.945472 0.235054
vt 0.943858 0.234920
vt 0.943791 0.109591
vt 0.945396 0.109449
vt 0.943857 0.111400
vt 0.945467 0.111401
vt 0.961735 0.787662
vt 0.960128 0.787730
vt 0.961736 0.785833
vt 0.960128 0.785762
vt 0.943791 0.456362
vt 0.945392 0.456241
vt 0.945405 0.302231
vt 0.943791 0.302232
vt 0.945474 0.300403
vt 0.943870 0.300278
vt 0.939175 0.889653
vt 0.940784 0.889771
vt 0.127217 0.962689
vt 0.128828 0.962630
vt 0.127224 0.964518
vt 0.128828 0.964585
vt 0.943792 0.229086
vt 0.945404 0.228966
vt 0.943871 0.230917
vt 0.945484 0.230912
vt 0.943792 0.232748
vt 0.945404 0.232859
vt 0.943792 0.199242
vt 0.945391 0.199096
vt 0.943857 0.201053
vt 0.945462 0.201050
vt 0.082703 0.962701
vt 0.084303 0.962630
vt 0.082703 0.964531
vt 0.084303 0.964599
vt 0.943791 0.495830
vt 0.945389 0.495953
vt 0.058934 0.964520
vt 0.057320 0.964585
vt 0.058927 0.962691
vt 0.057320 0.962630
vt 0.945474 0.430180
vt 0.943870 0.430308
vt 0.945474 0.304060
vt 0.943869 0.304186
vt 0.130889 0.962698
vt 0.132498 0.962630
vt 0.130896 0.964527
vt 0.132498 0.964586
vt 0.945487 0.012825
vt 0.943872 0.012710
vt 0.784842 0.913989
vt 0.786452 0.914044
vt 0.784703 0.915812
vt 0.786304 0.915996
vt 0.945472 0.238713
vt 0.943864 0.238833
vt 0.945396 0.357605
vt 0.943792 0.357481
vt 0.945471 0.355654
vt 0.943861 0.355664
vt 0.945469 0.448089
vt 0.943863 0.448213
vt 0.819835 0.915791
vt 0.818237 0.915971
vt 0.819696 0.913969
vt 0.818081 0.914035
vt 0.769605 0.913980
vt 0.771215 0.914044
vt 0.769466 0.915803
vt 0.771066 0.915995
vt 0.790270 0.915800
vt 0.788671 0.915977
vt 0.790131 0.913976
vt 0.788515 0.914039
vt 0.736934 0.913970
vt 0.735325 0.914044
vt 0.736941 0.912146
vt 0.735325 0.912086
vt 0.769466 0.910325
vt 0.771068 0.910134
vt 0.769611 0.912156
vt 0.771215 0.912086
vt 0.945479 0.077373
vt 0.943870 0.077494
vt 0.945406 0.075541
vt 0.943791 0.075538
vt 0.945474 0.161017
vt 0.943862 0.161156
vt 0.945404 0.159191
vt 0.943791 0.159196
vt 0.945405 0.093447
vt 0.943791 0.093453
vt 0.945474 0.091629
vt 0.943866 0.091500
vt 0.854693 0.913976
vt 0.856300 0.914032
vt 0.854550 0.915808
vt 0.856147 0.915977
vt 0.737079 0.910323
vt 0.735474 0.910134
vt 0.737079 0.915801
vt 0.735472 0.915996
vt 0.943861 0.398518
vt 0.945468 0.398515
vt 0.943792 0.400335
vt 0.945394 0.400468
vt 0.943792 0.396690
vt 0.945398 0.396553
vt 0.945474 0.095274
vt 0.943861 0.095415
vt 0.943791 0.534094
vt 0.945399 0.533976
vt 0.825854 0.913966
vt 0.827466 0.914028
vt 0.825712 0.915797
vt 0.827313 0.915971
vt 0.825712 0.910307
vt 0.827308 0.910134
vt 0.825851 0.912129
vt 0.827465 0.912071
vt 0.790128 0.912137
vt 0.788513 0.912079
vt 0.790270 0.910305
vt 0.788666 0.910134
vt 0.744564 0.913968
vt 0.742955 0.914044
vt 0.744571 0.912144
vt 0.742956 0.912085
vt 0.784703 0.910334
vt 0.786306 0.910134
vt 0.784849 0.912165
vt 0.786452 0.912085
vt 0.943791 0.329929
vt 0.945395 0.329813
vt 0.943865 0.331762
vt 0.945473 0.331768
vt 0.945479 0.125210
vt 0.943870 0.125329
vt 0.945405 0.123379
vt 0.943791 0.123375
vt 0.943791 0.589039
vt 0.945393 0.588920
vt 0.744710 0.915800
vt 0.743102 0.915996
vt 0.819693 0.912132
vt 0.818079 0.912077
vt 0.819835 0.910302
vt 0.818232 0.910134
vt 0.854550 0.910313
vt 0.856143 0.910134
vt 0.854689 0.912136
vt 0.856299 0.912073
vt 0.744710 0.910321
vt 0.743104 0.910134
vt 0.943791 0.288466
vt 0.945396 0.288342
vt 0.943865 0.290298
vt 0.945475 0.290296
vt 0.945474 0.157375
vt 0.943866 0.157244
vt 0.945401 0.353693
vt 0.943792 0.353838
vt 0.945479 0.073710
vt 0.943864 0.073585
vt 0.945467 0.097608
vt 0.943862 0.097476
vt 0.943791 0.333592
vt 0.945400 0.333721
vt 0.943791 0.113236
vt 0.945397 0.113375
vt 0.945479 0.121548
vt 0.943864 0.121422
vt 0.943791 0.292128
vt 0.945402 0.292249
vt 0.940853 0.915060
vt 0.939245 0.914925
vt 0.943792 0.202891
vt 0.945392 0.203026
vt 0.957942 0.836478
vt 0.956345 0.836420
vt 0.957942 0.834401
vt 0.956348 0.834453
vt 0.957946 0.328697
vt 0.956352 0.328645
vt 0.957946 0.326611
vt 0.956345 0.326681
vt 0.961729 0.065005
vt 0.960128 0.064941
vt 0.961729 0.062938
vt 0.960131 0.062985
vt 0.956347 0.202211
vt 0.957947 0.202143
vt 0.956345 0.204181
vt 0.957947 0.204231
vt 0.819752 0.957407
vt 0.818156 0.957336
vt 0.819752 0.955303
vt 0.818151 0.955379
vt 0.786739 0.957399
vt 0.785129 0.957321
vt 0.786739 0.955303
vt 0.785145 0.955360
vt 0.961724 0.298090
vt 0.960128 0.298015
vt 0.961724 0.296024
vt 0.960131 0.296061
vt 0.810815 0.955372
vt 0.812423 0.955303
vt 0.810829 0.957331
vt 0.812423 0.957400
vt 0.852750 0.957401
vt 0.851146 0.957327
vt 0.852750 0.955303
vt 0.851153 0.955368
vt 0.917403 0.957398
vt 0.915803 0.957340
vt 0.917403 0.955303
vt 0.915800 0.955364
vt 0.957939 0.038331
vt 0.956348 0.038250
vt 0.957939 0.036229
vt 0.956345 0.036294
vt 0.956345 0.285190
vt 0.957944 0.285121
vt 0.956346 0.287145
vt 0.957944 0.287210
vt 0.957948 0.212523
vt 0.956348 0.212461
vt 0.957948 0.210437
vt 0.956345 0.210507
vt 0.957951 0.208376
vt 0.956348 0.208316
vt 0.957951 0.206292
vt 0.956345 0.206363
vt 0.957950 0.162756
vt 0.956350 0.162683
vt 0.957950 0.160671
vt 0.956345 0.160718
vt 0.957934 0.914562
vt 0.956352 0.914502
vt 0.957934 0.912479
vt 0.956345 0.912540
vt 0.961720 0.212221
vt 0.960128 0.212173
vt 0.961720 0.210146
vt 0.960130 0.210206
vt 0.957941 0.621193
vt 0.956349 0.621120
vt 0.957941 0.619109
vt 0.956345 0.619168
vt 0.895414 0.957391
vt 0.893815 0.957316
vt 0.895414 0.955303
vt 0.893804 0.955352
vt 0.957950 0.278912
vt 0.956345 0.278848
vt 0.957950 0.276831
vt 0.956350 0.276877
vt 0.750038 0.957411
vt 0.748427 0.957339
vt 0.750038 0.955303
vt 0.748436 0.955363
vt 0.827084 0.957398
vt 0.825475 0.957319
vt 0.827084 0.955303
vt 0.825482 0.955354
vt 0.957953 0.059103
vt 0.956345 0.059042
vt 0.957953 0.057017
vt 0.956353 0.057074
vt 0.961709 0.372672
vt 0.960128 0.372714
vt 0.961711 0.370705
vt 0.960128 0.370639
vt 0.957949 0.312092
vt 0.956347 0.312022
vt 0.957949 0.310009
vt 0.956345 0.310070
vt 0.957940 0.541114
vt 0.956345 0.541054
vt 0.957940 0.539028
vt 0.956347 0.539085
vt 0.957956 0.237408
vt 0.956348 0.237357
vt 0.957956 0.235331
vt 0.956345 0.235388
vt 0.805086 0.957401
vt 0.803482 0.957345
vt 0.805086 0.955303
vt 0.803479 0.955374
vt 0.957950 0.067398
vt 0.956352 0.067327
vt 0.957950 0.065311
vt 0.956345 0.065372
vt 0.957949 0.229125
vt 0.956345 0.229074
vt 0.957949 0.227040
vt 0.956353 0.227106
vt 0.956345 0.747622
vt 0.957930 0.747663
vt 0.956345 0.749705
vt 0.957938 0.749626
vt 0.956345 0.793185
vt 0.957934 0.793226
vt 0.956345 0.795271
vt 0.957932 0.795195
vt 0.913739 0.957399
vt 0.912150 0.957341
vt 0.913739 0.955303
vt 0.912137 0.955383
vt 0.957943 0.054956
vt 0.956345 0.054893
vt 0.957943 0.052859
vt 0.956353 0.052936
vt 0.957943 0.117127
vt 0.956345 0.117039
vt 0.957943 0.115033
vt 0.956361 0.115080
vt 0.957956 0.011408
vt 0.956350 0.011343
vt 0.957956 0.009324
vt 0.956345 0.009378
vt 0.957929 0.042419
vt 0.956345 0.042486
vt 0.957946 0.040459
vt 0.956345 0.040391
vt 0.957948 0.187638
vt 0.956352 0.187578
vt 0.957948 0.185550
vt 0.956345 0.185623
vt 0.957949 0.353574
vt 0.956345 0.353520
vt 0.957949 0.351492
vt 0.956350 0.351550
vt 0.956345 0.135832
vt 0.957953 0.135789
vt 0.956350 0.137796
vt 0.957953 0.137871
vt 0.768386 0.957410
vt 0.766779 0.957328
vt 0.768386 0.955303
vt 0.766789 0.955353
vt 0.957943 0.079859
vt 0.956348 0.079793
vt 0.957943 0.077763
vt 0.956345 0.077825
vt 0.956345 0.251921
vt 0.957928 0.251983
vt 0.956345 0.254023
vt 0.957933 0.253939
vt 0.956345 0.764196
vt 0.957933 0.764249
vt 0.956345 0.766281
vt 0.957936 0.766201
vt 0.957944 0.456890
vt 0.956350 0.456827
vt 0.957944 0.454807
vt 0.956345 0.454864
vt 0.961710 0.073248
vt 0.960128 0.073303
vt 0.961710 0.071293
vt 0.960128 0.071214
vt 0.956345 0.772525
vt 0.957945 0.772477
vt 0.956347 0.774491
vt 0.957945 0.774552
vt 0.957930 0.633602
vt 0.956345 0.633652
vt 0.957926 0.631627
vt 0.956345 0.631556
vt 0.957937 0.295441
vt 0.956345 0.295505
vt 0.957925 0.293483
vt 0.956345 0.293408
vt 0.957938 0.737347
vt 0.956345 0.737385
vt 0.957933 0.735384
vt 0.956345 0.735302
vt 0.957929 0.320336
vt 0.956345 0.320393
vt 0.957936 0.318378
vt 0.956345 0.318296
vt 0.960128 0.437421
vt 0.961715 0.437478
vt 0.960128 0.439488
vt 0.961712 0.439432
vt 0.863728 0.957342
vt 0.862141 0.957410
vt 0.863738 0.955367
vt 0.862141 0.955303
vt 0.957934 0.757941
vt 0.956345 0.757998
vt 0.957927 0.755986
vt 0.956345 0.755910
vt 0.956345 0.551458
vt 0.957928 0.551512
vt 0.956345 0.553553
vt 0.957932 0.553487
vt 0.956345 0.156514
vt 0.957938 0.156561
vt 0.956345 0.158610
vt 0.957941 0.158529
vt 0.961705 0.515385
vt 0.960128 0.515426
vt 0.961708 0.513429
vt 0.960128 0.513358
vt 0.957928 0.704306
vt 0.956345 0.704357
vt 0.957937 0.702338
vt 0.956345 0.702272
vt 0.960128 0.455017
vt 0.961704 0.455066
vt 0.960128 0.457094
vt 0.961701 0.457035
vt 0.960128 0.316586
vt 0.961699 0.316634
vt 0.960128 0.318671
vt 0.961706 0.318598
vt 0.957923 0.598914
vt 0.956345 0.598985
vt 0.957920 0.596956
vt 0.956345 0.596881
vt 0.961715 0.023786
vt 0.960128 0.023846
vt 0.961712 0.021833
vt 0.960128 0.021762
vt 0.960128 0.009322
vt 0.961710 0.009384
vt 0.960128 0.011411
vt 0.961711 0.011339
vt 0.956345 0.718852
vt 0.957942 0.718894
vt 0.956345 0.720927
vt 0.957946 0.720860
vt 0.956345 0.514379
vt 0.957931 0.514456
vt 0.956345 0.516476
vt 0.957915 0.516418
vt 0.956345 0.879510
vt 0.957932 0.879564
vt 0.956345 0.881593
vt 0.957935 0.881517
vt 0.957929 0.582269
vt 0.956345 0.582339
vt 0.957926 0.580298
vt 0.956345 0.580241
vt 0.961705 0.224570
vt 0.960128 0.224634
vt 0.961707 0.222599
vt 0.960128 0.222545
vt 0.960128 0.054652
vt 0.961716 0.054703
vt 0.960128 0.056734
vt 0.961710 0.056673
vt 0.961709 0.237011
vt 0.960128 0.237078
vt 0.961705 0.235057
vt 0.960128 0.234992
vt 0.957928 0.959883
vt 0.956345 0.959926
vt 0.957934 0.957912
vt 0.956345 0.957844
vt 0.956345 0.830252
vt 0.957925 0.830311
vt 0.956345 0.832341
vt 0.957932 0.832267
vt 0.956345 0.635713
vt 0.957936 0.635771
vt 0.956345 0.637795
vt 0.957941 0.637735
vt 0.941781 0.957359
vt 0.940201 0.957412
vt 0.941791 0.955383
vt 0.940201 0.955303
vt 0.961715 0.265623
vt 0.960128 0.265681
vt 0.961713 0.263654
vt 0.960128 0.263604
vt 0.957937 0.791080
vt 0.956345 0.791124
vt 0.957931 0.789114
vt 0.956345 0.789040
vt 0.956345 0.464793
vt 0.957918 0.464852
vt 0.956345 0.466890
vt 0.957931 0.466811
vt 0.961711 0.122223
vt 0.960128 0.122275
vt 0.961706 0.120257
vt 0.960128 0.120189
vt 0.957920 0.646042
vt 0.956345 0.646114
vt 0.957928 0.644082
vt 0.956345 0.644015
vt 0.956345 0.908332
vt 0.957932 0.908383
vt 0.956345 0.910418
vt 0.957924 0.910351
vt 0.960128 0.341316
vt 0.961818 0.341376
vt 0.960128 0.343276
vt 0.961804 0.343211
vt 0.960128 0.279813
vt 0.961813 0.279869
vt 0.960128 0.281775
vt 0.961819 0.281699
vt 0.961808 0.277701
vt 0.960128 0.277752
vt 0.961816 0.275866
vt 0.960128 0.275787
vt 0.960128 0.197968
vt 0.961820 0.198026
vt 0.960128 0.199932
vt 0.961816 0.199862
vt 0.939264 0.022470
vt 0.940937 0.022600
vt 0.939175 0.024436
vt 0.940867 0.024432
vt 0.769164 0.938750
vt 0.770843 0.938749
vt 0.769240 0.940718
vt 0.770920 0.940581
vt 0.961815 0.388843
vt 0.960128 0.388909
vt 0.961808 0.387014
vt 0.960128 0.386949
vt 0.828699 0.940569
vt 0.827015 0.940702
vt 0.828623 0.938758
vt 0.826934 0.938749
vt 0.828699 0.936921
vt 0.827019 0.936781
vt 0.958039 0.811668
vt 0.956345 0.811737
vt 0.958028 0.809844
vt 0.956345 0.809766
vt 0.961813 0.429172
vt 0.960128 0.429233
vt 0.961815 0.427332
vt 0.960128 0.427275
vt 0.939175 0.131660
vt 0.940866 0.131663
vt 0.939265 0.133623
vt 0.940938 0.133491
vt 0.956345 0.875478
vt 0.958027 0.875547
vt 0.956345 0.877449
vt 0.958037 0.877372
vt 0.961817 0.138645
vt 0.960128 0.138725
vt 0.961815 0.136825
vt 0.960128 0.136757
vt 0.939257 0.026390
vt 0.940937 0.026268
vt 0.770920 0.936912
vt 0.769236 0.936781
vt 0.693205 0.936781
vt 0.694894 0.936906
vt 0.693129 0.938734
vt 0.694826 0.938733
vt 0.890878 0.938744
vt 0.889189 0.938755
vt 0.890948 0.936915
vt 0.889275 0.936781
vt 0.939254 0.129708
vt 0.940938 0.129835
vt 0.836353 0.940581
vt 0.834673 0.940699
vt 0.836280 0.938745
vt 0.834586 0.938746
vt 0.890948 0.940572
vt 0.889265 0.940710
vt 0.939255 0.105811
vt 0.940940 0.105931
vt 0.939175 0.107762
vt 0.940868 0.107759
vt 0.940940 0.109586
vt 0.939264 0.109724
vt 0.871789 0.936781
vt 0.873466 0.936908
vt 0.871705 0.938753
vt 0.873398 0.938736
vt 0.590555 0.938741
vt 0.588858 0.938734
vt 0.590625 0.936913
vt 0.588935 0.936780
vt 0.836353 0.936915
vt 0.834673 0.936781
vt 0.693211 0.940708
vt 0.694894 0.940561
vt 0.580224 0.910134
vt 0.581909 0.910330
vt 0.580073 0.912097
vt 0.581759 0.912161
vt 0.685036 0.938747
vt 0.686735 0.938750
vt 0.685117 0.940697
vt 0.686808 0.940559
vt 0.588941 0.940708
vt 0.590625 0.940569
vt 0.960128 0.354563
vt 0.961819 0.354616
vt 0.960128 0.356519
vt 0.961821 0.356454
vt 0.871780 0.940707
vt 0.873466 0.940562
vt 0.642853 0.912162
vt 0.641159 0.912086
vt 0.642994 0.910340
vt 0.641316 0.910134
vt 0.685119 0.936781
vt 0.686808 0.936915
vt 0.319661 0.936907
vt 0.321346 0.936781
vt 0.319740 0.938739
vt 0.321440 0.938742
vt 0.581770 0.913992
vt 0.580073 0.914064
vt 0.268027 0.938742
vt 0.266326 0.938742
vt 0.267935 0.936781
vt 0.266247 0.936911
vt 0.642994 0.915808
vt 0.641320 0.916004
vt 0.642858 0.913980
vt 0.641159 0.914053
vt 0.601730 0.916004
vt 0.600049 0.915803
vt 0.601888 0.914052
vt 0.600192 0.913981
vt 0.266247 0.940573
vt 0.267946 0.940703
vt 0.581909 0.915814
vt 0.580217 0.916018
vt 0.726198 0.938739
vt 0.724499 0.938738
vt 0.726130 0.936781
vt 0.724431 0.936912
vt 0.321360 0.940702
vt 0.319661 0.940570
vt 0.601888 0.912086
vt 0.600186 0.912163
vt 0.601728 0.910134
vt 0.600049 0.910335
vt 0.726117 0.940704
vt 0.724431 0.940567
vt 0.532454 0.914054
vt 0.530751 0.913988
vt 0.532450 0.912099
vt 0.530757 0.912151
vt 0.532288 0.916014
vt 0.530608 0.915813
vt 0.530608 0.910333
vt 0.532303 0.910134
vt 0.562386 0.912079
vt 0.560683 0.912138
vt 0.562226 0.910134
vt 0.560535 0.910335
vt 0.958046 0.617048
vt 0.956345 0.616977
vt 0.958046 0.615079
vt 0.956356 0.615140
vt 0.562225 0.915997
vt 0.560535 0.915805
vt 0.562380 0.914048
vt 0.560681 0.913974
vt 0.893684 0.436888
vt 0.891980 0.436887
vt 0.893595 0.434925
vt 0.891908 0.435059
vt 0.958053 0.848791
vt 0.956348 0.848727
vt 0.958053 0.846836
vt 0.956345 0.846899
vt 0.956345 0.405159
vt 0.958044 0.405073
vt 0.956353 0.406987
vt 0.958044 0.407048
vt 0.961829 0.245108
vt 0.960128 0.245055
vt 0.961829 0.243154
vt 0.960129 0.243228
vt 0.572267 0.910337
vt 0.573946 0.910134
vt 0.572412 0.912159
vt 0.574115 0.912091
vt 0.893375 0.440801
vt 0.891687 0.440529
vt 0.893604 0.438839
vt 0.891908 0.438714
vt 0.123448 0.938743
vt 0.121741 0.938743
vt 0.123355 0.936781
vt 0.121661 0.936911
vt 0.524634 0.914062
vt 0.522939 0.913982
vt 0.524641 0.912091
vt 0.522933 0.912158
vt 0.524487 0.916011
vt 0.522792 0.915812
vt 0.572414 0.913987
vt 0.574115 0.914043
vt 0.123367 0.940706
vt 0.121661 0.940575
vt 0.479550 0.938744
vt 0.481254 0.938749
vt 0.479479 0.940581
vt 0.481177 0.940705
vt 0.961831 0.077320
vt 0.960128 0.077268
vt 0.961831 0.075364
vt 0.960130 0.075440
vt 0.181713 0.940717
vt 0.180013 0.940582
vt 0.181788 0.938748
vt 0.180094 0.938745
vt 0.893364 0.545263
vt 0.891688 0.544994
vt 0.893598 0.543318
vt 0.891899 0.543179
vt 0.893678 0.541352
vt 0.891970 0.541361
vt 0.893593 0.539395
vt 0.891902 0.539529
vt 0.960130 0.025971
vt 0.961833 0.025907
vt 0.960128 0.027782
vt 0.961833 0.027860
vt 0.893368 0.432962
vt 0.891687 0.433244
vt 0.524481 0.910134
vt 0.522792 0.910336
vt 0.573957 0.916002
vt 0.572267 0.915809
vt 0.893372 0.537439
vt 0.891688 0.537710
vt 0.958054 0.524656
vt 0.956349 0.524600
vt 0.958054 0.522695
vt 0.956345 0.522772
vt 0.181714 0.936781
vt 0.180013 0.936915
vt 0.479479 0.936908
vt 0.481182 0.936781
vt 0.101538 0.987788
vt 0.101216 0.987810
vt 0.101538 0.985990
vt 0.101217 0.985974
vt 0.196880 0.987787
vt 0.196562 0.987813
vt 0.196879 0.985987
vt 0.196562 0.985974
vt 0.984706 0.923154
vt 0.985031 0.923128
vt 0.984707 0.924954
vt 0.985031 0.924967
vt 0.096437 0.986003
vt 0.096759 0.985974
vt 0.096438 0.987801
vt 0.096759 0.987811
vt 0.366009 0.987804
vt 0.365692 0.987787
vt 0.366009 0.985974
vt 0.365688 0.985992
vt 0.108366 0.985989
vt 0.108690 0.985974
vt 0.108369 0.987786
vt 0.108690 0.987807
vt 0.012991 0.985989
vt 0.013312 0.985974
vt 0.012983 0.987796
vt 0.013312 0.987803
vt 0.560686 0.987792
vt 0.560368 0.987806
vt 0.560682 0.985995
vt 0.560368 0.985974
vt 0.043932 0.985994
vt 0.044252 0.985974
vt 0.043924 0.987799
vt 0.044252 0.987803
vt 0.285015 0.987794
vt 0.284694 0.987805
vt 0.285012 0.985998
vt 0.284694 0.985974
vt 0.258509 0.985974
vt 0.258832 0.985976
vt 0.258517 0.987803
vt 0.258832 0.987782
vt 0.201639 0.987789
vt 0.201324 0.987803
vt 0.201648 0.985983
vt 0.201324 0.985974
vt 0.641533 0.987774
vt 0.641220 0.987801
vt 0.641540 0.985980
vt 0.641220 0.985974
vt 0.244209 0.986003
vt 0.244526 0.985974
vt 0.244203 0.987800
vt 0.244526 0.987803
vt 0.446243 0.986008
vt 0.446558 0.985974
vt 0.446237 0.987802
vt 0.446558 0.987801
vt 0.786588 0.987771
vt 0.786278 0.987803
vt 0.786594 0.985975
vt 0.786278 0.985974
vt 0.855196 0.985989
vt 0.855511 0.985974
vt 0.855188 0.987790
vt 0.855511 0.987784
vt 0.373141 0.987790
vt 0.372825 0.987813
vt 0.373133 0.985989
vt 0.372825 0.985974
vt 0.987997 0.205033
vt 0.987683 0.205041
vt 0.988002 0.203231
vt 0.987679 0.203231
vt 0.215937 0.987793
vt 0.215618 0.987811
vt 0.215929 0.985994
vt 0.215618 0.985974
vt 0.987990 0.239557
vt 0.987679 0.239568
vt 0.987998 0.237753
vt 0.987679 0.237756
vt 0.160794 0.985999
vt 0.161115 0.985974
vt 0.160802 0.987798
vt 0.161115 0.987811
vt 0.691237 0.985985
vt 0.691556 0.985974
vt 0.691229 0.987789
vt 0.691556 0.987786
vt 0.022434 0.985995
vt 0.022757 0.985974
vt 0.022442 0.987796
vt 0.022757 0.987813
vt 0.239758 0.987784
vt 0.239434 0.987802
vt 0.239745 0.985978
vt 0.239434 0.985974
vt 0.987996 0.006744
vt 0.987679 0.006744
vt 0.987992 0.004930
vt 0.987681 0.004920
vt 0.987991 0.014511
vt 0.987679 0.014522
vt 0.987991 0.012702
vt 0.987679 0.012690
vt 0.325214 0.985974
vt 0.325523 0.985974
vt 0.325201 0.987803
vt 0.325523 0.987782
vt 0.058239 0.985996
vt 0.058567 0.985974
vt 0.058239 0.987803
vt 0.058553 0.987802
vt 0.965365 0.987789
vt 0.965053 0.987806
vt 0.965365 0.985980
vt 0.965052 0.985974
vt 0.610314 0.985985
vt 0.610631 0.985974
vt 0.610314 0.987794
vt 0.610631 0.987806
vt 0.586523 0.985975
vt 0.586845 0.985974
vt 0.586529 0.987790
vt 0.586845 0.987798
vt 0.543847 0.985989
vt 0.544164 0.985974
vt 0.543846 0.987798
vt 0.544164 0.987806
vt 0.027207 0.985994
vt 0.027535 0.985974
vt 0.027221 0.987802
vt 0.027535 0.987803
vt 0.596361 0.987798
vt 0.596044 0.987794
vt 0.596361 0.985974
vt 0.596039 0.985979
vt 0.987996 0.018401
vt 0.987679 0.018407
vt 0.987990 0.016586
vt 0.987679 0.016583
vt 0.650735 0.985974
vt 0.651054 0.985975
vt 0.650738 0.987782
vt 0.651054 0.987803
vt 0.437038 0.987798
vt 0.436726 0.987811
vt 0.437042 0.986000
vt 0.436726 0.985974
vt 0.972489 0.987796
vt 0.972174 0.987801
vt 0.972487 0.985989
vt 0.972174 0.985974
vt 0.117865 0.985991
vt 0.118183 0.985974
vt 0.117861 0.987790
vt 0.118183 0.987811
vt 0.522441 0.985977
vt 0.522761 0.985974
vt 0.522443 0.987786
vt 0.522761 0.987803
vt 0.132175 0.985987
vt 0.132492 0.985974
vt 0.132171 0.987785
vt 0.132492 0.987811
vt 0.434661 0.987792
vt 0.434349 0.987811
vt 0.434666 0.985994
vt 0.434349 0.985974
vt 0.987992 0.088417
vt 0.987679 0.088417
vt 0.987990 0.086608
vt 0.987679 0.086588
vt 0.474790 0.985988
vt 0.475106 0.985974
vt 0.474785 0.987793
vt 0.475106 0.987802
vt 0.496518 0.987802
vt 0.496197 0.987797
vt 0.496518 0.985974
vt 0.496202 0.985993
vt 0.900650 0.987783
vt 0.900340 0.987802
vt 0.900655 0.985978
vt 0.900340 0.985974
vt 0.884020 0.987789
vt 0.883709 0.987802
vt 0.884025 0.985984
vt 0.883709 0.985974
vt 0.977229 0.987803
vt 0.976922 0.987808
vt 0.977233 0.985987
vt 0.976922 0.985974
vt 0.987991 0.465119
vt 0.987679 0.465123
vt 0.987985 0.463322
vt 0.987679 0.463304
vt 0.903024 0.987796
vt 0.902716 0.987807
vt 0.903029 0.985982
vt 0.902716 0.985974
vt 0.987679 0.156595
vt 0.987997 0.156588
vt 0.987684 0.158392
vt 0.987997 0.158407
vt 0.617456 0.985978
vt 0.617768 0.985974
vt 0.617452 0.987793
vt 0.617768 0.987807
vt 0.987679 0.268857
vt 0.987996 0.268854
vt 0.987684 0.270653
vt 0.987996 0.270672
vt 0.987992 0.397466
vt 0.987679 0.397476
vt 0.987987 0.395670
vt 0.987679 0.395658
vt 0.479550 0.985983
vt 0.479864 0.985974
vt 0.479546 0.987798
vt 0.479864 0.987808
vt 0.379957 0.985977
vt 0.380279 0.985974
vt 0.379957 0.987803
vt 0.380277 0.987803
vt 0.955869 0.987800
vt 0.955554 0.987803
vt 0.955867 0.985975
vt 0.955554 0.985974
vt 0.634403 0.987805
vt 0.634091 0.987810
vt 0.634405 0.985993
vt 0.634091 0.985974
vt 0.361245 0.987804
vt 0.360927 0.987809
vt 0.361245 0.985974
vt 0.360929 0.985989
vt 0.815101 0.987803
vt 0.814793 0.987812
vt 0.815104 0.985989
vt 0.814793 0.985974
vt 0.746211 0.987794
vt 0.745902 0.987811
vt 0.746213 0.985974
vt 0.745902 0.985982
vt 0.660565 0.987801
vt 0.660247 0.987801
vt 0.660564 0.985978
vt 0.660247 0.985974
vt 0.531962 0.985986
vt 0.532274 0.985974
vt 0.531959 0.987798
vt 0.532274 0.987810
vt 0.232286 0.985982
vt 0.232601 0.985974
vt 0.232283 0.987796
vt 0.232601 0.987812
vt 0.375204 0.985993
vt 0.375518 0.985974
vt 0.375202 0.987811
vt 0.375518 0.987802
vt 0.914595 0.985976
vt 0.914909 0.985974
vt 0.914595 0.987805
vt 0.914907 0.987792
vt 0.800846 0.987801
vt 0.800532 0.987788
vt 0.800846 0.985974
vt 0.800529 0.985981
vt 0.760150 0.985984
vt 0.760464 0.985974
vt 0.760154 0.987797
vt 0.760464 0.987807
vt 0.515308 0.985985
vt 0.515621 0.985974
vt 0.515303 0.987781
vt 0.515621 0.987807
vt 0.867082 0.985974
vt 0.867394 0.985998
vt 0.867082 0.987809
vt 0.867389 0.987797
vt 0.987987 0.266768
vt 0.987679 0.266793
vt 0.987989 0.264972
vt 0.987679 0.264963
vt 0.871832 0.985974
vt 0.872139 0.985988
vt 0.871832 0.987809
vt 0.872144 0.987787
vt 0.565442 0.987787
vt 0.565125 0.987807
vt 0.565437 0.985990
vt 0.565125 0.985974
vt 0.762842 0.987803
vt 0.762525 0.987792
vt 0.762842 0.985974
vt 0.762528 0.985996
vt 0.272792 0.985998
vt 0.273111 0.985974
vt 0.272797 0.987796
vt 0.273111 0.987809
vt 0.296611 0.985989
vt 0.296925 0.985974
vt 0.296606 0.987787
vt 0.296925 0.987809
vt 0.987679 0.199342
vt 0.987991 0.199356
vt 0.987679 0.201170
vt 0.987989 0.201150
vt 0.705807 0.987790
vt 0.705496 0.987807
vt 0.705811 0.985993
vt 0.705496 0.985974
vt 0.957932 0.986000
vt 0.958244 0.985974
vt 0.957929 0.987795
vt 0.958244 0.987802
vt 0.767586 0.987812
vt 0.767275 0.987786
vt 0.767586 0.985974
vt 0.767277 0.985986
vt 0.987988 0.251230
vt 0.987679 0.251215
vt 0.987988 0.249398
vt 0.987687 0.249418
vt 0.987993 0.065077
vt 0.987688 0.065063
vt 0.987993 0.063249
vt 0.987679 0.063257
vt 0.346939 0.987810
vt 0.346621 0.987788
vt 0.346938 0.985974
vt 0.346621 0.985990
vt 0.951118 0.987803
vt 0.950810 0.987783
vt 0.951118 0.985974
vt 0.950803 0.985977
vt 0.987991 0.610413
vt 0.987691 0.610403
vt 0.987991 0.608602
vt 0.987679 0.608599
vt 0.987983 0.208930
vt 0.987683 0.208898
vt 0.987991 0.207102
vt 0.987679 0.207102
vt 0.791337 0.987812
vt 0.791027 0.987789
vt 0.791337 0.985974
vt 0.791039 0.985988
vt 0.987982 0.515683
vt 0.987679 0.515672
vt 0.987983 0.513851
vt 0.987679 0.513863
vt 0.987988 0.484561
vt 0.987679 0.484560
vt 0.987988 0.482737
vt 0.987684 0.482745
vt 0.987993 0.100092
vt 0.987679 0.100074
vt 0.987993 0.098264
vt 0.987689 0.098267
vt 0.987983 0.568267
vt 0.987679 0.568252
vt 0.987984 0.566439
vt 0.987679 0.566447
vt 0.987983 0.579327
vt 0.987679 0.579327
vt 0.987983 0.577499
vt 0.987681 0.577518
vt 0.984353 0.987803
vt 0.984039 0.987782
vt 0.984342 0.985974
vt 0.984039 0.985974
vt 0.929168 0.987801
vt 0.928863 0.987775
vt 0.929168 0.985974
vt 0.928852 0.985980
vt 0.648674 0.987804
vt 0.648357 0.987794
vt 0.648674 0.985974
vt 0.648359 0.985998
vt 0.987987 0.115660
vt 0.987684 0.115648
vt 0.987987 0.113824
vt 0.987679 0.113849
vt 0.987983 0.594884
vt 0.987682 0.594883
vt 0.987983 0.593056
vt 0.987679 0.593057
vt 0.491753 0.987811
vt 0.491438 0.987792
vt 0.491753 0.985974
vt 0.491449 0.985993
vt 0.987980 0.432533
vt 0.987681 0.432516
vt 0.987980 0.430704
vt 0.987679 0.430696
vt 0.987982 0.476796
vt 0.987684 0.476791
vt 0.987982 0.474962
vt 0.987679 0.474975
vt 0.987982 0.683959
vt 0.987679 0.683955
vt 0.987982 0.682140
vt 0.987685 0.682158
vt 0.987995 0.385810
vt 0.987686 0.385802
vt 0.987997 0.384000
vt 0.987679 0.384000
vt 0.987980 0.496234
vt 0.987681 0.496225
vt 0.987980 0.494397
vt 0.987679 0.494411
vt 0.987987 0.366406
vt 0.987679 0.366386
vt 0.987987 0.364578
vt 0.987679 0.364581
vt 0.987985 0.374189
vt 0.987682 0.374177
vt 0.987985 0.372361
vt 0.987679 0.372359
vt 0.151261 0.985974
vt 0.151585 0.985993
vt 0.151261 0.987805
vt 0.151576 0.987788
vt 0.984706 0.829675
vt 0.985034 0.829705
vt 0.984706 0.831513
vt 0.985030 0.831503
vt 0.987982 0.424740
vt 0.987679 0.424718
vt 0.987982 0.422906
vt 0.987684 0.422920
vt 0.987982 0.413055
vt 0.987684 0.413043
vt 0.987982 0.411221
vt 0.987679 0.411245
vt 0.987994 0.170059
vt 0.987679 0.170053
vt 0.987994 0.168236
vt 0.987686 0.168239
vt 0.579702 0.987811
vt 0.579395 0.987793
vt 0.579702 0.985974
vt 0.579388 0.985995
vt 0.979607 0.987806
vt 0.979294 0.987788
vt 0.979607 0.985974
vt 0.979299 0.985979
vt 0.987981 0.642971
vt 0.987679 0.642946
vt 0.987981 0.641143
vt 0.987681 0.641150
vt 0.987982 0.614302
vt 0.987679 0.614281
vt 0.987982 0.612474
vt 0.987679 0.612486
vt 0.987988 0.096203
vt 0.987683 0.096198
vt 0.987988 0.094367
vt 0.987679 0.094386
vt 0.985038 0.648708
vt 0.984706 0.648721
vt 0.985040 0.646908
vt 0.984706 0.646882
vt 0.985037 0.870459
vt 0.984706 0.870466
vt 0.985031 0.868652
vt 0.984706 0.868636
vt 0.898279 0.987807
vt 0.897973 0.987797
vt 0.898279 0.985974
vt 0.897966 0.985982
vt 0.934491 0.987801
vt 0.934177 0.987797
vt 0.934491 0.985974
vt 0.934175 0.985990
vt 0.984706 0.849169
vt 0.985031 0.849189
vt 0.984706 0.850998
vt 0.985038 0.850995
vt 0.041536 0.985974
vt 0.041853 0.986007
vt 0.041534 0.987802
vt 0.041863 0.987802
vt 0.876894 0.987801
vt 0.876578 0.987802
vt 0.876895 0.985974
vt 0.876578 0.985978
vt 0.987995 0.286173
vt 0.987679 0.286163
vt 0.987995 0.284355
vt 0.987690 0.284367
vt 0.424810 0.985974
vt 0.425126 0.985988
vt 0.424810 0.987785
vt 0.425139 0.987790
vt 0.570199 0.987782
vt 0.569880 0.987803
vt 0.570199 0.985974
vt 0.569880 0.985976
vt 0.984706 0.790704
vt 0.985034 0.790730
vt 0.984706 0.792542
vt 0.985020 0.792529
vt 0.984706 0.911447
vt 0.985036 0.911467
vt 0.984706 0.913277
vt 0.985027 0.913274
vt 0.268353 0.987792
vt 0.268033 0.987807
vt 0.268343 0.985977
vt 0.268033 0.985974
vt 0.643600 0.985974
vt 0.643916 0.985980
vt 0.643600 0.987801
vt 0.643918 0.987804
vt 0.984706 0.720343
vt 0.985038 0.720358
vt 0.984706 0.722177
vt 0.985036 0.722156
vt 0.985037 0.897712
vt 0.984706 0.897716
vt 0.985027 0.895915
vt 0.984706 0.895886
vt 0.182583 0.987793
vt 0.182260 0.987806
vt 0.182581 0.985985
vt 0.182260 0.985974
vt 0.984706 0.876418
vt 0.985038 0.876440
vt 0.984717 0.878247
vt 0.985038 0.878247
vt 0.653430 0.987807
vt 0.653114 0.987787
vt 0.653430 0.985974
vt 0.653118 0.985991
vt 0.415292 0.985974
vt 0.415607 0.985986
vt 0.415292 0.987810
vt 0.415609 0.987799
vt 0.812732 0.987807
vt 0.812421 0.987790
vt 0.812732 0.985974
vt 0.812418 0.985993
vt 0.222757 0.985974
vt 0.223074 0.985993
vt 0.222757 0.987803
vt 0.223075 0.987812
vt 0.985033 0.858761
vt 0.984706 0.858787
vt 0.985028 0.856962
vt 0.984706 0.856949
vt 0.984706 0.833573
vt 0.985030 0.833591
vt 0.984706 0.835411
vt 0.985033 0.835390
vt 0.146810 0.987789
vt 0.146486 0.987798
vt 0.146815 0.985975
vt 0.146486 0.985974
vt 0.574636 0.985974
vt 0.574952 0.986001
vt 0.574636 0.987807
vt 0.574947 0.987798
vt 0.099155 0.987789
vt 0.098820 0.987787
vt 0.099147 0.985985
vt 0.098820 0.985974
vt 0.985029 0.668915
vt 0.984706 0.668933
vt 0.985036 0.667114
vt 0.984706 0.667093
vt 0.158734 0.987794
vt 0.158408 0.987803
vt 0.158732 0.985989
vt 0.158408 0.985974
vt 0.456079 0.987781
vt 0.455761 0.987807
vt 0.456073 0.985984
vt 0.455761 0.985974
vt 0.129782 0.985974
vt 0.130110 0.985979
vt 0.129784 0.987799
vt 0.130110 0.987793
vt 0.103922 0.987808
vt 0.103599 0.987804
vt 0.103919 0.985989
vt 0.103599 0.985974
vt 0.127395 0.985974
vt 0.127721 0.985994
vt 0.127395 0.987803
vt 0.127721 0.987799
vt 0.985033 0.975006
vt 0.984706 0.975024
vt 0.985036 0.973197
vt 0.984706 0.973194
vt 0.984706 0.771237
vt 0.985036 0.771255
vt 0.984706 0.773071
vt 0.985031 0.773064
vt 0.548605 0.985974
vt 0.548925 0.986001
vt 0.548605 0.987803
vt 0.548923 0.987796
vt 0.356151 0.985974
vt 0.356478 0.985982
vt 0.356151 0.987794
vt 0.356473 0.987779
vt 0.413231 0.987792
vt 0.412910 0.987804
vt 0.413231 0.985997
vt 0.412910 0.985974
vt 0.984706 0.864746
vt 0.985037 0.864750
vt 0.984706 0.866576
vt 0.985036 0.866575
vt 0.985033 0.847092
vt 0.984706 0.847108
vt 0.985029 0.845277
vt 0.984706 0.845270
vt 0.984706 0.740078
vt 0.985028 0.740086
vt 0.984706 0.741912
vt 0.985037 0.741901
vt 0.984706 0.798501
vt 0.985035 0.798525
vt 0.984706 0.800337
vt 0.985030 0.800324
vt 0.985035 0.823695
vt 0.984706 0.823718
vt 0.985030 0.821897
vt 0.984706 0.821882
vt 0.982083 0.793153
vt 0.981862 0.793167
vt 0.982089 0.791373
vt 0.981872 0.791372
vt 0.981552 0.793186
vt 0.981552 0.791368
vt 0.422147 0.990214
vt 0.422369 0.990201
vt 0.422144 0.991995
vt 0.422369 0.991998
vt 0.706654 0.990202
vt 0.706873 0.990201
vt 0.706651 0.991982
vt 0.706873 0.991997
vt 0.990895 0.200492
vt 0.990685 0.200510
vt 0.990898 0.198713
vt 0.990685 0.198714
vt 0.990891 0.559606
vt 0.990685 0.559610
vt 0.990894 0.557825
vt 0.990685 0.557813
vt 0.269366 0.992013
vt 0.269151 0.992020
vt 0.269359 0.990231
vt 0.269151 0.990201
vt 0.797771 0.992007
vt 0.797562 0.992015
vt 0.797764 0.990208
vt 0.797562 0.990201
vt 0.250908 0.990217
vt 0.251128 0.990201
vt 0.250908 0.992014
vt 0.251121 0.992014
vt 0.150145 0.990225
vt 0.150367 0.990201
vt 0.150152 0.992007
vt 0.150367 0.992019
vt 0.039289 0.990213
vt 0.039516 0.990201
vt 0.039297 0.991997
vt 0.039516 0.992021
vt 0.062377 0.990207
vt 0.062605 0.990201
vt 0.062384 0.992007
vt 0.062605 0.992016
vt 0.287582 0.992016
vt 0.287364 0.992013
vt 0.287575 0.990218
vt 0.287364 0.990201
vt 0.538357 0.992002
vt 0.538147 0.992021
vt 0.538350 0.990219
vt 0.538147 0.990201
vt 0.990889 0.223711
vt 0.990685 0.223716
vt 0.990891 0.221918
vt 0.990685 0.221907
vt 0.877323 0.991993
vt 0.877114 0.992010
vt 0.877325 0.990201
vt 0.877114 0.990203
vt 0.236976 0.990214
vt 0.237196 0.990201
vt 0.236974 0.992007
vt 0.237196 0.992010
vt 0.479127 0.990202
vt 0.479343 0.990201
vt 0.479125 0.991993
vt 0.479343 0.992009
vt 0.990884 0.339646
vt 0.990685 0.339658
vt 0.990896 0.337861
vt 0.990685 0.337862
vt 0.990891 0.081034
vt 0.990688 0.081034
vt 0.990900 0.079251
vt 0.990685 0.079239
vt 0.342329 0.990206
vt 0.342544 0.990201
vt 0.342317 0.991991
vt 0.342544 0.991997
vt 0.438119 0.990218
vt 0.438330 0.990201
vt 0.438107 0.992001
vt 0.438330 0.991996
vt 0.745284 0.990217
vt 0.745494 0.990201
vt 0.745285 0.992014
vt 0.745494 0.992014
vt 0.990888 0.829590
vt 0.990686 0.829596
vt 0.990889 0.827808
vt 0.990686 0.827798
vt 0.990894 0.385978
vt 0.990685 0.385996
vt 0.990895 0.384197
vt 0.990685 0.384199
vt 0.661103 0.990214
vt 0.661323 0.990201
vt 0.661102 0.991996
vt 0.661323 0.992000
vt 0.983045 0.990202
vt 0.983259 0.990201
vt 0.983044 0.991983
vt 0.983259 0.991998
vt 0.445160 0.992017
vt 0.444947 0.991998
vt 0.445160 0.990220
vt 0.444947 0.990201
vt 0.392524 0.990201
vt 0.392745 0.990209
vt 0.392524 0.992000
vt 0.392745 0.992007
vt 0.990888 0.366704
vt 0.990685 0.366692
vt 0.990888 0.364906
vt 0.990685 0.364893
vt 0.125033 0.990217
vt 0.125257 0.990201
vt 0.125044 0.992012
vt 0.125257 0.992016
vt 0.170778 0.990205
vt 0.171000 0.990201
vt 0.170789 0.991999
vt 0.171000 0.992016
vt 0.458837 0.992012
vt 0.458635 0.992000
vt 0.458837 0.990220
vt 0.458621 0.990201
vt 0.725054 0.992011
vt 0.724845 0.992016
vt 0.725043 0.990216
vt 0.724845 0.990201
vt 0.620307 0.991997
vt 0.620095 0.992016
vt 0.620296 0.990203
vt 0.620095 0.990201
vt 0.990894 0.285563
vt 0.990699 0.285562
vt 0.990894 0.283769
vt 0.990685 0.283761
vt 0.686178 0.990206
vt 0.686384 0.990201
vt 0.686164 0.991998
vt 0.686384 0.992001
vt 0.177624 0.990201
vt 0.177837 0.990205
vt 0.177624 0.991995
vt 0.177851 0.992006
vt 0.590496 0.990213
vt 0.590714 0.990201
vt 0.590501 0.991995
vt 0.590714 0.992006
vt 0.990890 0.501785
vt 0.990685 0.501796
vt 0.990886 0.500002
vt 0.990685 0.499991
vt 0.465454 0.990201
vt 0.465673 0.990202
vt 0.465458 0.991984
vt 0.465673 0.992007
vt 0.990892 0.239194
vt 0.990685 0.239192
vt 0.990887 0.237412
vt 0.990685 0.237387
vt 0.990897 0.046240
vt 0.990685 0.046241
vt 0.990891 0.044453
vt 0.990685 0.044439
vt 0.513106 0.990201
vt 0.513317 0.990201
vt 0.513105 0.991995
vt 0.513322 0.992010
vt 0.990887 0.709869
vt 0.990685 0.709880
vt 0.990882 0.708081
vt 0.990685 0.708076
vt 0.449502 0.990211
vt 0.449722 0.990201
vt 0.449508 0.992000
vt 0.449722 0.992005
vt 0.390251 0.990213
vt 0.390464 0.990201
vt 0.390245 0.992007
vt 0.390464 0.992010
vt 0.902094 0.990220
vt 0.902306 0.990201
vt 0.902094 0.992007
vt 0.902300 0.992003
vt 0.990886 0.212104
vt 0.990686 0.212118
vt 0.990891 0.210311
vt 0.990686 0.210310
vt 0.990884 0.324191
vt 0.990685 0.324192
vt 0.990889 0.322398
vt 0.990685 0.322383
vt 0.255476 0.990210
vt 0.255686 0.990201
vt 0.255468 0.992011
vt 0.255686 0.992016
vt 0.207323 0.990201
vt 0.207533 0.990204
vt 0.207323 0.992002
vt 0.207541 0.992018
vt 0.953776 0.992009
vt 0.953566 0.991996
vt 0.953767 0.990227
vt 0.953566 0.990201
vt 0.990685 0.098559
vt 0.990900 0.098554
vt 0.990694 0.100341
vt 0.990900 0.100349
vt 0.965080 0.992007
vt 0.964883 0.992016
vt 0.965088 0.990206
vt 0.964883 0.990201
vt 0.467734 0.990201
vt 0.467955 0.990207
vt 0.467743 0.991984
vt 0.467955 0.992004
vt 0.854598 0.992019
vt 0.854400 0.992016
vt 0.854598 0.990219
vt 0.854392 0.990201
vt 0.990889 0.887442
vt 0.990686 0.887441
vt 0.990880 0.885659
vt 0.990686 0.885645
vt 0.990890 0.794842
vt 0.990685 0.794843
vt 0.990890 0.793065
vt 0.990693 0.793045
vt 0.990891 0.721450
vt 0.990685 0.721466
vt 0.990882 0.719674
vt 0.990685 0.719667
vt 0.836204 0.990203
vt 0.836421 0.990201
vt 0.836212 0.991980
vt 0.836421 0.991999
vt 0.793013 0.990216
vt 0.793232 0.990201
vt 0.793021 0.991993
vt 0.793232 0.992000
vt 0.893022 0.990220
vt 0.893218 0.990201
vt 0.893007 0.992009
vt 0.893218 0.992009
vt 0.280743 0.992025
vt 0.280544 0.992025
vt 0.280755 0.990235
vt 0.280544 0.990201
vt 0.990873 0.902850
vt 0.990685 0.902905
vt 0.990685 0.901082
vt 0.858925 0.992027
vt 0.858925 0.990201
vt 0.859126 0.990228
vt 0.104080 0.990212
vt 0.104287 0.990201
vt 0.104068 0.992004
vt 0.104287 0.992027
vt 0.906638 0.990211
vt 0.906852 0.990201
vt 0.906642 0.991995
vt 0.906852 0.992001
vt 0.993685 0.010543
vt 0.993489 0.010552
vt 0.993681 0.008759
vt 0.993489 0.008752
vt 0.990685 0.654282
vt 0.990891 0.654264
vt 0.990685 0.656064
vt 0.990887 0.656062
vt 0.990891 0.686692
vt 0.990685 0.686692
vt 0.990887 0.684910
vt 0.990685 0.684894
vt 0.990889 0.061705
vt 0.990685 0.061696
vt 0.990876 0.059909
vt 0.990685 0.059890
vt 0.990886 0.706011
vt 0.990685 0.706016
vt 0.990873 0.704215
vt 0.990685 0.704209
vt 0.806643 0.990207
vt 0.806857 0.990201
vt 0.806656 0.992003
vt 0.806857 0.992007
vt 0.406202 0.990201
vt 0.406418 0.990208
vt 0.406215 0.991998
vt 0.406418 0.992014
vt 0.865730 0.990213
vt 0.865931 0.990201
vt 0.865730 0.992008
vt 0.865942 0.992008
vt 0.990873 0.775545
vt 0.990685 0.775552
vt 0.990884 0.773749
vt 0.990685 0.773744
vt 0.651982 0.990201
vt 0.652186 0.990202
vt 0.651982 0.991997
vt 0.652197 0.992010
vt 0.990888 0.328064
vt 0.990697 0.328060
vt 0.990888 0.326269
vt 0.990685 0.326253
vt 0.990685 0.395796
vt 0.990896 0.395785
vt 0.990689 0.397577
vt 0.990896 0.397582
vt 0.990685 0.948342
vt 0.990886 0.948323
vt 0.990685 0.950121
vt 0.990883 0.950118
vt 0.993680 0.098608
vt 0.993489 0.098617
vt 0.993677 0.096827
vt 0.993489 0.096820
vt 0.990887 0.953976
vt 0.990685 0.953977
vt 0.990887 0.952197
vt 0.990689 0.952182
vt 0.415312 0.990201
vt 0.415534 0.990213
vt 0.415312 0.991998
vt 0.415537 0.991994
vt 0.990899 0.138640
vt 0.990688 0.138622
vt 0.990899 0.136844
vt 0.990685 0.136843
vt 0.990894 0.555752
vt 0.990689 0.555747
vt 0.990894 0.553955
vt 0.990685 0.553966
vt 0.044084 0.991997
vt 0.043865 0.992021
vt 0.044091 0.990213
vt 0.043865 0.990201
vt 0.241788 0.990201
vt 0.242008 0.990216
vt 0.241795 0.992014
vt 0.242008 0.992014
vt 0.283031 0.992020
vt 0.282816 0.992013
vt 0.283031 0.990201
vt 0.282824 0.990230
vt 0.141007 0.990201
vt 0.141229 0.990224
vt 0.141007 0.992020
vt 0.141222 0.992007
vt 0.326556 0.992014
vt 0.326339 0.992016
vt 0.326556 0.990201
vt 0.326346 0.990218
vt 0.763683 0.992015
vt 0.763474 0.992006
vt 0.763683 0.990201
vt 0.763481 0.990207
vt 0.075215 0.992006
vt 0.074995 0.992016
vt 0.075222 0.990207
vt 0.074995 0.990201
vt 0.506487 0.992021
vt 0.506277 0.992002
vt 0.506487 0.990201
vt 0.506284 0.990218
vt 0.232407 0.990201
vt 0.232628 0.990213
vt 0.232407 0.992010
vt 0.232630 0.992006
vt 0.838693 0.992010
vt 0.838484 0.991993
vt 0.838693 0.990203
vt 0.838482 0.990201
vt 0.365370 0.991990
vt 0.365144 0.991997
vt 0.365358 0.990205
vt 0.365144 0.990201
vt 0.529260 0.991993
vt 0.529043 0.992009
vt 0.529258 0.990202
vt 0.529043 0.990201
vt 0.428992 0.990201
vt 0.429203 0.990217
vt 0.428992 0.991996
vt 0.429215 0.992001
vt 0.990891 0.208249
vt 0.990687 0.208243
vt 0.990891 0.206440
vt 0.990685 0.206450
vt 0.990896 0.273971
vt 0.990698 0.273959
vt 0.990896 0.272175
vt 0.990685 0.272174
vt 0.990900 0.142495
vt 0.990697 0.142495
vt 0.990900 0.140700
vt 0.990685 0.140711
vt 0.990895 0.301000
vt 0.990686 0.300982
vt 0.990895 0.299204
vt 0.990685 0.299201
vt 0.990888 0.818018
vt 0.990685 0.818011
vt 0.990889 0.816220
vt 0.990685 0.816229
vt 0.668156 0.991995
vt 0.667936 0.992000
vt 0.668156 0.990213
vt 0.667936 0.990201
vt 0.990900 0.032243
vt 0.990685 0.032258
vt 0.990899 0.030463
vt 0.990685 0.030461
vt 0.990888 0.412972
vt 0.990685 0.412983
vt 0.990888 0.411173
vt 0.990685 0.411185
vt 0.118091 0.990201
vt 0.118315 0.990216
vt 0.118091 0.992017
vt 0.118304 0.992011
vt 0.501413 0.991998
vt 0.501200 0.992017
vt 0.501413 0.990201
vt 0.501200 0.990220
vt 0.367431 0.990210
vt 0.367651 0.990201
vt 0.367431 0.992008
vt 0.367651 0.992000
vt 0.572501 0.992016
vt 0.572288 0.991997
vt 0.572501 0.990201
vt 0.572299 0.990203
vt 0.722784 0.992017
vt 0.722575 0.992010
vt 0.722784 0.990201
vt 0.722586 0.990215
vt 0.990685 0.372624
vt 0.990895 0.372624
vt 0.990685 0.374421
vt 0.990895 0.374420
vt 0.184692 0.991999
vt 0.184482 0.992016
vt 0.184703 0.990204
vt 0.184482 0.990201
vt 0.517861 0.992001
vt 0.517660 0.992012
vt 0.517875 0.990201
vt 0.517660 0.990220
vt 0.186991 0.991994
vt 0.186764 0.992007
vt 0.186991 0.990201
vt 0.186778 0.990206
vt 0.990885 0.262384
vt 0.990690 0.262384
vt 0.990895 0.260583
vt 0.990685 0.260590
vt 0.624644 0.990201
vt 0.624850 0.990206
vt 0.624644 0.992001
vt 0.624864 0.991998
vt 0.990891 0.405306
vt 0.990685 0.405294
vt 0.990891 0.403501
vt 0.990690 0.403512
vt 0.990891 0.270111
vt 0.990685 0.270113
vt 0.990891 0.268306
vt 0.990690 0.268331
vt 0.508762 0.991984
vt 0.508548 0.992007
vt 0.508767 0.990201
vt 0.508548 0.990202
vt 0.554074 0.990201
vt 0.554292 0.990213
vt 0.554074 0.992006
vt 0.554288 0.991995
vt 0.990888 0.698283
vt 0.990686 0.698272
vt 0.990888 0.696479
vt 0.990691 0.696483
vt 0.990889 0.331934
vt 0.990691 0.331932
vt 0.990889 0.330125
vt 0.990685 0.330139
vt 0.990896 0.084897
vt 0.990685 0.084896
vt 0.990890 0.083095
vt 0.990685 0.083110
vt 0.483892 0.992000
vt 0.483677 0.992005
vt 0.483897 0.990211
vt 0.483677 0.990201
vt 0.990892 0.161833
vt 0.990691 0.161819
vt 0.990892 0.160025
vt 0.990685 0.160026
vt 0.369712 0.990201
vt 0.369925 0.990212
vt 0.369712 0.992010
vt 0.369931 0.992006
vt 0.888463 0.990201
vt 0.888675 0.990220
vt 0.888468 0.992003
vt 0.888675 0.992007
vt 0.542911 0.991995
vt 0.542695 0.992010
vt 0.542911 0.990201
vt 0.542700 0.990201
vt 0.248629 0.990201
vt 0.248839 0.990210
vt 0.248629 0.992016
vt 0.248847 0.992010
vt 0.486170 0.991984
vt 0.485958 0.992004
vt 0.486179 0.990201
vt 0.485958 0.990208
vt 0.990889 0.868048
vt 0.990685 0.868048
vt 0.990889 0.866251
vt 0.990694 0.866265
vt 0.990685 0.052158
vt 0.990901 0.052162
vt 0.990685 0.053953
vt 0.990892 0.053944
vt 0.225783 0.992002
vt 0.225565 0.992019
vt 0.225783 0.990201
vt 0.225573 0.990204
vt 0.879583 0.992016
vt 0.879386 0.992019
vt 0.879591 0.990201
vt 0.879386 0.990218
vt 0.990894 0.002825
vt 0.990685 0.002837
vt 0.990894 0.001030
vt 0.990694 0.001056
vt 0.923184 0.992016
vt 0.922986 0.992006
vt 0.923184 0.990201
vt 0.922978 0.990206
vt 0.990892 0.678974
vt 0.990686 0.678959
vt 0.990892 0.677176
vt 0.990694 0.677182
vt 0.990889 0.798703
vt 0.990685 0.798700
vt 0.990889 0.796904
vt 0.990693 0.796923
vt 0.872768 0.991979
vt 0.872559 0.991999
vt 0.872775 0.990203
vt 0.872559 0.990201
vt 0.756653 0.990201
vt 0.756871 0.990215
vt 0.756653 0.992000
vt 0.756863 0.991992
vt 0.108628 0.990201
vt 0.108834 0.990212
vt 0.108628 0.992027
vt 0.108846 0.992003
vt 0.990879 0.965579
vt 0.990685 0.965544
vt 0.990879 0.963769
vt 0.978708 0.992028
vt 0.978511 0.990248
vt 0.978708 0.990201
vt 0.315179 0.992025
vt 0.314980 0.992024
vt 0.315179 0.990201
vt 0.314968 0.990235
vt 0.410756 0.990201
vt 0.410953 0.990220
vt 0.410756 0.992025
vt 0.410965 0.992009
vt 0.990685 0.611771
vt 0.990892 0.611789
vt 0.990690 0.613569
vt 0.990892 0.613571
vt 0.911399 0.991994
vt 0.911189 0.992002
vt 0.911403 0.990210
vt 0.911189 0.990201
vt 0.990891 0.744645
vt 0.990685 0.744645
vt 0.990891 0.742847
vt 0.990690 0.742863
vt 0.993685 0.006691
vt 0.993489 0.006682
vt 0.993685 0.004891
vt 0.993493 0.004898
vt 0.990888 0.150225
vt 0.990685 0.150234
vt 0.990888 0.148419
vt 0.990698 0.148438
vt 0.781646 0.990201
vt 0.781860 0.990207
vt 0.781646 0.992007
vt 0.781848 0.992003
vt 0.417800 0.991998
vt 0.417598 0.992014
vt 0.417813 0.990201
vt 0.417598 0.990208
vt 0.990887 0.671527
vt 0.990685 0.671523
vt 0.990887 0.669721
vt 0.990698 0.669726
vt 0.693211 0.991997
vt 0.692997 0.992010
vt 0.693211 0.990201
vt 0.693008 0.990202
vt 0.990876 0.424577
vt 0.990685 0.424581
vt 0.990887 0.422770
vt 0.990685 0.422786
vt 0.840765 0.990201
vt 0.840966 0.990213
vt 0.840754 0.992009
vt 0.840966 0.992008
vt 0.990885 0.756242
vt 0.990696 0.756235
vt 0.990885 0.754435
vt 0.990685 0.754439
vt 0.990887 0.973292
vt 0.990686 0.973291
vt 0.990884 0.971496
vt 0.990686 0.971511
vt 0.990686 0.932888
vt 0.990886 0.932907
vt 0.990689 0.934684
vt 0.990886 0.934687
vt 0.990685 0.449815
vt 0.990895 0.449826
vt 0.990685 0.451613
vt 0.990892 0.451607
vt 0.993681 0.090894
vt 0.993489 0.090884
vt 0.993681 0.089096
vt 0.993492 0.089103
s 1
usemtl Material.001
f 1/1/1 2/2/2 3/3/3
f 2/2/2 4/4/4 3/3/3
f 5/5/5 6/6/5 7/7/5
f 6/6/5 8/8/5 7/7/5
f 9/9/6 10/10/6 11/11/7
f 10/10/6 12/12/6 11/11/7
f 13/13/8 14/14/8 15/15/8
f 14/14/8 16/16/8 15/15/8
f 17/17/9 18/18/10 19/19/10
f 18/18/10 20/20/11 19/19/10
f 21/21/12 22/22/13 23/23/13
f 22/22/13 24/24/14 23/23/13
f 25/25/15 26/26/16 27/27/16
f 26/26/16 28/28/16 27/27/16
f 29/29/17 30/30/18 31/31/19
f 30/30/18 32/32/20 31/31/19
f 33/33/21 34/34/21 35/35/21
f 34/34/21 36/36/21 35/35/21
f 37/37/22 38/38/23 39/39/24
f 38/38/23 40/40/23 39/39/24
f 41/41/25 42/42/26 43/43/26
f 42/42/26 44/44/26 43/43/26
f 45/45/27 46/46/28 47/47/29
f 46/46/28 48/48/29 47/47/29
f 49/49/30 50/50/31 51/51/32
f 50/50/31 52/52/30 51/51/32
f 53/53/33 54/54/33 55/55/34
f 54/54/33 56/56/35 55/55/34
f 57/57/36 58/58/37 59/59/38
f 58/58/37 60/60/39 59/59/38
f 61/61/40 62/62/41 63/63/41
f 62/62/41 64/64/42 63/63/41
f 65/65/43 66/66/43 67/67/44
f 66/66/43 68/68/45 67/67/44
f 69/69/46 70/70/47 71/71/46
f 70/70/47 72/72/46 71/71/46
f 73/73/48 74/74/49 75/75/50
f 74/74/49 76/76/51 75/75/50
f 77/77/52 78/78/53 79/79/52
f 78/78/53 80/80/54 79/79/52
f 81/81/55 82/82/56 83/83/56
f 82/82/56 84/84/57 83/83/56
f 85/85/58 86/86/59 87/87/59
f 86/86/59 88/88/59 87/87/59
f 89/89/60 90/90/61 91/91/62
f 90/90/61 92/92/60 91/91/62
f 93/93/63 94/94/64 95/95/64
f 94/94/64 96/96/64 95/95/64
f 97/97/65 98/98/66 99/99/67
f 98/98/66 100/100/68 99/99/67
f 101/101/69 102/102/69 103/103/70
f 102/102/69 104/104/71 103/103/70
f 105/105/72 106/106/73 107/107/74
f 106/106/73 108/108/75 107/107/74
f 109/109/76 110/110/76 111/111/76
f 110/110/76 112/112/76 111/111/76
f 113/113/77 114/114/77 115/115/78
f 114/114/77 116/116/79 115/115/78
f 117/117/80 118/118/81 119/119/81
f 118/118/81 120/120/82 119/119/81
f 121/121/83 122/122/84 123/123/85
f 122/122/84 124/124/86 123/123/85
f 125/125/87 126/126/88 127/127/88
f 126/126/88 128/128/89 127/127/88
f 129/129/90 130/130/90 131/131/91
f 130/130/90 132/132/91 131/131/91
f 133/133/92 134/134/93 135/135/94
f 134/134/93 136/136/95 135/135/94
f 137/137/96 138/138/97 139/139/98
f 138/138/97 140/140/99 139/139/98
f 141/141/100 142/142/101 143/143/102
f 142/142/101 144/144/103 143/143/102
f 145/145/104 146/146/105 147/147/104
f 146/146/105 148/148/106 147/147/104
f 149/149/107 150/150/108 151/151/108
f 150/150/108 152/152/108 151/151/108
f 153/153/109 154/154/110 155/155/110
f 154/154/110 156/156/111 155/155/110
f 157/157/112 158/158/113 159/159/112
f 158/158/113 160/160/113 159/159/112
f 161/161/114 162/162/115 163/163/115
f 162/162/115 164/164/116 163/163/115
f 165/165/117 166/166/118 167/167/119
f 166/166/118 168/168/120 167/167/119
f 169/169/121 170/170/122 171/171/123
f 170/170/122 172/172/124 171/171/123
f 173/173/125 174/174/126 175/175/127
f 174/174/126 176/176/128 175/175/127
f 177/177/129 178/178/130 179/179/131
f 178/178/130 180/180/129 179/179/131
f 181/181/132 182/182/133 183/183/133
f 182/182/133 184/184/133 183/183/133
f 185/185/134 186/186/134 187/187/135
f 186/186/134 188/188/134 187/187/135
f 189/189/136 190/190/137 191/191/137
f 190/190/137 192/192/138 191/191/137
f 193/193/139 194/194/140 195/195/141
f 194/194/140 196/196/142 195/195/141
f 197/197/143 198/198/144 199/199/143
f 198/198/144 200/200/145 199/199/143
f 201/201/146 202/202/147 203/203/147
f 202/202/147 204/204/148 203/203/147
f 205/205/149 206/206/150 207/207/149
f 206/206/150 208/208/151 207/207/149
f 209/209/152 210/210/152 211/211/152
f 210/210/152 212/212/152 211/211/152
f 213/213/153 214/214/154 215/215/155
f 214/214/154 216/216/156 215/215/155
f 217/217/157 218/218/158 219/219/159
f 218/218/158 220/220/160 219/219/159
f 221/221/161 222/222/161 223/223/161
f 222/222/161 224/224/161 223/223/161
f 225/225/162 226/226/163 227/227/163
f 226/226/163 228/228/164 227/227/163
f 229/229/165 230/230/166 231/231/167
f 230/230/166 232/232/168 231/231/167
f 233/233/169 234/234/170 235/235/171
f 234/234/170 236/236/172 235/235/171
f 237/237/173 238/238/174 239/239/175
f 238/238/174 240/240/176 239/239/175
f 241/241/177 242/242/178 243/243/178
f 242/242/178 244/244/177 243/243/178
f 245/245/179 246/246/180 247/247/179
f 246/246/180 248/248/181 247/247/179
f 249/249/182 250/250/183 251/251/183
f 250/250/183 252/252/182 251/251/183
f 253/253/184 254/254/185 255/255/186
f 254/254/185 256/256/187 255/255/186
f 257/257/188 258/258/189 259/259/190
f 258/258/189 260/260/191 259/259/190
f 261/261/192 262/262/193 263/263/194
f 262/262/193 264/264/195 263/263/194
f 265/265/196 266/266/197 267/267/197
f 266/266/197 268/268/198 267/267/197
f 269/269/199 270/270/200 271/271/201
f 270/270/200 272/272/202 271/271/201
f 273/273/203 274/274/203 275/275/204
f 274/274/203 276/276/205 275/275/204
f 277/277/206 278/278/207 279/279/207
f 278/278/207 280/280/208 279/279/207
f 281/281/209 282/282/210 283/283/211
f 282/282/210 284/284/212 283/283/211
f 285/285/213 286/286/214 287/287/214
f 286/286/214 288/288/214 287/287/214
f 289/289/215 290/290/216 291/291/216
f 290/290/216 292/292/217 291/291/216
f 293/293/218 294/294/219 295/295/219
f 294/294/219 296/296/219 295/295/219
f 297/297/220 298/298/221 299/299/220
f 298/298/221 300/300/222 299/299/220
f 301/301/223 302/302/223 303/303/224
f 302/302/223 304/304/224 303/303/224
f 305/305/225 306/306/226 307/307/227
f 306/306/226 308/308/228 307/307/227
f 309/309/229 310/310/230 311/311/231
f 310/310/230 312/312/231 311/311/231
f 313/313/232 314/314/232 315/315/233
f 314/314/232 316/316/233 315/315/233
f 317/317/234 318/318/235 319/319/236
f 318/318/235 320/320/237 319/319/236
f 321/321/238 322/322/239 323/323/240
f 322/322/239 324/324/241 323/323/240
f 325/325/242 326/326/243 327/327/244
f 326/326/243 328/328/245 327/327/244
f 329/329/246 330/330/246 331/331/246
f 330/330/246 332/332/246 331/331/246
f 333/333/247 334/334/247 335/335/248
f 334/334/247 336/336/249 335/335/248
f 337/337/250 338/338/250 339/339/251
f 338/338/250 340/340/252 339/339/251
f 341/341/253 342/342/254 343/343/255
f 342/342/254 344/344/256 343/343/255
f 345/345/257 346/346/258 347/347/259
f 346/346/258 348/348/260 347/347/259
f 349/349/261 350/350/262 351/351/263
f 350/350/262 352/352/264 351/351/263
f 353/353/265 354/354/266 355/355/267
f 354/354/266 356/356/268 355/355/267
f 357/357/269 358/358/270 359/359/271
f 358/358/270 360/360/272 359/359/271
f 361/361/273 362/362/274 363/363/275
f 362/362/274 364/364/276 363/363/275
f 365/365/277 366/366/277 367/367/277
f 366/366/277 368/368/278 367/367/277
f 369/369/279 370/370/279 371/371/280
f 370/370/279 372/372/281 371/371/280
f 373/373/282 374/374/283 375/375/282
f 374/374/283 376/376/282 375/375/282
f 377/377/284 378/378/285 379/379/286
f 378/378/285 380/380/287 379/379/286
f 381/381/288 382/382/288 383/383/289
f 382/382/288 384/384/290 383/383/289
f 385/385/291 386/386/292 387/387/293
f 386/386/292 388/388/294 387/387/293
f 389/389/295 390/390/296 391/391/297
f 390/390/296 392/392/297 391/391/297
f 393/393/298 394/394/298 395/395/298
f 394/394/298 396/396/298 395/395/298
f 397/397/299 398/398/300 399/399/301
f 398/398/300 400/400/302 399/399/301
f 401/401/303 402/402/303 403/403/304
f 402/402/303 404/404/303 403/403/304
f 405/405/305 406/406/306 407/407/307
f 406/406/306 408/408/307 407/407/307
f 409/409/308 410/410/309 411/411/310
f 410/410/309 412/412/310 411/411/310
f 413/413/311 414/414/312 415/415/313
f 414/414/312 416/416/314 415/415/313
f 417/417/315 418/418/315 419/419/315
f 418/418/315 420/420/315 419/419/315
f 421/421/316 422/422/317 423/423/318
f 422/422/317 424/424/319 423/423/318
f 425/425/320 426/426/321 427/427/322
f 426/426/321 428/428/321 427/427/322
f 429/429/323 430/430/324 431/431/325
f 430/430/324 432/432/325 431/431/325
f 433/433/326 434/434/327 435/435/327
f 434/434/327 436/436/328 435/435/327
f 437/437/329 438/438/330 439/439/331
f 438/438/330 440/440/332 439/439/331
f 441/441/333 442/442/334 443/443/335
f 442/442/334 444/444/335 443/443/335
f 445/445/336 446/446/337 447/447/337
f 446/446/337 448/448/337 447/447/337
f 449/449/338 450/450/339 451/451/340
f 450/450/339 452/452/341 451/451/340
f 453/453/342 454/454/343 455/455/343
f 454/454/343 456/456/343 455/455/343
f 457/457/344 458/458/344 459/459/344
f 458/458/344 460/460/344 459/459/344
f 461/461/345 462/462/345 463/463/346
f 462/462/345 464/464/347 463/463/346
f 465/465/348 466/466/349 467/467/349
f 466/466/349 468/468/350 467/467/349
f 469/469/351 470/470/351 471/471/352
f 470/470/351 472/472/352 471/471/352
f 473/473/353 474/474/354 475/475/355
f 474/474/354 476/476/356 475/475/355
f 477/477/357 478/478/357 479/479/358
f 478/478/357 480/480/358 479/479/358
f 481/481/359 482/482/360 483/483/361
f 482/482/360 484/484/360 483/483/361
f 485/485/362 486/486/363 487/487/362
f 486/486/363 488/488/364 487/487/362
f 489/489/365 490/490/365 491/491/366
f 490/490/365 492/492/366 491/491/366
f 493/493/367 494/494/368 495/495/369
f 494/494/368 496/496/370 495/495/369
f 497/497/371 498/498/372 499/499/373
f 498/498/372 500/500/374 499/499/373
f 501/501/375 502/502/376 503/503/377
f 502/502/376 504/504/377 503/503/377
f 505/505/378 506/506/379 507/507/380
f 506/506/379 508/508/379 507/507/380
f 509/509/381 510/510/382 511/511/383
f 510/510/382 512/512/384 511/511/383
f 513/513/385 514/514/386 515/515/387
f 514/514/386 516/516/388 515/515/387
f 517/517/389 518/518/390 519/519/389
f 518/518/390 520/520/389 519/519/389
f 521/521/391 522/522/391 523/523/391
f 522/522/391 524/524/392 523/523/391
f 525/525/393 526/526/393 527/527/394
f 526/526/393 528/528/394 527/527/394
f 529/529/395 530/530/396 531/531/397
f 530/530/396 532/532/398 531/531/397
f 533/533/399 534/534/400 535/535/401
f 534/534/400 536/536/400 535/535/401
f 537/537/402 538/538/403 539/539/404
f 538/538/403 540/540/405 539/539/404
f 541/541/406 542/542/406 543/543/407
f 542/542/406 544/544/406 543/543/407
f 545/545/408 546/546/409 547/547/410
f 546/546/409 548/548/410 547/547/410
f 549/549/411 550/550/412 551/551/413
f 550/550/412 552/552/414 551/551/413
f 553/553/415 554/554/415 555/555/415
f 554/554/415 556/556/416 555/555/415
f 557/557/417 558/558/417 559/559/418
f 558/558/417 560/560/418 559/559/418
f 561/561/419 562/562/420 563/563/421
f 562/562/420 564/564/422 563/563/421
f 565/565/423 566/566/424 567/567/425
f 566/566/424 568/568/426 567/567/425
f 569/569/427 570/570/428 571/571/429
f 570/570/428 572/572/430 571/571/429
f 573/573/431 574/574/432 575/575/431
f 574/574/432 576/576/432 575/575/431
f 577/577/433 578/578/434 579/579/434
f 578/578/434 580/580/435 579/579/434
f 581/581/436 582/582/437 583/583/438
f 582/582/437 584/584/439 583/583/438
f 585/585/440 586/586/441 587/587/442
f 586/586/441 588/588/442 587/587/442
f 589/589/443 590/590/443 591/591/444
f 590/590/443 592/592/444 591/591/444
f 593/593/445 594/594/446 595/595/447
f 594/594/446 596/596/448 595/595/447
f 597/597/449 598/598/450 599/599/451
f 598/598/450 600/600/452 599/599/451
f 601/601/453 602/602/453 603/603/454
f 602/602/453 604/604/454 603/603/454
f 605/605/455 606/606/455 607/607/456
f 606/606/455 608/608/456 607/607/456
f 609/609/457 610/610/457 611/611/457
f 610/610/457 612/612/458 611/611/457
f 613/613/459 614/614/460 615/615/461
f 614/614/460 616/616/462 615/615/461
f 617/617/463 618/618/464 619/619/465
f 618/618/464 620/620/466 619/619/465
f 621/621/467 622/622/468 623/623/469
f 622/622/468 624/624/470 623/623/469
f 625/625/471 626/626/471 627/627/472
f 626/626/471 628/628/473 627/627/472
f 629/629/474 630/630/475 631/631/476
f 630/630/475 632/632/477 631/631/476
f 633/633/478 634/634/479 635/635/480
f 634/634/479 636/636/481 635/635/480
f 637/637/482 638/638/483 639/639/484
f 638/638/483 640/640/485 639/639/484
f 641/641/486 642/642/487 643/643/487
f 642/642/487 644/644/488 643/643/487
f 645/645/489 646/646/490 647/647/489
f 646/646/490 648/648/491 647/647/489
f 649/649/492 650/650/493 651/651/494
f 650/650/493 652/652/495 651/651/494
f 653/653/496 654/654/497 655/655/498
f 654/654/497 656/656/499 655/655/498
f 657/657/500 658/658/500 659/659/501
f 658/658/500 660/660/502 659/659/501
f 661/661/503 662/662/503 663/663/504
f 662/662/503 664/664/503 663/663/504
f 665/665/505 666/666/506 667/667/505
f 666/666/506 668/668/506 667/667/505
f 669/669/507 670/670/508 671/671/509
f 670/670/508 672/672/508 671/671/509
f 673/673/510 674/674/511 675/675/510
f 674/674/511 676/676/510 675/675/510
f 677/677/512 678/678/513 679/679/512
f 678/678/513 680/680/514 679/679/512
f 681/681/515 682/682/516 683/683/515
f 682/682/516 684/684/516 683/683/515
f 685/685/517 686/686/518 687/687/518
f 686/686/518 688/688/519 687/687/518
f 689/689/520 690/690/521 691/691/522
f 690/690/521 692/692/521 691/691/522
f 693/693/523 694/694/524 695/695/523
f 694/694/524 696/696/524 695/695/523
f 697/697/525 698/698/525 699/699/525
f 698/698/525 700/700/526 699/699/525
f 701/701/527 702/702/527 703/703/527
f 702/702/527 704/704/528 703/703/527
f 705/705/529 706/706/529 707/707/529
f 706/706/529 708/708/530 707/707/529
f 709/709/531 710/710/532 711/711/533
f 710/710/532 712/712/534 711/711/533
f 713/713/535 714/714/536 715/715/537
f 714/714/536 716/716/538 715/715/537
f 717/717/539 718/718/540 719/719/539
f 718/718/540 720/720/541 719/719/539
f 721/721/542 722/722/542 723/723/543
f 722/722/542 724/724/544 723/723/543
f 725/725/545 726/726/546 727/727/545
f 726/726/546 728/728/546 727/727/545
f 729/729/547 730/730/548 731/731/549
f 730/730/548 732/732/549 731/731/549
f 733/733/550 734/734/551 735/735/550
f 734/734/551 736/736/551 735/735/550
f 737/737/552 738/738/553 739/739/554
f 738/738/553 740/740/555 739/739/554
f 741/741/556 742/742/557 743/743/558
f 742/742/557 744/744/559 743/743/558
f 745/745/560 746/746/560 747/747/560
f 746/746/560 748/748/561 747/747/560
f 749/749/562 750/750/563 751/751/564
f 750/750/563 752/752/563 751/751/564
f 753/753/565 754/754/565 755/755/566
f 754/754/565 756/756/567 755/755/566
f 755/755/566 756/756/567 757/757/568
f 756/756/567 758/758/569 757/757/568
f 759/759/570 760/760/571 761/761/572
f 760/760/571 762/762/572 761/761/572
f 763/763/573 764/764/574 765/765/575
f 764/764/574 766/766/576 765/765/575
f 767/767/577 768/768/578 769/769/579
f 768/768/578 770/770/580 769/769/579
f 771/771/581 772/772/582 773/773/581
f 772/772/582 774/774/582 773/773/581
f 775/775/583 776/776/584 777/777/585
f 776/776/584 778/778/584 777/777/585
f 779/779/586 780/780/587 781/781/586
f 780/780/587 782/782/588 781/781/586
f 783/783/589 784/784/590 785/785/590
f 784/784/590 786/786/591 785/785/590
f 787/787/592 788/788/593 789/789/593
f 788/788/593 790/790/594 789/789/593
f 791/791/595 792/792/596 793/793/595
f 792/792/596 794/794/597 793/793/595
f 795/795/598 796/796/599 797/797/599
f 796/796/599 798/798/600 797/797/599
f 799/799/601 800/800/602 801/801/603
f 800/800/602 802/802/604 801/801/603
f 803/803/605 804/804/606 805/805/607
f 804/804/606 806/806/608 805/805/607
f 807/807/609 808/808/609 809/809/610
f 808/808/609 810/810/611 809/809/610
f 811/811/612 812/812/613 813/813/612
f 812/812/613 814/814/613 813/813/612
f 815/815/614 816/816/615 817/817/616
f 816/816/615 818/818/617 817/817/616
f 819/819/618 820/820/619 821/821/620
f 820/820/619 822/822/619 821/821/620
f 823/823/621 824/824/622 825/825/623
f 824/824/622 826/826/624 825/825/623
f 827/827/625 828/828/626 829/829/625
f 828/828/626 830/830/627 829/829/625
f 831/831/628 832/832/629 833/833/629
f 832/832/629 834/834/630 833/833/629
f 835/835/631 836/836/632 837/837/633
f 836/836/632 838/838/632 837/837/633
f 839/839/634 840/840/635 841/841/636
f 840/840/635 842/842/635 841/841/636
f 843/843/637 844/844/638 845/845/639
f 844/844/638 846/846/640 845/845/639
f 847/847/641 848/848/642 849/849/643
f 848/848/642 850/850/644 849/849/643
f 851/851/645 852/852/646 853/853/645
f 852/852/646 854/854/646 853/853/645
f 855/855/647 856/856/648 857/857/648
f 856/856/648 858/858/648 857/857/648
f 859/859/649 860/860/650 861/861/651
f 860/860/650 862/862/652 861/861/651
f 863/863/653 864/864/653 865/865/654
f 864/864/653 866/866/655 865/865/654
f 865/865/654 866/866/655 867/867/656
f 866/866/655 868/868/657 867/867/656
f 869/869/658 870/870/659 871/871/660
f 870/870/659 872/872/661 871/871/660
f 873/873/662 874/874/663 875/875/664
f 874/874/663 876/876/665 875/875/664
f 877/877/666 878/878/667 879/879/668
f 878/878/667 880/880/669 879/879/668
f 881/881/670 882/882/671 883/883/672
f 882/882/671 884/884/672 883/883/672
f 885/885/673 886/886/673 887/887/674
f 886/886/673 888/888/673 887/887/674
f 889/889/675 890/890/676 891/891/677
f 890/890/676 892/892/678 891/891/677
f 893/893/679 890/890/676 889/889/675
f 894/894/680 893/893/679 889/889/675
f 895/895/681 896/896/682 897/897/683
f 896/896/682 898/898/683 897/897/683
f 899/899/684 896/896/682 895/895/681
f 900/900/685 899/899/684 895/895/681
f 901/901/686 902/902/687 903/903/686
f 902/902/687 904/904/688 903/903/686
f 905/905/689 906/906/690 907/907/691
f 906/906/690 908/908/690 907/907/691
f 909/909/692 910/910/693 911/911/694
f 910/910/693 912/912/695 911/911/694
f 911/911/694 912/912/695 913/913/696
f 912/912/695 914/914/696 913/913/696
f 915/915/697 916/916/698 917/917/699
f 916/916/698 918/918/700 917/917/699
f 919/919/701 916/916/698 915/915/697
f 920/920/702 919/919/701 915/915/697
f 921/921/703 922/922/703 923/923/703
f 922/922/703 924/924/704 923/923/703
f 925/925/705 926/926/706 927/927/707
f 926/926/706 928/928/707 927/927/707
f 929/929/708 926/926/706 925/925/705
f 930/930/708 929/929/708 925/925/705
f 931/931/709 932/932/710 933/933/710
f 932/932/710 934/934/711 933/933/710
f 935/935/712 936/936/713 937/937/712
f 936/936/713 938/938/714 937/937/712
f 939/939/715 940/940/716 941/941/717
f 940/940/716 942/942/718 941/941/717
f 941/941/717 942/942/718 943/943/719
f 942/942/718 944/944/720 943/943/719
f 945/945/721 946/946/722 947/947/721
f 946/946/722 948/948/721 947/947/721
f 949/949/723 950/950/724 951/951/725
f 950/950/724 952/952/726 951/951/725
f 951/951/725 952/952/726 953/953/727
f 952/952/726 954/954/728 953/953/727
f 955/955/729 956/956/729 957/957/730
f 956/956/729 958/958/731 957/957/730
f 959/959/732 960/960/733 961/961/732
f 960/960/733 962/962/734 961/961/732
f 963/963/735 964/964/736 965/965/736
f 964/964/736 966/966/736 965/965/736
f 967/967/737 968/968/737 969/969/738
f 968/968/737 970/970/739 969/969/738
f 971/971/740 972/972/740 973/973/741
f 972/972/740 974/974/742 973/973/741
f 975/975/743 976/976/744 977/977/745
f 976/976/744 978/978/746 977/977/745
f 979/979/747 980/980/748 981/981/749
f 980/980/748 982/982/750 981/981/749
f 983/983/751 984/984/752 985/985/753
f 984/984/752 986/986/754 985/985/753
f 987/987/755 988/988/756 989/989/757
f 988/988/756 990/990/757 989/989/757
f 991/991/758 988/988/756 987/987/755
f 992/992/759 991/991/758 987/987/755
f 993/993/760 994/994/761 995/995/762
f 994/994/761 996/996/763 995/995/762
f 997/997/764 998/998/765 999/999/766
f 998/998/765 1000/1000/767 999/999/766
f 1001/1001/768 1002/1002/769 1003/1003/770
f 1002/1002/769 1004/1004/771 1003/1003/770
f 1005/1005/772 1006/1006/773 1007/1007/774
f 1006/1006/773 1008/1008/775 1007/1007/774
f 1009/1009/776 1010/1010/777 1011/1011/778
f 1010/1010/777 1012/1012/779 1011/1011/778
f 1013/1013/780 1014/1014/781 1015/1015/782
f 1014/1014/781 1016/1016/783 1015/1015/782
f 1017/1017/784 1018/1018/785 1019/1019/786
f 1018/1018/785 1020/1020/787 1019/1019/786
f 1021/1021/788 1022/1022/789 1023/1023/790
f 1022/1022/789 1024/1024/791 1023/1023/790
f 1025/1025/792 1026/1026/793 1027/1027/794
f 1026/1026/793 1028/1028/795 1027/1027/794
f 1029/1029/796 1030/1030/797 1031/1031/798
f 1030/1030/797 1032/1032/799 1031/1031/798
f 1033/1033/800 1034/1034/801 1035/1035/802
f 1034/1034/801 1036/1036/803 1035/1035/802
f 1037/1037/804 1038/1038/805 1039/1039/806
f 1038/1038/805 1040/1040/807 1039/1039/806
f 1041/1041/808 1042/1042/808 1043/1043/809
f 1042/1042/808 1044/1044/810 1043/1043/809
f 1045/1045/811 1046/1046/812 1047/1047/813
f 1046/1046/812 1048/1048/813 1047/1047/813
f 1049/1049/814 1050/1050/814 1051/1051/815
f 1050/1050/814 1052/1052/816 1051/1051/815
f 1053/1053/817 1054/1054/818 1055/1055/819
f 1054/1054/818 1056/1056/820 1055/1055/819
f 1057/1057/821 1058/1058/822 1059/1059/823
f 1058/1058/822 1060/1060/822 1059/1059/823
f 1061/1061/824 1062/1062/824 1063/1063/825
f 1062/1062/824 1064/1064/826 1063/1063/825
f 1065/1065/827 1066/1066/828 1067/1067/829
f 1066/1066/828 1068/1068/830 1067/1067/829
f 1069/1069/831 1070/1070/831 1071/1071/832
f 1070/1070/831 1072/1072/833 1071/1071/832
f 1073/1073/834 1074/1074/835 1075/1075/836
f 1074/1074/835 1076/1076/837 1075/1075/836
f 1077/1077/838 1078/1078/838 1079/1079/839
f 1078/1078/838 1080/1080/840 1079/1079/839
f 1081/1081/841 1082/1082/842 1083/1083/843
f 1082/1082/842 1084/1084/842 1083/1083/843
f 1085/1085/844 1086/1086/844 1087/1087/845
f 1086/1086/844 1088/1088/846 1087/1087/845
f 1089/1089/847 1090/1090/848 1091/1091/848
f 1090/1090/848 1092/1092/848 1091/1091/848
f 1093/1093/849 1094/1094/850 1095/1095/851
f 1094/1094/850 1096/1096/852 1095/1095/851
f 1097/1097/853 1098/1098/854 1099/1099/855
f 1098/1098/854 1100/1100/853 1099/1099/855
f 1101/1101/856 1102/1102/857 1103/1103/858
f 1102/1102/857 1104/1104/859 1103/1103/858
f 1105/1105/860 1106/1106/861 1107/1107/862
f 1106/1106/861 1108/1108/863 1107/1107/862
f 1109/1109/864 1110/1110/865 1111/1111/865
f 1110/1110/865 1112/1112/866 1111/1111/865
f 1113/1113/867 1114/1114/868 1115/1115/868
f 1114/1114/868 1116/1116/869 1115/1115/868
f 1117/1117/870 1118/1118/870 1119/1119/870
f 1118/1118/870 1120/1120/870 1119/1119/870
f 1121/1121/871 1122/1122/872 1123/1123/873
f 1122/1122/872 1124/1124/874 1123/1123/873
f 1125/1125/875 1126/1126/876 1127/1127/876
f 1126/1126/876 1128/1128/875 1127/1127/876
f 1129/1129/877 1130/1130/877 1131/1131/877
f 1130/1130/877 1132/1132/878 1131/1131/877
f 1133/1133/879 1134/1134/879 1135/1135/880
f 1134/1134/879 1136/1136/879 1135/1135/880
f 1137/1137/881 1138/1138/882 1139/1139/883
f 1138/1138/882 1140/1140/884 1139/1139/883
f 1141/1141/885 1142/1142/886 1143/1143/885
f 1142/1142/886 1144/1144/887 1143/1143/885
f 1145/1145/888 1146/1146/889 1147/1147/890
f 1146/1146/889 1148/1148/891 1147/1147/890
f 1149/1149/892 1150/1150/892 1151/1151/892
f 1150/1150/892 1152/1152/892 1151/1151/892
f 1153/1153/893 1154/1154/893 1155/1155/893
f 1154/1154/893 1156/1156/893 1155/1155/893
f 1157/1157/894 1158/1158/895 1159/1159/896
f 1158/1158/895 1160/1160/897 1159/1159/896
f 1161/1161/898 1162/1162/898 1163/1163/898
f 1162/1162/898 1164/1164/898 1163/1163/898
f 1165/1165/899 1166/1166/900 1167/1167/899
f 1166/1166/900 1168/1168/899 1167/1167/899
f 1169/1169/901 1170/1170/902 1171/1171/903
f 1170/1170/902 1172/1172/904 1171/1171/903
f 1173/1173/905 1174/1174/905 1175/1175/906
f 1174/1174/905 1176/1176/907 1175/1175/906
f 1175/1175/906 1176/1176/907 1177/1177/908
f 1176/1176/907 1178/1178/909 1177/1177/908
f 1179/1179/910 1180/1180/911 1181/1181/912
f 1180/1180/911 1182/1182/911 1181/1181/912
f 1183/1183/913 1184/1184/913 1185/1185/914
f 1184/1184/913 1186/1186/913 1185/1185/914
f 1187/1187/915 1188/1188/916 1189/1189/917
f 1188/1188/916 1190/1190/916 1189/1189/917
f 1191/1191/918 1192/1192/919 1193/1193/919
f 1192/1192/919 1194/1194/919 1193/1193/919
f 1195/1195/920 1196/1196/921 1197/1197/922
f 1196/1196/921 1198/1198/922 1197/1197/922
f 1199/1199/923 1200/1200/924 1201/1201/925
f 1200/1200/924 1202/1202/924 1201/1201/925
f 1203/1203/926 1204/1204/927 1205/1205/926
f 1204/1204/927 1206/1206/928 1205/1205/926
f 1207/1207/929 1208/1208/929 1209/1209/929
f 1208/1208/929 1210/1210/930 1209/1209/929
f 1211/1211/931 1212/1212/932 1213/1213/933
f 1212/1212/932 1214/1214/932 1213/1213/933
f 1215/1215/934 1216/1216/934 1217/1217/934
f 1216/1216/934 1218/1218/934 1217/1217/934
f 1219/1219/935 1220/1220/936 1221/1221/937
f 1220/1220/936 1222/1222/938 1221/1221/937
f 1223/1223/939 1224/1224/940 1225/1225/941
f 1224/1224/940 1226/1226/940 1225/1225/941
f 1227/1227/942 1228/1228/943 1229/1229/942
f 1228/1228/943 1230/1230/943 1229/1229/942
f 1231/1231/944 1232/1232/945 1233/1233/946
f 1232/1232/945 1234/1234/946 1233/1233/946
f 1235/1235/947 1236/1236/947 1237/1237/948
f 1236/1236/947 1238/1238/949 1237/1237/948
f 1239/1239/950 1240/1240/951 1241/1241/952
f 1240/1240/951 1242/1242/953 1241/1241/952
f 1243/1243/954 1244/1244/955 1245/1245/956
f 1244/1244/955 1246/1246/955 1245/1245/956
f 1247/1247/957 1248/1248/958 1249/1249/959
f 1248/1248/958 1250/1250/958 1249/1249/959
f 1251/1251/960 1252/1252/961 1253/1253/961
f 1252/1252/961 1254/1254/962 1253/1253/961
f 1255/1255/963 1256/1256/963 1257/1257/964
f 1256/1256/963 1258/1258/963 1257/1257/964
f 1259/1259/965 1260/1260/966 1261/1261/967
f 1260/1260/966 1262/1262/968 1261/1261/967
f 1263/1263/969 1264/1264/970 1265/1265/971
f 1264/1264/970 1266/1266/972 1265/1265/971
f 1267/1267/973 1268/1268/974 1269/1269/975
f 1268/1268/974 1270/1270/976 1269/1269/975
f 1271/1271/977 1272/1272/978 1273/1273/979
f 1272/1272/978 1274/1274/978 1273/1273/979
f 1275/1275/980 1276/1276/981 1277/1277/982
f 1276/1276/981 1278/1278/981 1277/1277/982
f 1279/1279/983 1280/1280/984 1281/1281/985
f 1280/1280/984 1282/1282/986 1281/1281/985
f 1283/1283/987 1284/1284/987 1285/1285/987
f 1284/1284/987 1286/1286/987 1285/1285/987
f 1287/1287/988 1288/1288/989 1289/1289/990
f 1288/1288/989 1290/1290/989 1289/1289/990
f 1291/1291/991 1292/1292/991 1293/1293/992
f 1292/1292/991 1294/1294/992 1293/1293/992
f 1295/1295/993 1296/1296/994 1297/1297/995
f 1296/1296/994 1298/1298/996 1297/1297/995
f 1299/1299/997 1300/1300/998 1301/1301/998
f 1300/1300/998 1302/1302/999 1301/1301/998
f 1303/1303/1000 1304/1304/1000 1305/1305/1000
f 1304/1304/1000 1306/1306/1001 1305/1305/1000
f 1307/1307/1002 1308/1308/1003 1309/1309/1003
f 1308/1308/1003 1310/1310/1004 1309/1309/1003
f 1311/1311/1005 1312/1312/1006 1313/1313/1006
f 1312/1312/1006 1314/1314/1007 1313/1313/1006
f 1315/1315/1008 1316/1316/1009 1317/1317/1010
f 1316/1316/1009 1318/1318/1011 1317/1317/1010
f 1319/1319/1012 1320/1320/1013 1321/1321/1014
f 1320/1320/1013 1322/1322/1013 1321/1321/1014
f 1323/1323/1015 1324/1324/1016 1325/1325/1016
f 1324/1324/1016 1326/1326/1017 1325/1325/1016
f 1327/1327/1018 1328/1328/1018 1329/1329/1018
f 1328/1328/1018 1330/1330/1018 1329/1329/1018
f 1331/1331/1019 1332/1332/1019 1333/1333/1020
f 1332/1332/1019 1334/1334/1021 1333/1333/1020
f 1335/1335/1022 1336/1336/1023 1337/1337/1024
f 1336/1336/1023 1338/1338/1023 1337/1337/1024
f 1339/1339/1025 1340/1340/1026 1341/1341/1026
f 1340/1340/1026 1342/1342/1025 1341/1341/1026
f 1343/1343/1027 1344/1344/1028 1345/1345/1029
f 1344/1344/1028 1346/1346/1030 1345/1345/1029
f 1347/1347/1031 1348/1348/1032 1349/1349/1032
f 1348/1348/1032 1350/1350/1031 1349/1349/1032
f 1351/1351/1033 1352/1352/1034 1353/1353/1034
f 1352/1352/1034 1354/1354/1035 1353/1353/1034
f 1355/1355/1036 1356/1356/1037 1357/1357/1037
f 1356/1356/1037 1358/1358/1038 1357/1357/1037
f 1359/1359/1039 1360/1360/1040 1361/1361/1040
f 1360/1360/1040 1362/1362/1041 1361/1361/1040
f 1363/1363/1042 1364/1364/1043 1365/1365/1043
f 1364/1364/1043 1366/1366/1043 1365/1365/1043
f 1367/1367/1044 1368/1368/1045 1369/1369/1046
f 1368/1368/1045 1370/1370/1047 1369/1369/1046
f 1371/1371/1048 1372/1372/1049 1373/1373/1050
f 1372/1372/1049 1374/1374/1048 1373/1373/1050
f 1375/1375/1051 1376/1376/1052 1377/1377/1052
f 1376/1376/1052 1378/1378/1053 1377/1377/1052
f 1379/1379/1054 1380/1380/1054 1381/1381/1055
f 1380/1380/1054 1382/1382/1054 1381/1381/1055
f 1383/1383/1056 1384/1384/1056 1385/1385/1056
f 1384/1384/1056 1386/1386/1056 1385/1385/1056
f 1387/1387/1057 1388/1388/1057 1389/1389/1058
f 1388/1388/1057 1390/1390/1059 1389/1389/1058
f 1391/1391/1060 1388/1388/1057 1387/1387/1057
f 1392/1392/1061 1391/1391/1060 1387/1387/1057
f 1393/1393/1062 1394/1394/1063 1395/1395/1064
f 1394/1394/1063 1396/1396/1064 1395/1395/1064
f 1395/1395/1064 1396/1396/1064 1397/1397/1065
f 1396/1396/1064 1398/1398/1066 1397/1397/1065
f 1399/1399/1067 1400/1400/1068 1401/1401/1069
f 1400/1400/1068 1402/1402/1070 1401/1401/1069
f 1401/1401/1069 1402/1402/1070 1403/1403/1071
f 1402/1402/1070 1404/1404/1072 1403/1403/1071
f 1405/1405/1073 1406/1406/1074 1407/1407/1075
f 1406/1406/1074 1408/1408/1075 1407/1407/1075
f 1409/1409/1076 1410/1410/1077 1411/1411/1078
f 1410/1410/1077 1412/1412/1078 1411/1411/1078
f 1413/1413/1079 1414/1414/1080 1415/1415/1081
f 1414/1414/1080 1416/1416/1082 1415/1415/1081
f 1417/1417/1083 1418/1418/1083 1419/1419/1084
f 1418/1418/1083 1420/1420/1085 1419/1419/1084
f 1421/1421/1086 1422/1422/1087 1423/1423/1088
f 1422/1422/1087 1424/1424/1089 1423/1423/1088
f 1423/1423/1088 1424/1424/1089 1425/1425/1090
f 1424/1424/1089 1426/1426/1091 1425/1425/1090
f 1427/1427/1092 1428/1428/1093 1429/1429/1092
f 1428/1428/1093 1430/1430/1093 1429/1429/1092
f 1431/1431/1094 1432/1432/1094 1433/1433/1094
f 1432/1432/1094 1434/1434/1094 1433/1433/1094
f 1435/1435/1095 1436/1436/1096 1437/1437/1097
f 1436/1436/1096 1438/1438/1098 1437/1437/1097
f 1439/1439/1099 1440/1440/1100 1441/1441/1101
f 1440/1440/1100 1442/1442/1102 1441/1441/1101
f 1443/1443/1103 1444/1444/1104 1445/1445/1104
f 1444/1444/1104 1446/1446/1103 1445/1445/1104
f 1447/1447/1105 1448/1448/1106 1449/1449/1107
f 1448/1448/1106 1450/1450/1108 1449/1449/1107
f 1449/1449/1107 1450/1450/1108 1451/1451/1109
f 1450/1450/1108 1452/1452/1110 1451/1451/1109
f 1453/1453/1111 1454/1454/1111 1455/1455/1112
f 1454/1454/1111 1456/1456/1113 1455/1455/1112
f 1457/1457/1114 1454/1454/1111 1453/1453/1111
f 1458/1458/1114 1457/1457/1114 1453/1453/1111
f 1459/1459/1115 1460/1460/1116 1461/1461/1116
f 1460/1460/1116 1462/1462/1116 1461/1461/1116
f 1463/1463/1117 1464/1464/1117 1465/1465/1117
f 1464/1464/1117 1466/1466/1117 1465/1465/1117
f 1467/1467/1118 1468/1468/1118 1469/1469/1118
f 1468/1468/1118 1470/1470/1119 1469/1469/1118
f 1471/1471/1120 1472/1472/1121 1473/1473/1120
f 1472/1472/1121 1474/1474/1122 1473/1473/1120
f 1475/1475/1123 1476/1476/1124 1477/1477/1125
f 1476/1476/1124 1478/1478/1125 1477/1477/1125
f 1476/1476/1124 1475/1475/1123 1479/1479/1126
f 1475/1475/1123 1480/1480/1126 1479/1479/1126
f 1481/1481/1127 1482/1482/1128 1483/1483/1129
f 1482/1482/1128 1484/1484/1130 1483/1483/1129
f 1485/1485/1131 1486/1486/1132 1487/1487/1133
f 1486/1486/1132 1488/1488/1132 1487/1487/1133
f 1489/1489/1134 1490/1490/1135 1491/1491/1136
f 1490/1490/1135 1492/1492/1137 1491/1491/1136
f 1493/1493/1138 1494/1494/1139 1495/1495/1140
f 1494/1494/1139 1496/1496/1141 1495/1495/1140
f 1497/1497/1142 1498/1498/1143 1499/1499/1144
f 1498/1498/1143 1500/1500/1145 1499/1499/1144
f 1501/1501/1146 1502/1502/1147 1503/1503/1146
f 1502/1502/1147 1504/1504/1148 1503/1503/1146
f 1505/1505/1149 1506/1506/1149 1507/1507/1150
f 1506/1506/1149 1508/1508/1151 1507/1507/1150
f 1507/1507/1150 1508/1508/1151 1509/1509/1152
f 1508/1508/1151 1510/1510/1153 1509/1509/1152
f 1511/1511/1154 1509/1509/1152 1510/1510/1153
f 1512/1512/1154 1511/1511/1154 1510/1510/1153
f 1513/1513/1155 1514/1514/1155 1515/1515/1156
f 1514/1514/1155 1516/1516/1157 1515/1515/1156
f 1517/1517/1158 1514/1514/1155 1513/1513/1155
f 1518/1518/1159 1517/1517/1158 1513/1513/1155
f 1519/1519/1160 1517/1517/1158 1518/1518/1159
f 1520/1520/1161 1519/1519/1160 1518/1518/1159
f 1521/1521/1162 1522/1522/1163 1523/1523/1164
f 1522/1522/1163 1524/1524/1165 1523/1523/1164
f 1523/1523/1164 1524/1524/1165 1525/1525/1166
f 1524/1524/1165 1526/1526/1166 1525/1525/1166
f 1525/1525/1166 1526/1526/1166 1527/1527/1167
f 1526/1526/1166 1528/1528/1168 1527/1527/1167
f 1529/1529/1169 1530/1530/1170 1531/1531/1171
f 1530/1530/1170 1532/1532/1171 1531/1531/1171
f 1533/1533/1172 1534/1534/1173 1535/1535/1174
f 1534/1534/1173 1536/1536/1174 1535/1535/1174
f 1537/1537/1175 1538/1538/1176 1539/1539/1177
f 1538/1538/1176 1540/1540/1178 1539/1539/1177
f 1541/1541/1179 1542/1542/1180 1543/1543/1181
f 1542/1542/1180 1544/1544/1182 1543/1543/1181
f 1545/1545/1183 1546/1546/1184 1547/1547/1185
f 1546/1546/1184 1548/1548/1185 1547/1547/1185
f 1549/1549/1186 1550/1550/1187 1551/1551/1188
f 1550/1550/1187 1552/1552/1189 1551/1551/1188
f 1553/1553/1190 1554/1554/1191 1555/1555/1192
f 1554/1554/1191 1556/1556/1193 1555/1555/1192
f 1557/1557/1194 1558/1558/1195 1559/1559/1196
f 1558/1558/1195 1560/1560/1196 1559/1559/1196
f 1559/1559/1196 1560/1560/1196 1561/1561/1197
f 1560/1560/1196 1562/1562/1198 1561/1561/1197
f 1563/1563/1199 1558/1558/1195 1557/1557/1194
f 1564/1564/1199 1563/1563/1199 1557/1557/1194
f 1563/1563/1199 1564/1564/1199 1565/1565/1200
f 1564/1564/1199 1566/1566/1201 1565/1565/1200
f 1567/1567/1202 1568/1568/1203 1569/1569/1204
f 1568/1568/1203 1570/1570/1204 1569/1569/1204
f 1571/1571/1205 1572/1572/1206 1573/1573/1207
f 1572/1572/1206 1574/1574/1207 1573/1573/1207
f 1575/1575/1208 1576/1576/1209 1577/1577/1209
f 1576/1576/1209 1578/1578/1210 1577/1577/1209
f 1579/1579/1211 1580/1580/1211 1581/1581/1212
f 1580/1580/1211 1582/1582/1213 1581/1581/1212
f 1583/1583/1214 1584/1584/1215 1585/1585/1216
f 1584/1584/1215 1586/1586/1217 1585/1585/1216
f 1587/1587/1218 1588/1588/1219 1589/1589/1220
f 1588/1588/1219 1590/1590/1220 1589/1589/1220
f 1591/1591/1221 1592/1592/1222 1593/1593/1223
f 1592/1592/1222 1594/1594/1223 1593/1593/1223
f 1595/1595/1224 1596/1596/1225 1597/1597/1226
f 1596/1596/1225 1598/1598/1227 1597/1597/1226
f 1599/1599/1228 1600/1600/1228 1601/1601/1229
f 1600/1600/1228 1602/1602/1230 1601/1601/1229
f 1603/1603/1231 1604/1604/1231 1605/1605/1232
f 1604/1604/1231 1606/1606/1231 1605/1605/1232
f 1607/1607/1233 1608/1608/1233 1609/1609/1234
f 1608/1608/1233 1610/1610/1235 1609/1609/1234
f 1611/1611/1236 1612/1612/1237 1613/1613/1238
f 1612/1612/1237 1614/1614/1239 1613/1613/1238
f 1615/1615/1240 1616/1616/1240 1617/1617/1241
f 1616/1616/1240 1618/1618/1241 1617/1617/1241
f 1619/1619/1242 1620/1620/1243 1621/1621/1244
f 1620/1620/1243 1622/1622/1245 1621/1621/1244
f 1623/1623/1246 1624/1624/1246 1625/1625/1247
f 1624/1624/1246 1626/1626/1248 1625/1625/1247
f 1627/1627/1249 1628/1628/1250 1629/1629/1251
f 1628/1628/1250 1630/1630/1252 1629/1629/1251
f 1631/1631/1253 1632/1632/1254 1633/1633/1255
f 1632/1632/1254 1634/1634/1256 1633/1633/1255
f 1635/1635/1257 1636/1636/1257 1637/1637/1258
f 1636/1636/1257 1638/1638/1258 1637/1637/1258
f 1639/1639/1259 1637/1637/1258 1638/1638/1258
f 1640/1640/1260 1639/1639/1259 1638/1638/1258
f 1641/1641/1261 1636/1636/1257 1635/1635/1257
f 1642/1642/1261 1641/1641/1261 1635/1635/1257
f 1641/1641/1261 1642/1642/1261 1643/1643/1262
f 1642/1642/1261 1644/1644/1262 1643/1643/1262
f 1643/1643/1262 1644/1644/1262 1645/1645/1263
f 1644/1644/1262 1646/1646/1263 1645/1645/1263
f 1647/1647/1264 1648/1648/1265 1649/1649/1266
f 1648/1648/1265 1650/1650/1266 1649/1649/1266
f 1649/1649/1266 1650/1650/1266 1651/1651/1267
f 1650/1650/1266 1652/1652/1267 1651/1651/1267
f 1651/1651/1267 1652/1652/1267 1653/1653/1268
f 1652/1652/1267 1654/1654/1268 1653/1653/1268
f 1655/1655/1269 1653/1653/1268 1654/1654/1268
f 1656/1656/1269 1655/1655/1269 1654/1654/1268
f 1657/1657/1270 1655/1655/1269 1656/1656/1269
f 1658/1658/1271 1657/1657/1270 1656/1656/1269
f 1659/1659/1272 1660/1660/1273 1661/1661/1274
f 1660/1662/1273 1659/1663/1272 1662/1664/1275
f 1659/1663/1272 1663/1665/1276 1662/1664/1275
f 1660/1660/1273 1664/1666/1277 1661/1661/1274
f 1661/1661/1274 1664/1666/1277 1665/1667/1278
f 1664/1666/1277 1666/1668/1279 1665/1667/1278
f 1665/1667/1278 1666/1668/1279 1667/1669/1280
f 1666/1668/1279 1668/1670/1281 1667/1669/1280
f 1667/1669/1280 1668/1670/1281 1669/1671/1282
f 1668/1670/1281 1670/1672/1283 1669/1671/1282
f 1671/1673/1284 1672/1674/1284 1673/1675/1285
f 1672/1674/1284 1674/1676/1286 1673/1675/1285
f 1675/1677/1287 1672/1678/1284 1671/1679/1284
f 1676/1680/1287 1675/1677/1287 1671/1679/1284
f 1677/1681/1288 1675/1677/1287 1676/1680/1287
f 1678/1682/1288 1677/1681/1288 1676/1680/1287
f 1679/1683/1289 1677/1681/1288 1678/1682/1288
f 1680/1684/1289 1679/1683/1289 1678/1682/1288
f 1681/1685/1290 1679/1683/1289 1680/1684/1289
f 1682/1686/1291 1681/1685/1290 1680/1684/1289
f 1683/1687/1292 1684/1688/1292 1685/1689/1293
f 1684/1688/1292 1686/1690/1294 1685/1689/1293
f 1687/1691/1295 1688/1692/1296 1689/1693/1297
f 1688/1692/1296 1690/1694/1298 1689/1693/1297
f 1691/1695/1299 1692/1696/1299 1693/1697/1300
f 1692/1696/1299 1694/1698/1300 1693/1697/1300
f 1695/1699/1301 1696/1700/1302 1697/1701/1303
f 1696/1700/1302 1698/1702/1304 1697/1701/1303
f 1699/1703/1305 1700/1704/1306 1701/1705/1307
f 1700/1704/1306 1702/1706/1308 1701/1705/1307
f 1703/1707/1309 1704/1708/1309 1705/1709/1310
f 1704/1708/1309 1706/1710/1310 1705/1709/1310
f 1705/1709/1310 1706/1710/1310 1707/1711/1311
f 1706/1710/1310 1708/1712/1311 1707/1711/1311
f 1709/1713/1312 1704/1708/1309 1703/1707/1309
f 1710/1714/1313 1709/1713/1312 1703/1707/1309
f 1711/1715/1314 1709/1713/1312 1710/1714/1313
f 1712/1716/1315 1711/1715/1314 1710/1714/1313
f 1713/1717/1316 1711/1715/1314 1712/1716/1315
f 1714/1718/1317 1713/1717/1316 1712/1716/1315
f 1715/1719/1318 1713/1717/1316 1714/1718/1317
f 1716/1720/1319 1715/1719/1318 1714/1718/1317
f 1717/1721/1320 1718/1722/1320 1719/1723/1321
f 1720/1724/1322 1718/1722/1320 1717/1721/1320
f 1721/1725/1323 1720/1724/1322 1717/1721/1320
f 1718/1722/1320 1722/1726/1324 1719/1723/1321
f 1719/1723/1321 1722/1726/1324 1723/1727/1325
f 1722/1726/1324 1724/1728/1326 1723/1727/1325
f 1723/1727/1325 1724/1728/1326 1725/1729/1327
f 1724/1728/1326 1726/1730/1328 1725/1729/1327
f 1725/1729/1327 1726/1730/1328 1727/1731/1329
f 1726/1730/1328 1728/1732/1330 1727/1731/1329
f 1727/1731/1329 1728/1732/1330 1729/1733/1331
f 1728/1732/1330 1730/1734/1331 1729/1733/1331
f 1729/1733/1331 1730/1734/1331 1731/1735/1332
f 1730/1734/1331 1732/1736/1332 1731/1735/1332
f 1733/1737/1333 1734/1738/1334 1735/1739/1335
f 1734/1738/1334 1736/1740/1335 1735/1739/1335
f 1737/1741/1336 1735/1739/1335 1736/1740/1335
f 1738/1742/1336 1737/1741/1336 1736/1740/1335
f 1739/1743/1337 1737/1741/1336 1738/1742/1336
f 1740/1744/1337 1739/1743/1337 1738/1742/1336
f 1741/1745/1338 1739/1743/1337 1740/1744/1337
f 1742/1746/1338 1741/1745/1338 1740/1744/1337
f 1743/1747/1339 1741/1748/1338 1742/1749/1338
f 1744/1750/1339 1743/1747/1339 1742/1749/1338
f 1745/1751/1340 1743/1747/1339 1744/1750/1339
f 1746/1752/1340 1745/1751/1340 1744/1750/1339
f 1747/1753/1341 1745/1751/1340 1746/1752/1340
f 1748/1754/1342 1747/1753/1341 1746/1752/1340
f 1749/1755/1343 1747/1753/1341 1748/1754/1342
f 1750/1756/1343 1749/1755/1343 1748/1754/1342
f 1751/1757/1344 1749/1755/1343 1750/1756/1343
f 1752/1758/1344 1751/1757/1344 1750/1756/1343
f 1753/1759/1345 1754/1760/1345 1755/1761/1346
f 1754/1760/1345 1756/1762/1346 1755/1761/1346
f 1757/1763/1347 1754/1760/1345 1753/1759/1345
f 1755/1761/1346 1756/1762/1346 1758/1764/1348
f 1759/1765/1349 1757/1763/1347 1753/1759/1345
f 1756/1762/1346 1760/1766/1348 1758/1764/1348
f 1757/1763/1347 1759/1765/1349 1761/1767/1350
f 1758/1764/1348 1760/1766/1348 1762/1768/1351
f 1759/1765/1349 1763/1769/1350 1761/1767/1350
f 1760/1766/1348 1764/1770/1351 1762/1768/1351
f 1761/1767/1350 1763/1769/1350 1765/1771/1352
f 1762/1768/1351 1764/1770/1351 1766/1772/1353
f 1763/1769/1350 1767/1773/1352 1765/1771/1352
f 1765/1771/1352 1767/1773/1352 1768/1774/1354
f 1767/1773/1352 1769/1775/1354 1768/1774/1354
f 1764/1770/1351 1770/1776/1355 1766/1772/1353
f 1766/1772/1353 1770/1776/1355 1771/1777/1356
f 1770/1776/1355 1772/1778/1356 1771/1777/1356
f 1771/1777/1356 1772/1778/1356 1773/1779/1357
f 1772/1778/1356 1774/1780/1357 1773/1779/1357
f 1773/1779/1357 1774/1780/1357 1775/1781/1358
f 1774/1780/1357 1776/1782/1358 1775/1781/1358
f 1777/1783/1359 1778/1784/1360 1779/1785/1361
f 1778/1784/1360 1780/1786/1361 1779/1785/1361
f 1781/1787/1362 1782/1788/1363 1783/1789/1364
f 1782/1788/1363 1784/1790/1365 1783/1789/1364
f 1785/1791/1366 1786/1792/1367 1787/1793/1368
f 1786/1792/1367 1788/1794/1368 1787/1793/1368
f 1789/1795/1369 1790/1796/1370 1791/1797/1371
f 1790/1796/1370 1792/1798/1372 1791/1797/1371
f 1793/1799/1373 1794/1800/1374 1795/1801/1374
f 1794/1800/1374 1796/1802/1374 1795/1801/1374
f 1797/1803/1375 1798/1804/1376 1799/1805/1377
f 1798/1804/1376 1800/1806/1377 1799/1805/1377
f 1801/1807/1378 1802/1808/1378 1803/1809/1378
f 1802/1808/1378 1804/1810/1378 1803/1809/1378
f 1805/1811/1379 1806/1812/1379 1807/1813/1380
f 1806/1812/1379 1808/1814/1379 1807/1813/1380
f 1809/1815/1381 1810/1816/1382 1811/1817/1383
f 1810/1816/1382 1812/1818/1383 1811/1817/1383
f 1813/1819/1384 1814/1820/1385 1815/1821/1386
f 1814/1820/1385 1816/1822/1387 1815/1821/1386
f 1817/1823/1388 1818/1824/1389 1819/1825/1389
f 1818/1824/1389 1820/1826/1388 1819/1825/1389
f 1821/1827/1390 1822/1828/1390 1823/1829/1390
f 1822/1828/1390 1824/1830/1390 1823/1829/1390
f 1825/1831/1391 1826/1832/1392 1827/1833/1393
f 1826/1832/1392 1828/1834/1394 1827/1833/1393
f 1829/1835/1395 1830/1836/1396 1831/1837/1397
f 1830/1836/1396 1832/1838/1397 1831/1837/1397
f 1833/1839/1398 1834/1840/1399 1835/1841/1400
f 1834/1840/1399 1836/1842/1399 1835/1841/1400
f 1837/1843/1401 1838/1844/1402 1839/1845/1401
f 1838/1844/1402 1840/1846/1403 1839/1845/1401
f 1841/1847/1404 1842/1848/1405 1843/1849/1405
f 1842/1848/1405 1844/1850/1405 1843/1849/1405
f 1845/1851/1406 1846/1852/1407 1847/1853/1408
f 1846/1852/1407 1848/1854/1408 1847/1853/1408
f 1849/1855/1409 1850/1856/1409 1851/1857/1410
f 1850/1856/1409 1852/1858/1409 1851/1857/1410
f 1853/1859/1411 1854/1860/1412 1855/1861/1412
f 1854/1860/1412 1856/1862/1412 1855/1861/1412
f 1857/1863/1413 1858/1864/1414 1859/1865/1415
f 1858/1864/1414 1860/1866/1415 1859/1865/1415
f 1861/1867/1416 1862/1868/1416 1863/1869/1416
f 1862/1868/1416 1864/1870/1416 1863/1869/1416
f 1865/1871/1417 1866/1872/1417 1867/1873/1418
f 1866/1872/1417 1868/1874/1418 1867/1873/1418
f 1869/1875/1419 1870/1876/1420 1871/1877/1421
f 1870/1876/1420 1872/1878/1422 1871/1877/1421
f 1873/1879/1423 1874/1880/1424 1875/1881/1425
f 1874/1880/1424 1876/1882/1425 1875/1881/1425
f 1877/1883/1426 1878/1884/1427 1879/1885/1428
f 1878/1884/1427 1880/1886/1429 1879/1885/1428
f 1881/1887/1430 1882/1888/1431 1883/1889/1432
f 1882/1888/1431 1884/1890/1432 1883/1889/1432
f 1885/1891/1433 1886/1892/1434 1887/1893/1435
f 1886/1894/1434 1888/1895/1436 1887/1896/1435
f 1889/1897/1437 1890/1898/1438 1891/1899/1439
f 1890/1898/1438 1892/1900/1440 1891/1899/1439
f 1893/1901/1441 1894/1902/1442 1895/1903/1443
f 1894/1902/1442 1896/1904/1444 1895/1903/1443
f 1897/1905/1445 1898/1906/1445 1899/1907/1446
f 1898/1906/1445 1900/1908/1447 1899/1907/1446
f 1901/1909/1448 1902/1910/1448 1903/1911/1449
f 1902/1910/1448 1904/1912/1449 1903/1911/1449
f 1905/1913/1450 1906/1914/1451 1907/1915/1452
f 1906/1914/1451 1908/1916/1453 1907/1915/1452
f 1909/1917/1454 1910/1918/1454 1911/1919/1455
f 1910/1918/1454 1912/1920/1455 1911/1919/1455
f 1913/1921/1456 1914/1922/1457 1915/1923/1458
f 1914/1922/1457 1916/1924/1458 1915/1923/1458
f 1917/1925/1459 1918/1926/1460 1919/1927/1461
f 1918/1926/1460 1920/1928/1461 1919/1927/1461
f 1921/1929/1462 1922/1930/1463 1923/1931/1464
f 1922/1930/1463 1924/1932/1464 1923/1931/1464
f 1925/1933/1465 1926/1934/1466 1927/1935/1467
f 1926/1934/1466 1928/1936/1468 1927/1935/1467
f 1929/1937/1469 1930/1938/1470 1931/1939/1471
f 1930/1938/1470 1932/1940/1472 1931/1939/1471
f 1933/1941/1473 1934/1942/1473 1935/1943/1474
f 1934/1942/1473 1936/1944/1475 1935/1943/1474
f 1937/1945/1476 1938/1946/1477 1939/1947/1478
f 1938/1946/1477 1940/1948/1479 1939/1947/1478
f 1941/1949/1480 1942/1950/1480 1943/1951/1481
f 1942/1950/1480 1944/1952/1482 1943/1951/1481
f 1945/1953/1483 1946/1954/1484 1947/1955/1485
f 1946/1954/1484 1948/1956/1486 1947/1955/1485
f 1949/1957/1487 1950/1958/1488 1951/1959/1489
f 1950/1958/1488 1952/1960/1490 1951/1959/1489
f 1953/1961/1491 1954/1962/1492 1955/1963/1493
f 1954/1962/1492 1956/1964/1493 1955/1963/1493
f 1957/1965/1494 1958/1966/1494 1959/1967/1495
f 1958/1966/1494 1960/1968/1495 1959/1967/1495
f 1961/1969/1496 1962/1970/1497 1963/1971/1498
f 1962/1970/1497 1964/1972/1499 1963/1971/1498
f 1965/1973/1500 1966/1974/1500 1967/1975/1501
f 1966/1974/1500 1968/1976/1502 1967/1975/1501
f 1969/1977/1503 1970/1978/1503 1971/1979/1504
f 1970/1978/1503 1972/1980/1505 1971/1979/1504
f 1973/1981/1506 1974/1982/1507 1975/1983/1508
f 1974/1982/1507 1976/1984/1509 1975/1983/1508
f 1977/1985/1510 1978/1986/1511 1979/1987/1512
f 1978/1986/1511 1980/1988/1513 1979/1987/1512
f 1981/1989/1514 1982/1990/1514 1983/1991/1515
f 1982/1990/1514 1984/1992/1515 1983/1991/1515
f 1985/1993/1516 1986/1994/1517 1987/1995/1517
f 1986/1994/1517 1988/1996/1518 1987/1995/1517
f 1989/1997/1519 1990/1998/1520 1991/1999/1519
f 1990/1998/1520 1992/2000/1521 1991/1999/1519
f 1993/2001/1522 1994/2002/1523 1995/2003/1524
f 1994/2002/1523 1996/2004/1525 1995/2003/1524
f 1997/2005/1526 1998/2006/1527 1999/2007/1527
f 1998/2006/1527 2000/2008/1528 1999/2007/1527
f 2001/2009/1529 2002/2010/1530 2003/2011/1531
f 2002/2010/1530 2004/2012/1532 2003/2011/1531
f 2005/2013/1533 2006/2014/1534 2007/2015/1535
f 2006/2014/1534 2008/2016/1536 2007/2015/1535
f 2009/2017/1537 2010/2018/1538 2011/2019/1538
f 2010/2018/1538 2012/2020/1539 2011/2019/1538
f 2013/2021/1540 2014/2022/1541 2015/2023/1541
f 2014/2022/1541 2016/2024/1540 2015/2023/1541
f 2017/2025/1542 2018/2026/1543 2019/2027/1544
f 2018/2026/1543 2020/2028/1544 2019/2027/1544
f 2021/2029/1545 2022/2030/1545 2023/2031/1546
f 2022/2030/1545 2024/2032/1547 2023/2031/1546
f 2025/2033/1548 2026/2034/1549 2027/2035/1550
f 2026/2034/1549 2028/2036/1549 2027/2035/1550
f 2029/2037/1551 2030/2038/1552 2031/2039/1551
f 2030/2038/1552 2032/2040/1551 2031/2039/1551
f 2033/2041/1553 2034/2042/1554 2035/2043/1555
f 2034/2042/1554 2036/2044/1556 2035/2043/1555
f 2037/2045/1557 2038/2046/1558 2039/2047/1558
f 2038/2046/1558 2040/2048/1558 2039/2047/1558
f 2041/2049/1559 2042/2050/1559 2043/2051/1559
f 2042/2050/1559 2044/2052/1559 2043/2051/1559
f 2045/2053/1560 2046/2054/1560 2047/2055/1560
f 2046/2054/1560 2048/2056/1560 2047/2055/1560
f 2049/2057/1561 2050/2058/1561 2051/2059/1561
f 2050/2058/1561 2052/2060/1562 2051/2059/1561
f 2053/2061/1563 2054/2062/1564 2055/2063/1565
f 2054/2062/1564 2056/2064/1566 2055/2063/1565
f 2057/2065/1567 2058/2066/1568 2059/2067/1568
f 2058/2066/1568 2060/2068/1568 2059/2067/1568
f 2061/2069/1569 2062/2070/1570 2063/2071/1571
f 2062/2070/1570 2064/2072/1572 2063/2071/1571
f 2065/2073/1573 2066/2074/1573 2067/2075/1574
f 2066/2074/1573 2068/2076/1575 2067/2075/1574
f 2069/2077/1576 2070/2078/1577 2071/2079/1578
f 2070/2078/1577 2072/2080/1579 2071/2079/1578
f 2073/2081/1580 2074/2082/1580 2075/2083/1581
f 2074/2082/1580 2076/2084/1582 2075/2083/1581
f 2077/2085/1583 2078/2086/1583 2079/2087/1584
f 2078/2086/1583 2080/2088/1585 2079/2087/1584
f 2081/2089/1586 2082/2090/1587 2083/2091/1588
f 2082/2090/1587 2084/2092/1589 2083/2091/1588
f 2085/2093/1590 2086/2094/1591 2087/2095/1592
f 2086/2094/1591 2088/2096/1592 2087/2095/1592
f 2089/2097/1593 2090/2098/1594 2091/2099/1595
f 2090/2098/1594 2092/2100/1596 2091/2099/1595
f 2093/2101/1597 2094/2102/1598 2095/2103/1599
f 2094/2102/1598 2096/2104/1599 2095/2103/1599
f 2097/2105/1600 2098/2106/1601 2099/2107/1601
f 2098/2106/1601 2100/2108/1602 2099/2107/1601
f 2101/2109/1603 2102/2110/1604 2103/2111/1604
f 2102/2110/1604 2104/2112/1604 2103/2111/1604
f 2105/2113/1605 2106/2114/1605 2107/2115/1605
f 2106/2114/1605 2108/2116/1605 2107/2115/1605
f 2109/2117/1606 2110/2118/1606 2111/2119/1607
f 2110/2118/1606 2112/2120/1608 2111/2119/1607
f 2113/2121/1609 2114/2122/1610 2115/2123/1611
f 2114/2122/1610 2116/2124/1612 2115/2123/1611
f 2117/2125/1613 2118/2126/1614 2119/2127/1615
f 2118/2126/1614 2120/2128/1613 2119/2127/1615
f 2121/2129/1616 2122/2130/1617 2123/2131/1617
f 2122/2130/1617 2124/2132/1618 2123/2131/1617
f 2125/2133/1619 2126/2134/1620 2127/2135/1621
f 2126/2134/1620 2128/2136/1622 2127/2135/1621
f 2129/2137/1623 2130/2138/1623 2131/2139/1623
f 2130/2138/1623 2132/2140/1624 2131/2139/1623
f 2133/2141/1625 2134/2142/1626 2135/2143/1627
f 2134/2142/1626 2136/2144/1628 2135/2143/1627
f 2137/2145/1629 2138/2146/1629 2139/2147/1629
f 2138/2146/1629 2140/2148/1630 2139/2147/1629
f 2141/2149/1631 2142/2150/1631 2143/2151/1632
f 2142/2150/1631 2144/2152/1633 2143/2151/1632
f 2145/2153/1634 2146/2154/1635 2147/2155/1634
f 2146/2154/1635 2148/2156/1634 2147/2155/1634
f 2149/2157/1636 2150/2158/1637 2151/2159/1637
f 2150/2158/1637 2152/2160/1638 2151/2159/1637
f 2153/2161/1639 2154/2162/1640 2155/2163/1640
f 2154/2162/1640 2156/2164/1641 2155/2163/1640
f 2157/2165/1642 2158/2166/1643 2159/2167/1644
f 2158/2166/1643 2160/2168/1645 2159/2167/1644
f 2161/2169/1646 2162/2170/1647 2163/2171/1648
f 2162/2170/1647 2164/2172/1648 2163/2171/1648
f 2165/2173/1649 2166/2174/1650 2167/2175/1650
f 2166/2174/1650 2168/2176/1650 2167/2175/1650
f 2169/2177/1651 2170/2178/1651 2171/2179/1651
f 2170/2178/1651 2172/2180/1652 2171/2179/1651
f 2173/2181/1653 2174/2182/1654 2175/2183/1655
f 2174/2182/1654 2176/2184/1656 2175/2183/1655
f 2177/2185/1657 2178/2186/1658 2179/2187/1659
f 2178/2186/1658 2180/2188/1660 2179/2187/1659
f 2181/2189/1661 2182/2190/1662 2183/2191/1662
f 2182/2190/1662 2184/2192/1662 2183/2191/1662
f 2185/2193/1663 2186/2194/1663 2187/2195/1664
f 2186/2194/1663 2188/2196/1664 2187/2195/1664
f 2189/2197/1665 2190/2198/1665 2191/2199/1665
f 2190/2198/1665 2192/2200/1666 2191/2199/1665
f 2193/2201/1667 2194/2202/1668 2195/2203/1668
f 2194/2202/1668 2196/2204/1668 2195/2203/1668
f 2197/2205/1669 2198/2206/1670 2199/2207/1671
f 2198/2206/1670 2200/2208/1672 2199/2207/1671
f 2201/2209/1673 2202/2210/1673 2203/2211/1674
f 2202/2210/1673 2204/2212/1675 2203/2211/1674
f 2205/2213/1676 2206/2214/1677 2207/2215/1677
f 2206/2214/1677 2208/2216/1678 2207/2215/1677
f 2209/2217/1679 2210/2218/1680 2211/2219/1681
f 2210/2218/1680 2212/2220/1681 2211/2219/1681
f 2213/2221/1682 2214/2222/1682 2215/2223/1683
f 2214/2222/1682 2216/2224/1684 2215/2223/1683
f 2217/2225/1685 2218/2226/1686 2219/2227/1687
f 2218/2226/1686 2220/2228/1688 2219/2227/1687
f 2221/2229/1689 2222/2230/1690 2223/2231/1691
f 2222/2230/1690 2224/2232/1692 2223/2231/1691
f 2225/2233/1693 2226/2234/1694 2227/2235/1694
f 2226/2234/1694 2228/2236/1694 2227/2235/1694
f 2229/2237/1695 2230/2238/1696 2231/2239/1695
f 2230/2238/1696 2232/2240/1695 2231/2239/1695
f 2233/2241/1697 2234/2242/1698 2235/2243/1699
f 2234/2242/1698 2236/2244/1700 2235/2243/1699
f 2237/2245/1701 2238/2246/1702 2239/2247/1702
f 2238/2246/1702 2240/2248/1703 2239/2247/1702
f 2241/2249/1704 2242/2250/1705 2243/2251/1706
f 2242/2250/1705 2244/2252/1706 2243/2251/1706
f 2245/2253/1707 2246/2254/1708 2247/2255/1709
f 2246/2254/1708 2248/2256/1709 2247/2255/1709
f 2249/2257/1710 2250/2258/1710 2251/2259/1710
f 2250/2258/1710 2252/2260/1711 2251/2259/1710
f 2253/2261/1712 2254/2262/1712 2255/2263/1712
f 2254/2262/1712 2256/2264/1712 2255/2263/1712
f 2257/2265/1713 2258/2266/1714 2259/2267/1714
f 2258/2266/1714 2260/2268/1715 2259/2267/1714
f 2261/2269/1716 2262/2270/1717 2263/2271/1718
f 2262/2270/1717 2264/2272/1719 2263/2271/1718
f 2265/2273/1720 2266/2274/1721 2267/2275/1722
f 2266/2274/1721 2268/2276/1723 2267/2275/1722
f 2269/2277/1724 2270/2278/1724 2271/2279/1725
f 2270/2278/1724 2272/2280/1726 2271/2279/1725
f 2273/2281/1727 2274/2282/1727 2275/2283/1728
f 2274/2282/1727 2276/2284/1727 2275/2283/1728
f 2277/2285/1729 2278/2286/1730 2279/2287/1730
f 2278/2286/1730 2280/2288/1731 2279/2287/1730
f 2281/2289/1732 2282/2290/1733 2283/2291/1734
f 2282/2290/1733 2284/2292/1734 2283/2291/1734
f 2285/2293/1735 2286/2294/1735 2287/2295/1735
f 2286/2294/1735 2288/2296/1735 2287/2295/1735
f 2289/2297/1736 2290/2298/1737 2291/2299/1738
f 2290/2298/1737 2292/2300/1739 2291/2299/1738
f 2293/2301/1740 2294/2302/1740 2295/2303/1741
f 2294/2302/1740 2296/2304/1741 2295/2303/1741
f 2297/2305/1742 2298/2306/1742 2299/2307/1742
f 2298/2306/1742 2300/2308/1742 2299/2307/1742
f 2301/2309/1743 2302/2310/1744 2303/2311/1745
f 2302/2310/1744 2304/2312/1743 2303/2311/1745
f 2305/2313/1746 2306/2314/1747 2307/2315/1748
f 2306/2314/1747 2308/2316/1749 2307/2315/1748
f 2309/2317/1750 2310/2318/1751 2311/2319/1752
f 2310/2318/1751 2312/2320/1752 2311/2319/1752
f 2313/2321/1753 2314/2322/1753 2315/2323/1753
f 2314/2322/1753 2316/2324/1754 2315/2323/1753
f 2317/2325/1755 2318/2326/1755 2319/2327/1756
f 2318/2326/1755 2320/2328/1755 2319/2327/1756
f 2321/2329/1757 2322/2330/1758 2323/2331/1758
f 2322/2330/1758 2324/2332/1759 2323/2331/1758
f 2325/2333/1760 2326/2334/1761 2327/2335/1762
f 2326/2334/1761 2328/2336/1763 2327/2335/1762
f 2329/2337/1764 2330/2338/1765 2331/2339/1764
f 2330/2338/1765 2332/2340/1765 2331/2339/1764
f 2333/2341/1766 2334/2342/1767 2335/2343/1766
f 2334/2342/1767 2336/2344/1768 2335/2343/1766
f 2337/2345/1769 2338/2346/1769 2339/2347/1770
f 2338/2346/1769 2340/2348/1769 2339/2347/1770
f 2341/2349/1771 2342/2350/1772 2343/2351/1773
f 2342/2350/1772 2344/2352/1773 2343/2351/1773
f 2345/2353/1774 2346/2354/1775 2347/2355/1774
f 2346/2354/1775 2348/2356/1774 2347/2355/1774
f 2349/2357/1776 2350/2358/1776 2351/2359/1777
f 2350/2358/1776 2352/2360/1777 2351/2359/1777
f 2353/2361/1778 2354/2362/1779 2355/2363/1780
f 2354/2362/1779 2356/2364/1781 2355/2363/1780
f 2357/2365/1782 2358/2366/1783 2359/2367/1784
f 2358/2366/1783 2360/2368/1785 2359/2367/1784
f 2361/2369/1786 2362/2370/1787 2363/2371/1788
f 2362/2370/1787 2364/2372/1788 2363/2371/1788
f 2365/2373/1789 2366/2374/1790 2367/2375/1791
f 2366/2374/1790 2368/2376/1791 2367/2375/1791
f 2369/2377/1792 2370/2378/1792 2371/2379/1793
f 2370/2378/1792 2372/2380/1794 2371/2379/1793
f 2373/2381/1795 2374/2382/1796 2375/2383/1797
f 2374/2382/1796 2376/2384/1798 2375/2383/1797
f 2377/2385/1799 2378/2386/1800 2379/2387/1801
f 2378/2386/1800 2380/2388/1801 2379/2387/1801
f 2381/2389/1802 2382/2390/1803 2383/2391/1804
f 2382/2390/1803 2384/2392/1805 2383/2391/1804
f 2385/2393/1806 2386/2394/1806 2387/2395/1807
f 2386/2394/1806 2388/2396/1806 2387/2395/1807
f 2389/2397/1808 2390/2398/1809 2391/2399/1809
f 2390/2398/1809 2392/2400/1809 2391/2399/1809
f 2393/2401/1810 2394/2402/1810 2395/2403/1811
f 2394/2402/1810 2396/2404/1810 2395/2403/1811
f 2397/2405/1812 2398/2406/1812 2399/2407/1813
f 2398/2406/1812 2400/2408/1814 2399/2407/1813
f 2401/2409/1815 2402/2410/1816 2403/2411/1817
f 2402/2410/1816 2404/2412/1818 2403/2411/1817
f 2405/2413/1819 2406/2414/1820 2407/2415/1820
f 2406/2414/1820 2408/2416/1821 2407/2415/1820
f 2409/2417/1822 2410/2418/1823 2411/2419/1824
f 2410/2418/1823 2412/2420/1825 2411/2419/1824
f 2413/2421/1826 2414/2422/1827 2415/2423/1828
f 2414/2422/1827 2416/2424/1827 2415/2423/1828
f 2417/2425/1829 2418/2426/1830 2419/2427/1831
f 2418/2426/1830 2420/2428/1832 2419/2427/1831
f 2421/2429/1833 2422/2430/1834 2423/2431/1835
f 2422/2430/1834 2424/2432/1836 2423/2431/1835
f 2425/2433/1837 2426/2434/1838 2427/2435/1839
f 2426/2434/1838 2428/2436/1840 2427/2435/1839
f 2429/2437/1841 2430/2438/1842 2431/2439/1843
f 2430/2438/1842 2432/2440/1844 2431/2439/1843
f 2433/2441/1845 2434/2442/1846 2435/2443/1847
f 2434/2442/1846 2436/2444/1848 2435/2443/1847
f 2437/2445/1849 2438/2446/1850 2439/2447/1851
f 2438/2446/1850 2440/2448/1852 2439/2447/1851
f 2441/2449/1853 2442/2450/1854 2443/2451/1855
f 2442/2450/1854 2444/2452/1856 2443/2451/1855
f 2445/2453/1857 2446/2454/1858 2447/2455/1859
f 2446/2454/1858 2448/2456/1860 2447/2455/1859
f 2449/2457/1861 2450/2458/1861 2451/2459/1861
f 2450/2458/1861 2452/2460/1861 2451/2459/1861
f 2453/2461/1862 2454/2462/1863 2455/2463/1863
f 2454/2462/1863 2456/2464/1863 2455/2463/1863
f 2457/2465/1864 2458/2466/1864 2459/2467/1864
f 2458/2466/1864 2460/2468/1864 2459/2467/1864
f 2461/2469/1865 2462/2470/1865 2463/2471/1866
f 2462/2470/1865 2464/2472/1865 2463/2471/1866
f 2465/2473/1867 2466/2474/1868 2467/2475/1868
f 2466/2474/1868 2468/2476/1868 2467/2475/1868
f 2469/2477/1869 2470/2478/1870 2471/2479/1871
f 2470/2478/1870 2472/2480/1871 2471/2479/1871
f 2473/2481/1872 2474/2482/1873 2475/2483/1872
f 2474/2482/1873 2476/2484/1872 2475/2483/1872
f 2477/2485/1874 2478/2486/1875 2479/2487/1875
f 2478/2486/1875 2480/2488/1875 2479/2487/1875
f 2481/2489/1876 2482/2490/1877 2483/2491/1878
f 2482/2490/1877 2484/2492/1876 2483/2491/1878
f 2485/2493/1879 2486/2494/1879 2487/2495/1880
f 2486/2494/1879 2488/2496/1879 2487/2495/1880
f 2489/2497/1881 2490/2498/1881 2491/2499/1881
f 2490/2498/1881 2492/2500/1882 2491/2499/1881
f 2493/2501/1883 2494/2502/1883 2495/2503/1884
f 2494/2502/1883 2496/2504/1883 2495/2503/1884
f 2497/2505/1885 2498/2506/1886 2499/2507/1887
f 2498/2506/1886 2500/2508/1888 2499/2507/1887
f 2501/2509/1889 2502/2510/1889 2503/2511/1890
f 2502/2510/1889 2504/2512/1890 2503/2511/1890
f 2505/2513/1891 2506/2514/1892 2507/2515/1891
f 2506/2514/1892 2508/2516/1893 2507/2515/1891
f 2509/2517/1894 2510/2518/1894 2511/2519/1895
f 2510/2518/1894 2512/2520/1894 2511/2519/1895
f 2513/2521/1896 2514/2522/1897 2515/2523/1897
f 2514/2522/1897 2516/2524/1898 2515/2523/1897
f 2517/2525/1899 2518/2526/1900 2519/2527/1900
f 2518/2526/1900 2520/2528/1901 2519/2527/1900
f 2521/2529/1902 2522/2530/1902 2523/2531/1903
f 2522/2530/1902 2524/2532/1903 2523/2531/1903
f 2525/2533/1904 2526/2534/1904 2527/2535/1905
f 2526/2534/1904 2528/2536/1906 2527/2535/1905
f 2529/2537/1907 2530/2538/1907 2531/2539/1907
f 2530/2538/1907 2532/2540/1907 2531/2539/1907
f 2533/2541/1908 2534/2542/1909 2535/2543/1910
f 2534/2542/1909 2536/2544/1911 2535/2543/1910
f 2537/2545/1912 2538/2546/1912 2539/2547/1913
f 2538/2546/1912 2540/2548/1913 2539/2547/1913
f 2541/2549/1914 2542/2550/1914 2543/2551/1915
f 2542/2550/1914 2544/2552/1916 2543/2551/1915
f 2545/2553/1917 2546/2554/1917 2547/2555/1918
f 2546/2554/1917 2548/2556/1919 2547/2555/1918
f 2549/2557/1920 2550/2558/1921 2551/2559/1922
f 2550/2558/1921 2552/2560/1920 2551/2559/1922
f 2553/2561/1923 2554/2562/1924 2555/2563/1925
f 2554/2562/1924 2556/2564/1926 2555/2563/1925
f 2557/2565/1927 2558/2566/1928 2559/2567/1929
f 2558/2566/1928 2560/2568/1928 2559/2567/1929
f 2561/2569/1930 2562/2570/1931 2563/2571/1932
f 2562/2570/1931 2564/2572/1932 2563/2571/1932
f 2565/2573/1933 2566/2574/1933 2567/2575/1934
f 2566/2574/1933 2568/2576/1933 2567/2575/1934
f 2569/2577/1935 2570/2578/1936 2571/2579/1937
f 2570/2578/1936 2572/2580/1938 2571/2579/1937
f 2573/2581/1939 2574/2582/1939 2575/2583/1940
f 2574/2582/1939 2576/2584/1940 2575/2583/1940
f 2577/2585/1941 2578/2586/1941 2579/2587/1941
f 2578/2586/1941 2580/2588/1942 2579/2587/1941
f 2581/2589/1943 2582/2590/1944 2583/2591/1944
f 2582/2590/1944 2584/2592/1944 2583/2591/1944
f 2585/2593/1945 2586/2594/1945 2587/2595/1946
f 2586/2594/1945 2588/2596/1947 2587/2595/1946
f 2589/2597/1948 2590/2598/1948 2591/2599/1948
f 2590/2598/1948 2592/2600/1949 2591/2599/1948
f 2593/2601/1950 2594/2602/1951 2595/2603/1952
f 2594/2602/1951 2596/2604/1953 2595/2603/1952
f 2597/2605/1954 2598/2606/1954 2599/2607/1955
f 2598/2606/1954 2600/2608/1956 2599/2607/1955
f 2601/2609/1957 2602/2610/1957 2603/2611/1957
f 2602/2610/1957 2604/2612/1958 2603/2611/1957
f 2605/2613/1959 2606/2614/1960 2607/2615/1961
f 2606/2614/1960 2608/2616/1962 2607/2615/1961
f 2609/2617/1963 2610/2618/1964 2611/2619/1965
f 2610/2618/1964 2612/2620/1966 2611/2619/1965
f 2613/2621/1967 2614/2622/1968 2615/2623/1969
f 2614/2622/1968 2616/2624/1968 2615/2623/1969
f 2617/2625/1970 2618/2626/1971 2619/2627/1972
f 2618/2626/1971 2620/2628/1973 2619/2627/1972
f 2621/2629/1974 2622/2630/1975 2623/2631/1975
f 2622/2630/1975 2624/2632/1976 2623/2631/1975
f 2625/2633/1977 2626/2634/1977 2627/2635/1978
f 2626/2634/1977 2628/2636/1977 2627/2635/1978
f 2629/2637/1979 2630/2638/1979 2631/2639/1980
f 2630/2638/1979 2632/2640/1980 2631/2639/1980
f 2633/2641/1981 2634/2642/1982 2635/2643/1983
f 2634/2642/1982 2636/2644/1984 2635/2643/1983
f 2637/2645/1985 2638/2646/1986 2639/2647/1987
f 2638/2646/1986 2640/2648/1988 2639/2647/1987
f 2641/2649/1989 2642/2650/1990 2643/2651/1991
f 2642/2650/1990 2644/2652/1991 2643/2651/1991
f 2645/2653/1992 2646/2654/1993 2647/2655/1994
f 2646/2654/1993 2648/2656/1995 2647/2655/1994
f 2649/2657/1996 2650/2658/1997 2651/2659/1998
f 2650/2658/1997 2652/2660/1998 2651/2659/1998
f 2653/2661/1999 2654/2662/2000 2655/2663/2001
f 2654/2662/2000 2656/2664/2002 2655/2663/2001
f 2657/2665/2003 2658/2666/2004 2659/2667/2005
f 2658/2666/2004 2660/2668/2006 2659/2667/2005
f 2661/2669/2007 2662/2670/2008 2663/2671/2008
f 2662/2670/2008 2664/2672/2009 2663/2671/2008
f 2665/2673/2010 2666/2674/2011 2667/2675/2012
f 2666/2674/2011 2668/2676/2013 2667/2675/2012
f 2669/2677/2014 2670/2678/2015 2671/2679/2016
f 2670/2678/2015 2672/2680/2015 2671/2679/2016
f 2673/2681/2017 2674/2682/2018 2675/2683/2018
f 2674/2682/2018 2676/2684/2019 2675/2683/2018
f 2677/2685/2020 2678/2686/2021 2679/2687/2021
f 2678/2686/2021 2680/2688/2022 2679/2687/2021
f 2681/2689/2023 2682/2690/2024 2683/2691/2024
f 2682/2690/2024 2684/2692/2025 2683/2691/2024
f 2685/2693/2026 2686/2694/2026 2687/2695/2027
f 2686/2694/2026 2688/2696/2028 2687/2695/2027
f 2689/2697/2029 2690/2698/2030 2691/2699/2030
f 2690/2698/2030 2692/2700/2030 2691/2699/2030
f 2693/2701/2031 2694/2702/2032 2695/2703/2033
f 2694/2702/2032 2696/2704/2033 2695/2703/2033
f 2697/2705/2034 2698/2706/2035 2699/2707/2036
f 2698/2706/2035 2700/2708/2037 2699/2707/2036
f 2701/2709/2038 2702/2710/2039 2703/2711/2040
f 2702/2710/2039 2704/2712/2040 2703/2711/2040
f 2705/2713/2041 2706/2714/2042 2707/2715/2043
f 2706/2714/2042 2708/2716/2044 2707/2715/2043
f 2709/2717/2045 2710/2718/2046 2711/2719/2047
f 2710/2718/2046 2712/2720/2048 2711/2719/2047
f 2713/2721/2049 2714/2722/2050 2715/2723/2051
f 2714/2722/2050 2716/2724/2052 2715/2723/2051
f 2717/2725/2053 2718/2726/2054 2719/2727/2054
f 2718/2726/2054 2720/2728/2055 2719/2727/2054
f 2721/2729/2056 2722/2730/2057 2723/2731/2056
f 2722/2730/2057 2724/2732/2056 2723/2731/2056
f 2725/2733/2058 2726/2734/2059 2727/2735/2059
f 2726/2734/2059 2728/2736/2058 2727/2735/2059
f 2729/2737/2060 2730/2738/2061 2731/2739/2060
f 2730/2738/2061 2732/2740/2060 2731/2739/2060
f 2733/2741/2062 2734/2742/2062 2735/2743/2063
f 2734/2742/2062 2736/2744/2062 2735/2743/2063
f 2737/2745/2064 2738/2746/2065 2739/2747/2066
f 2738/2746/2065 2740/2748/2066 2739/2747/2066
f 2741/2749/2067 2738/2746/2065 2737/2745/2064
f 2739/2747/2066 2740/2748/2066 2742/2750/2068
f 2743/2751/2067 2741/2749/2067 2737/2745/2064
f 2744/2752/2069 2741/2749/2067 2743/2751/2067
f 2745/2753/2070 2744/2752/2069 2743/2751/2067
f 2740/2748/2066 2746/2754/2071 2742/2750/2068
f 2742/2750/2068 2746/2754/2071 2747/2755/2072
f 2746/2754/2071 2748/2756/2073 2747/2755/2072
f 2747/2755/2072 2748/2756/2073 2749/2757/2074
f 2748/2756/2073 2750/2758/2075 2749/2757/2074
f 2749/2757/2074 2750/2758/2075 2751/2759/2076
f 2750/2758/2075 2752/2760/2077 2751/2759/2076
f 2753/2761/2078 2754/2762/2078 2755/2763/2079
f 2754/2762/2078 2756/2764/2079 2755/2763/2079
f 2755/2763/2079 2756/2764/2079 2757/2765/2080
f 2756/2764/2079 2758/2766/2080 2757/2765/2080
f 2757/2765/2080 2758/2766/2080 2759/2767/2081
f 2758/2766/2080 2760/2768/2081 2759/2767/2081
f 2759/2769/2081 2760/2770/2081 2761/2771/1287
f 2760/2770/2081 2762/2772/2082 2761/2771/1287
f 2761/2771/1287 2762/2772/2082 2763/2773/2083
f 2762/2772/2082 2764/2774/2084 2763/2773/2083
f 2765/2775/1159 2766/2776/1158 2767/2777/2085
f 2766/2776/1158 2768/2778/2085 2767/2777/2085
f 2769/2779/2086 2766/2776/1158 2765/2775/1159
f 2770/2780/2086 2769/2779/2086 2765/2775/1159
f 2771/2781/2087 2769/2779/2086 2770/2780/2086
f 2772/2782/2087 2771/2781/2087 2770/2780/2086
f 2773/2783/1277 2771/2784/2087 2772/2785/2087
f 2774/2786/2088 2773/2783/1277 2772/2785/2087
f 2775/2787/2089 2773/2783/1277 2774/2786/2088
f 2776/2788/2089 2775/2787/2089 2774/2786/2088
f 2777/2789/2090 2778/2790/2091 2779/2791/1267
f 2778/2790/2091 2780/2792/1267 2779/2791/1267
f 2779/2791/1267 2780/2792/1267 2781/2793/2092
f 2780/2792/1267 2782/2794/2092 2781/2793/2092
f 2783/2795/2093 2778/2790/2091 2777/2789/2090
f 2784/2796/2093 2783/2795/2093 2777/2789/2090
f 2785/2797/2094 2783/2795/2093 2784/2796/2093
f 2786/2798/2094 2785/2797/2094 2784/2796/2093
f 2787/2799/2095 2785/2797/2094 2786/2798/2094
f 2788/2800/2095 2787/2799/2095 2786/2798/2094
f 2789/2801/2096 2790/2802/2096 2791/2803/2097
f 2790/2802/2096 2792/2804/2098 2791/2803/2097
f 2791/2803/2097 2792/2804/2098 2793/2805/2099
f 2792/2804/2098 2794/2806/2100 2793/2805/2099
f 2793/2805/2099 2794/2806/2100 2795/2807/2101
f 2794/2806/2100 2796/2808/2101 2795/2807/2101
f 2795/2807/2101 2796/2808/2101 2797/2809/2102
f 2796/2808/2101 2798/2810/2102 2797/2809/2102
f 2799/2811/2103 2800/2812/2104 2801/2813/2105
f 2800/2812/2104 2802/2814/2105 2801/2813/2105
f 2801/2813/2105 2802/2814/2105 2803/2815/2106
f 2802/2814/2105 2804/2816/2107 2803/2815/2106
f 2803/2815/2106 2804/2816/2107 2805/2817/2108
f 2804/2816/2107 2806/2818/2109 2805/2817/2108
f 2807/2819/2110 2808/2820/2111 2809/2821/2112
f 2808/2820/2111 2810/2822/1312 2809/2821/2112
f 2809/2821/2112 2810/2822/1312 2811/2823/2113
f 2810/2822/1312 2812/2824/2114 2811/2823/2113
f 2813/2825/2115 2814/2826/2116 2815/2827/2117
f 2814/2826/2116 2816/2828/2117 2815/2827/2117
f 2815/2827/2117 2816/2828/2117 2817/2829/2118
f 2816/2828/2117 2818/2830/2119 2817/2829/2118
f 2819/2831/2120 2820/2832/2121 2821/2833/2122
f 2820/2832/2121 2822/2834/2122 2821/2833/2122
f 2823/2835/2123 2820/2832/2121 2819/2831/2120
f 2824/2836/2123 2823/2835/2123 2819/2831/2120
f 2825/2837/2124 2826/2838/2125 2827/2839/2126
f 2826/2838/2125 2828/2840/2127 2827/2839/2126
f 2827/2839/2126 2828/2840/2127 2829/2841/1356
f 2828/2840/2127 2830/2842/1356 2829/2841/1356
f 2829/2841/1356 2830/2842/1356 2831/2843/2128
f 2830/2842/1356 2832/2844/2128 2831/2843/2128
f 2833/2845/2129 2834/2846/2129 2835/2847/2130
f 2834/2846/2129 2836/2848/2130 2835/2847/2130
f 2837/2849/2131 2834/2846/2129 2833/2845/2129
f 2838/2850/2132 2837/2849/2131 2833/2845/2129
f 2839/2851/2133 2840/2852/2134 2841/2853/1328
f 2840/2852/2134 2842/2854/2135 2841/2853/1328
f 2841/2853/1328 2842/2854/2135 2843/2855/2136
f 2842/2854/2135 2844/2856/2137 2843/2855/2136
f 2845/2857/2138 2846/2858/2138 2847/2859/2139
f 2846/2858/2138 2848/2860/1324 2847/2859/2139
f 2847/2859/2139 2848/2860/1324 2849/2861/2140
f 2848/2860/1324 2850/2862/2140 2849/2861/2140
f 2851/2863/2141 2852/2864/2141 2853/2865/2141
f 2852/2864/2141 2854/2866/2142 2853/2865/2141
f 2855/2867/2143 2856/2868/2143 2857/2869/2143
f 2856/2868/2143 2858/2870/2143 2857/2869/2143
f 2859/2871/2144 2860/2872/2144 2861/2873/2144
f 2860/2872/2144 2862/2874/2144 2861/2873/2144
f 2863/2875/2145 2864/2876/2145 2865/2877/2145
f 2864/2876/2145 2866/2878/2145 2865/2877/2145
f 2867/2879/2146 2868/2880/2146 2869/2881/2146
f 2868/2880/2146 2870/2882/2146 2869/2881/2146
f 2871/2883/2147 2872/2884/2147 2873/2885/2148
f 2872/2884/2147 2874/2886/2149 2873/2885/2148
f 2875/2887/2150 2872/2884/2147 2871/2883/2147
f 2876/2888/2151 2875/2887/2150 2871/2883/2147
f 2877/2889/2152 2878/2890/2153 2879/2891/2154
f 2878/2890/2153 2880/2892/2155 2879/2891/2154
f 2881/2893/2156 2878/2890/2153 2877/2889/2152
f 2882/2894/2157 2881/2893/2156 2877/2889/2152
f 2883/2895/2158 2884/2896/2158 2885/2897/2158
f 2884/2896/2158 2886/2898/2158 2885/2897/2158
f 2887/2899/2159 2888/2900/2160 2889/2901/2160
f 2888/2900/2160 2890/2902/2160 2889/2901/2160
f 2891/2903/2161 2892/2904/2161 2893/2905/2162
f 2892/2904/2161 2894/2906/2162 2893/2905/2162
f 2895/2907/2163 2892/2904/2161 2891/2903/2161
f 2896/2908/2164 2895/2907/2163 2891/2903/2161
f 2897/2909/2165 2898/2910/2166 2899/2911/2166
f 2898/2910/2166 2900/2912/2166 2899/2911/2166
f 2901/2913/2167 2902/2914/2167 2903/2915/2167
f 2902/2914/2167 2904/2916/2167 2903/2915/2167
f 2905/2917/2168 2906/2918/2169 2907/2919/2168
f 2906/2918/2169 2908/2920/2168 2907/2919/2168
f 2909/2921/1126 2910/2922/1126 2911/2923/2170
f 2910/2922/1126 2912/2924/1126 2911/2923/2170
f 2913/2925/2171 2914/2926/2171 2915/2927/2172
f 2914/2926/2171 2916/2928/2172 2915/2927/2172
f 2917/2929/2173 2918/2930/2173 2919/2931/2174
f 2918/2930/2173 2920/2932/2174 2919/2931/2174
f 2921/2933/2175 2922/2934/2176 2923/2935/2176
f 2922/2934/2176 2924/2936/2175 2923/2935/2176
f 2925/2937/2177 2926/2938/2178 2927/2939/2178
f 2926/2938/2178 2928/2940/2177 2927/2939/2178
f 2929/2941/2179 2930/2942/2179 2931/2943/2179
f 2930/2942/2179 2932/2944/2179 2931/2943/2179
f 2933/2945/2180 2934/2946/2181 2935/2947/2180
f 2934/2946/2181 2936/2948/2182 2935/2947/2180
f 2937/2949/2183 2938/2950/2183 2939/2951/2183
f 2938/2950/2183 2940/2952/2183 2939/2951/2183
f 2941/2953/2184 2942/2954/2185 2943/2955/2184
f 2942/2954/2185 2944/2956/2185 2943/2955/2184
f 2945/2957/2186 2946/2958/2186 2947/2959/2186
f 2946/2958/2186 2948/2960/2186 2947/2959/2186
f 2949/2961/2187 2950/2962/2187 2951/2963/2187
f 2950/2962/2187 2952/2964/2187 2951/2963/2187
f 2953/2965/2188 2954/2966/2188 2955/2967/2189
f 2954/2966/2188 2956/2968/1153 2955/2967/2189
f 2955/2967/2189 2956/2968/1153 2957/2969/2190
f 2956/2968/1153 2958/2970/2190 2957/2969/2190
f 2959/2971/2191 2960/2972/2192 2961/2973/2193
f 2960/2972/2192 2962/2974/2191 2961/2973/2193
f 2963/2975/2194 2964/2976/2195 2965/2977/2194
f 2964/2976/2195 2966/2978/2194 2965/2977/2194
f 2967/2979/2196 2968/2980/2196 2969/2981/2196
f 2968/2980/2196 2970/2982/2196 2969/2981/2196
f 2971/2983/2197 2972/2984/2197 2973/2985/2197
f 2972/2984/2197 2974/2986/2197 2973/2985/2197
f 2975/2987/2198 2976/2988/2198 2977/2989/2198
f 2976/2988/2198 2978/2990/2199 2977/2989/2198
f 2979/2991/2200 2980/2992/2201 2981/2993/2200
f 2980/2992/2201 2982/2994/2201 2981/2993/2200
f 2983/2995/2202 2984/2996/2202 2985/2997/2202
f 2984/2996/2202 2986/2998/2202 2985/2997/2202
f 2987/2999/2203 2988/3000/2204 2989/3001/2203
f 2988/3000/2204 2987/2999/2203 2990/3002/2205
f 2990/3002/2205 2991/3003/2206 2988/3000/2204
f 2991/3003/2206 2990/3002/2205 2992/3004/2206
f 2992/3004/2206 2993/3005/2207 2991/3003/2206
f 2993/3005/2207 2992/3004/2206 2994/3006/2207
f 2995/3007/2208 2996/3008/2209 2997/3009/2210
f 2996/3008/2209 2995/3007/2208 2998/3010/2208
f 2999/3011/2211 2998/3010/2208 2995/3007/2208
f 2998/3010/2208 2999/3011/2211 3000/3012/2211
f 3001/3013/2212 3000/3012/2211 2999/3011/2211
f 3000/3012/2211 3001/3013/2212 3002/3014/2212
f 3003/3015/2213 3004/3016/2214 3005/3017/2214
f 3004/3016/2214 3003/3015/2213 3006/3018/2213
f 3007/3019/2215 3006/3018/2213 3003/3015/2213
f 3006/3018/2213 3007/3019/2215 3008/3020/2216
f 3009/3021/2217 3008/3020/2216 3007/3019/2215
f 3008/3020/2216 3009/3021/2217 3010/3022/2217
f 3011/3023/2218 3012/3024/2219 3013/3025/2220
f 3011/3023/2218 3013/3025/2220 3014/3026/2221
f 3015/3027/2222 3012/3024/2219 3011/3023/2218
f 3015/3027/2222 3016/3028/2223 3012/3024/2219
f 3017/3029/2224 3016/3028/2223 3015/3027/2222
f 3017/3029/2224 3018/3030/2224 3016/3028/2223
f 3019/3031/2225 3020/3032/2225 3021/3033/2226
f 3019/3031/2225 3021/3033/2226 3022/3034/2226
f 3023/3035/2227 3020/3032/2225 3019/3031/2225
f 3023/3035/2227 3024/3036/2228 3020/3032/2225
f 3025/3037/2229 3024/3036/2228 3023/3035/2227
f 3025/3037/2229 3026/3038/2229 3024/3036/2228
f 3027/3039/2102 3028/3040/2230 3029/3041/2231
f 3028/3040/2230 3027/3039/2102 3030/3042/2230
f 3029/3041/2231 3031/3043/2232 3027/3039/2102
f 3031/3043/2232 3029/3041/2231 3032/3044/2233
f 3032/3044/2233 3033/3045/2234 3031/3043/2232
f 3033/3045/2234 3032/3044/2233 3034/3046/2235
f 3035/3047/2236 3036/3048/2237 3037/3049/2238
f 3036/3048/2237 3035/3047/2236 3038/3050/2239
f 3037/3049/2238 3039/3051/2240 3035/3047/2236
f 3039/3051/2240 3037/3049/2238 3040/3052/2241
f 3040/3052/2241 3041/3053/2242 3039/3051/2240
f 3041/3053/2242 3040/3052/2241 3042/3054/2243
f 3043/3055/2244 3044/3056/2245 3045/3057/2244
f 3044/3056/2245 3043/3055/2244 3046/3058/2246
f 3046/3058/2246 3047/3059/2247 3044/3056/2245
f 3047/3059/2247 3046/3058/2246 3048/3060/2247
f 3048/3060/2247 3049/3061/2248 3047/3059/2247
f 3047/3059/2247 3049/3061/2248 3050/3062/2248
f 3051/3063/1357 3052/3064/2249 3053/3065/2250
f 3051/3063/1357 3053/3065/2250 3054/3066/2124
f 3055/3067/2251 3052/3064/2249 3051/3063/1357
f 3055/3067/2251 3056/3068/2251 3052/3064/2249
f 3057/3069/2252 3058/3070/2253 3059/3071/2254
f 3059/3071/2254 3058/3070/2253 3060/3072/2255
f 3058/3070/2253 3061/3073/2114 3060/3072/2255
f 3060/3072/2255 3061/3073/2114 3062/3074/2256
f 3063/3075/2257 3064/3076/1266 3065/3077/2258
f 3065/3077/2258 3064/3076/1266 3066/3078/1266
f 3064/3076/1266 3067/3079/2259 3066/3078/1266
f 3066/3078/1266 3067/3079/2259 3068/3080/2259
f 3069/3081/2260 3070/3082/2261 3071/3083/2260
f 3070/3082/2261 3069/3081/2260 3072/3084/2261
f 3073/3085/2262 3070/3082/2261 3072/3084/2261
f 3070/3082/2261 3073/3085/2262 3074/3086/2263
f 3075/3087/2264 3076/3088/2265 3077/3089/2266
f 3076/3088/2265 3075/3087/2264 3078/3090/2265
f 3079/3091/2267 3076/3088/2265 3078/3090/2265
f 3076/3088/2265 3079/3091/2267 3080/3092/2268
f 3081/3093/2269 3082/3094/2269 3083/3095/2270
f 3081/3093/2269 3083/3095/2270 3084/3096/2270
f 3081/3093/2269 3085/3097/2271 3082/3094/2269
f 3085/3097/2271 3081/3093/2269 3086/3098/2146
f 3087/3099/2272 3088/3100/2273 3089/3101/2272
f 3088/3100/2273 3087/3099/2272 3090/3102/2274
f 3087/3099/2272 3089/3101/2272 3091/3103/2275
f 3092/3104/2275 3087/3099/2272 3091/3103/2275
f 3093/3105/1262 3094/3106/2276 3095/3107/2277
f 3094/3106/2276 3093/3105/1262 3096/3108/2278
f 3093/3105/1262 3095/3107/2277 3097/3109/2279
f 3098/3110/2280 3093/3105/1262 3097/3109/2279
f 3099/3111/2281 3100/3112/2281 3101/3113/2281
f 3100/3112/2281 3102/3114/2281 3101/3113/2281
f 3103/3115/2281 3102/3114/2281 3100/3112/2281
f 3104/3116/2281 3102/3114/2281 3103/3115/2281
f 3102/3114/2281 3104/3116/2281 3105/3117/2281
f 3106/3118/2281 3105/3117/2281 3104/3116/2281
f 3105/3117/2281 3106/3118/2281 3107/3119/2281
f 3108/3120/2281 3107/3119/2281 3106/3118/2281
f 3107/3119/2281 3108/3120/2281 3109/3121/2281
f 3110/3122/2281 3109/3121/2281 3108/3120/2281
f 3109/3121/2281 3110/3122/2281 3111/3123/2281
f 3111/3123/2281 3110/3122/2281 3112/3124/2281
f 3112/3124/2281 3110/3122/2281 3113/3125/2281
f 3112/3124/2281 3113/3125/2281 3114/3126/2281
f 3115/3127/2282 3116/3128/2282 3117/3129/2282
f 3117/3129/2282 3118/3130/2282 3115/3127/2282
f 3119/3131/2282 3118/3130/2282 3117/3129/2282
f 3119/3131/2282 3120/3132/2282 3118/3130/2282
f 3121/3133/2282 3120/3132/2282 3119/3131/2282
f 3122/3134/2282 3120/3132/2282 3121/3133/2282
f 3120/3132/2282 3122/3134/2282 3123/3135/2282
f 3123/3135/2282 3122/3134/2282 3124/3136/2282
f 3124/3136/2282 3122/3134/2282 3125/3137/2282
f 3126/3138/2282 3124/3136/2282 3125/3137/2282
f 3124/3136/2282 3126/3138/2282 3127/3139/2282
f 3128/3140/2282 3127/3139/2282 3126/3138/2282
f 3127/3139/2282 3128/3140/2282 3129/3141/2282
f 3129/3141/2282 3128/3140/2282 3130/3142/2282
f 3130/3142/2282 3128/3140/2282 3131/3143/2282
f 3130/3142/2282 3131/3143/2282 3132/3144/2282
f 3132/3144/2282 3131/3143/2282 3133/3145/2282
f 3132/3144/2282 3133/3145/2282 3134/3146/2282
f 3134/3146/2282 3133/3145/2282 3135/3147/2282
f 3136/3148/2282 3134/3146/2282 3135/3147/2282
f 3134/3146/2282 3136/3148/2282 3137/3149/2282
f 3138/3150/2282 3137/3149/2282 3136/3148/2282
f 3139/3151/2281 3140/3152/2281 3141/3153/2281
f 3141/3153/2281 3140/3152/2281 3142/3154/2281
f 3142/3154/2281 3140/3152/2281 3143/3155/2281
f 3143/3155/2281 3140/3152/2281 3144/3156/2281
f 3144/3156/2281 3140/3152/2281 3145/3157/2281
f 3145/3157/2281 3140/3152/2281 3146/3158/2281
f 3147/3159/2281 3140/3160/2281 3148/3161/2281
f 3148/3161/2281 3140/3160/2281 3149/3162/2281
f 3149/3162/2281 3140/3160/2281 3150/3163/2281
f 3151/3164/2281 3140/3160/2281 3147/3159/2281
f 3152/3165/2281 3140/3160/2281 3151/3164/2281
f 3153/3166/2281 3140/3160/2281 3152/3165/2281
f 3154/3167/2281 3140/3168/2281 3155/3169/2281
f 3156/3170/2281 3140/3168/2281 3154/3167/2281
f 3157/3171/2281 3140/3168/2281 3156/3170/2281
f 3158/3172/2281 3140/3168/2281 3157/3171/2281
f 3159/3173/2281 3140/3168/2281 3158/3172/2281
f 3160/3174/2281 3140/3168/2281 3159/3173/2281
f 3161/3175/2281 3140/3176/2281 3162/3177/2281
f 3162/3177/2281 3140/3176/2281 3163/3178/2281
f 3163/3178/2281 3140/3176/2281 3164/3179/2281
f 3164/3179/2281 3140/3176/2281 3165/3180/2281
f 3165/3180/2281 3140/3176/2281 3166/3181/2281
f 3166/3181/2281 3140/3176/2281 3167/3182/2281
f 3168/3183/2283 3169/3184/2284 3170/3185/2285
f 3169/3184/2284 3168/3183/2283 3171/3186/1261
f 3168/3183/2283 3172/3187/2286 3173/3188/2287
f 3168/3183/2283 3173/3188/2287 3171/3186/1261
f 3174/3189/1324 3175/3190/2288 3176/3191/2288
f 3174/3189/1324 3176/3191/2288 3177/3192/2289
f 3178/3193/2290 3174/3189/1324 3177/3192/2289
f 3179/3194/2291 3174/3189/1324 3178/3193/2290
f 3180/3195/2292 3181/3196/2293 3182/3197/2294
f 3183/3198/2295 3184/3199/2296 3185/3200/2296
f 3183/3198/2295 3185/3200/2296 3186/3201/2297
f 3187/3202/2265 3185/3200/2296 3188/3203/2265
f 3184/3199/2296 3188/3203/2265 3185/3200/2296
f 3189/3204/1153 3190/3205/2298 3191/3206/1151
f 3192/3207/2299 3193/3208/1277 3194/3209/2300
f 3195/3210/1310 3196/3211/2301 3197/3212/1310
f 3197/3212/1310 3196/3211/2301 3198/3213/1269
f 3197/3212/1310 3199/3214/2302 3200/3215/2303
f 3200/3215/2303 3195/3210/1310 3197/3212/1310
f 3201/3216/2304 3202/3217/2305 3203/3218/2304
f 3175/3190/2288 3204/3219/2306 3205/3220/2307
f 3175/3190/2288 3205/3220/2307 3176/3191/2288
f 3181/3221/2293 3205/3220/2307 3204/3219/2306
f 3205/3220/2307 3181/3221/2293 3206/3222/2293
f 3181/3196/2293 3180/3195/2292 3206/3223/2293
f 3182/3197/2294 3207/3224/2308 3180/3195/2292
f 3182/3197/2294 3208/3225/2308 3207/3224/2308
f 3209/3226/2309 3169/3184/2284 3210/3227/2309
f 3169/3184/2284 3209/3226/2309 3170/3185/2285
f 3211/3228/1284 3209/3226/2309 3210/3227/2309
f 3211/3228/1284 3210/3227/2309 3212/3229/1284
f 3201/3216/2304 3211/3230/1284 3212/3231/1284
f 3211/3230/1284 3201/3216/2304 3203/3218/2304
f 3213/3232/2310 3203/3218/2304 3202/3217/2305
f 3214/3233/2311 3183/3198/2295 3186/3201/2297
f 3214/3233/2311 3186/3201/2297 3215/3234/2311
f 3215/3234/2311 3216/3235/2312 3214/3233/2311
f 3217/3236/1123 3214/3233/2311 3216/3235/2312
f 3216/3235/2312 3189/3204/1153 3217/3236/1123
f 3218/3237/1153 3217/3236/1123 3189/3204/1153
f 3191/3206/1151 3218/3237/1153 3189/3204/1153
f 3194/3209/2300 3219/3238/2313 3220/3239/2314
f 3220/3239/2314 3192/3207/2299 3194/3209/2300
f 3221/3240/1267 3220/3239/2314 3219/3238/2313
f 3194/3209/2300 3193/3208/1277 3222/3241/1277
f 3219/3238/2313 3223/3242/1267 3221/3240/1267
f 3198/3213/1269 3221/3240/1267 3223/3242/1267
f 3196/3211/2301 3221/3240/1267 3198/3213/1269
f 3224/3243/1346 3225/3244/2315 3226/3245/1346
f 3227/3246/2316 3224/3243/1346 3226/3245/1346
f 3228/3247/2316 3224/3243/1346 3227/3246/2316
f 3225/3244/2315 3224/3243/1346 3229/3248/2317
f 3229/3248/2317 3230/3249/2147 3225/3244/2315
f 3230/3249/2147 3229/3248/2317 3231/3250/2147
f 3231/3250/2147 3232/3251/2318 3230/3249/2147
f 3230/3249/2147 3232/3251/2318 3233/3252/2318
f 3232/3251/2318 3234/3253/2319 3233/3252/2318
f 3233/3252/2318 3234/3253/2319 3235/3254/2320
f 3234/3253/2319 3236/3255/2321 3235/3254/2320
f 3234/3253/2319 3237/3256/2321 3236/3255/2321
f 3238/3257/2282 3239/3258/2282 3240/3259/2282
f 3239/3258/2282 3238/3257/2282 3241/3260/2282
f 3240/3259/2282 3242/3261/2282 3238/3257/2282
f 3241/3260/2282 3243/3262/2282 3239/3258/2282
f 3240/3259/2282 3244/3263/2282 3242/3261/2282
f 3243/3262/2282 3241/3260/2282 3245/3264/2282
f 3244/3263/2282 3246/3265/2282 3242/3261/2282
f 3245/3264/2282 3247/3266/2282 3243/3262/2282
f 3244/3263/2282 3248/3267/2282 3246/3265/2282
f 3247/3266/2282 3245/3264/2282 3249/3268/2282
f 3250/3269/2282 3246/3265/2282 3248/3267/2282
f 3249/3268/2282 3251/3270/2282 3247/3266/2282
f 3248/3267/2282 3252/3271/2282 3250/3269/2282
f 3249/3268/2282 3253/3272/2282 3251/3270/2282
f 3254/3273/2282 3250/3269/2282 3252/3271/2282
f 3255/3274/2282 3251/3270/2282 3253/3272/2282
f 3254/3273/2282 3252/3271/2282 3256/3275/2282
f 3253/3272/2282 3257/3276/2282 3255/3274/2282
f 3258/3277/2282 3255/3274/2282 3257/3276/2282
f 3258/3277/2282 3257/3276/2282 3259/3278/2282
f 3256/3275/2282 3260/3279/2282 3254/3273/2282
f 3260/3279/2282 3256/3275/2282 3261/3280/2282
f 3261/3280/2282 3262/3281/2282 3260/3279/2282
f 3262/3281/2282 3261/3280/2282 3263/3282/2282
f 3263/3282/2282 3264/3283/2282 3262/3281/2282
f 3263/3282/2282 3265/3284/2282 3264/3283/2282
f 3265/3284/2282 3266/3285/2282 3264/3283/2282
f 3265/3284/2282 3267/3286/2282 3266/3285/2282
f 3268/3287/2282 3266/3285/2282 3267/3286/2282
f 3267/3286/2282 3269/3288/2282 3268/3287/2282
f 3270/3289/2282 3268/3287/2282 3269/3288/2282
f 3270/3289/2282 3269/3288/2282 3271/3290/2282
f 3272/3291/2282 3270/3289/2282 3271/3290/2282
f 3272/3291/2282 3271/3290/2282 3273/3292/2282
f 3273/3292/2282 3274/3293/2282 3272/3291/2282
f 3274/3293/2282 3273/3292/2282 3275/3294/2282
f 3275/3294/2282 3276/3295/2282 3274/3293/2282
f 3276/3295/2282 3275/3294/2282 3277/3296/2282
f 3277/3296/2282 3278/3278/2282 3276/3295/2282
f 3277/3296/2282 3279/3277/2282 3278/3278/2282
f 3280/3297/2322 3281/3298/2323 3282/3299/2324
f 3281/3298/2323 3280/3297/2322 3283/3300/2322
f 3280/3297/2322 3284/3301/2325 3283/3300/2322
f 3284/3301/2325 3280/3297/2322 3285/3302/2325
f 3286/3303/2326 3287/3304/2327 3288/3305/2328
f 3287/3304/2327 3286/3303/2326 3289/3306/2326
f 3287/3304/2327 3290/3307/2329 3288/3305/2328
f 3290/3307/2329 3287/3304/2327 3291/3308/2330
f 3292/3309/2331 3293/3310/2332 3294/3311/2333
f 3293/3310/2332 3292/3309/2331 3295/3312/2331
f 3292/3309/2331 3296/3313/2334 3295/3312/2331
f 3296/3313/2334 3292/3309/2331 3297/3314/2334
f 3298/3315/2335 3299/3316/2336 3300/3317/2336
f 3299/3316/2336 3298/3315/2335 3301/3318/2337
f 3298/3315/2335 3302/3319/2338 3301/3318/2337
f 3302/3319/2338 3298/3315/2335 3303/3320/2339
f 3304/3321/2340 3305/3322/2341 3306/3323/2342
f 3305/3322/2341 3304/3321/2340 3307/3324/2343
f 3305/3322/2341 3308/3325/2344 3306/3323/2342
f 3308/3325/2344 3305/3322/2341 3309/3326/2345
f 3310/3327/2346 3311/3328/2347 3312/3329/2348
f 3313/3330/2349 3314/3331/2350 3315/3332/2351
f 3316/3333/2352 3317/3334/2353 3318/3335/2354
f 3316/3333/2352 3319/3336/2355 3317/3334/2353
f 3318/3335/2354 3317/3334/2353 3320/3337/2356
f 3318/3335/2354 3320/3337/2356 3321/3338/2357
f 3322/3339/2358 3323/3340/2359 3324/3341/2360
f 3322/3339/2358 3324/3341/2360 3325/3342/2361
f 3324/3341/2360 3323/3340/2359 3326/3343/2362
f 3326/3343/2362 3323/3340/2359 3327/3344/2363
f 3328/3345/2364 3329/3346/2365 3330/3347/2366
f 3328/3348/2364 3331/3349/2367 3329/3350/2365
f 3331/3349/2367 3332/3351/2368 3329/3350/2365
f 3330/3347/2366 3329/3346/2365 3333/3352/2369
f 3330/3347/2366 3333/3352/2369 3334/3353/2370
f 3335/3354/2371 3336/3355/2372 3337/3356/2373
f 3335/3357/2371 3337/3358/2373 3338/3359/2374
f 3338/3359/2374 3337/3358/2373 3339/3360/2375
f 3337/3356/2373 3336/3355/2372 3340/3361/2376
f 3340/3361/2376 3336/3355/2372 3341/3362/2377
f 3342/3363/2378 3343/3364/2379 3344/3365/2380
f 3342/3363/2378 3345/3366/2381 3343/3364/2379
f 3345/3367/2381 3346/3368/2382 3343/3369/2379
f 3344/3365/2380 3343/3364/2379 3347/3370/2383
f 3344/3365/2380 3347/3370/2383 3348/3371/2384
f 3349/3372/2385 3350/3373/2386 3351/3374/2387
f 3352/3375/2388 3350/3373/2386 3349/3372/2385
f 3350/3373/2386 3352/3375/2388 3353/3376/2389
f 3349/3372/2385 3351/3374/2387 3354/3377/2390
f 3355/3378/2391 3354/3377/2390 3351/3374/2387
f 3354/3377/2390 3355/3378/2391 3356/3379/2392
f 3349/3372/2385 3354/3377/2390 3357/3380/2393
f 3357/3381/2393 3354/3382/2390 3358/3383/2394
f 3359/3384/2395 3360/3385/2396 3361/3386/2397
f 3361/3386/2397 3362/3387/2398 3359/3384/2395
f 3362/3387/2398 3361/3386/2397 3363/3388/2399
f 3359/3384/2395 3364/3389/2400 3360/3385/2396
f 3364/3389/2400 3365/3390/2401 3360/3385/2396
f 3365/3390/2401 3364/3389/2400 3366/3391/2402
f 3359/3384/2395 3367/3392/2403 3364/3389/2400
f 3367/3393/2403 3368/3394/2404 3364/3395/2400
f 3319/3396/2355 3369/3397/2405 3317/3398/2353
f 3325/3399/2361 3324/3400/2360 3370/3401/2406
f 3371/3402/2407 3372/3403/2408 3373/3404/2409
f 3374/3405/2410 3372/3403/2408 3371/3402/2407
f 3373/3404/2409 3372/3403/2408 3375/3406/2411
f 3374/3405/2410 3376/3407/2412 3372/3403/2408
f 3373/3404/2409 3375/3406/2411 3377/3408/2413
f 3378/3409/2414 3376/3407/2412 3374/3405/2410
f 3377/3408/2413 3375/3406/2411 3379/3410/2415
f 3380/3411/2416 3376/3407/2412 3378/3409/2414
f 3379/3410/2415 3375/3406/2411 3381/3412/2417
f 3380/3411/2416 3382/3413/2418 3376/3407/2412
f 3379/3410/2415 3381/3412/2417 3383/3414/2419
f 3384/3415/2420 3382/3413/2418 3380/3411/2416
f 3383/3414/2419 3381/3412/2417 3385/3416/2421
f 3386/3417/2422 3382/3413/2418 3384/3415/2420
f 3385/3418/2421 3381/3419/2417 3387/3420/2423
f 3386/3421/2422 3388/3422/2424 3382/3423/2418
f 3385/3418/2421 3387/3420/2423 3389/3424/2425
f 3390/3425/2426 3388/3422/2424 3386/3421/2422
f 3389/3424/2425 3387/3420/2423 3391/3426/2427
f 3392/3427/2428 3388/3422/2424 3390/3425/2426
f 3391/3426/2427 3387/3420/2423 3393/3428/2429
f 3392/3427/2428 3394/3429/2430 3388/3422/2424
f 3391/3426/2427 3393/3428/2429 3395/3430/2431
f 3396/3431/2432 3394/3429/2430 3392/3427/2428
f 3395/3430/2431 3393/3428/2429 3397/3432/2433
f 3398/3433/2434 3394/3429/2430 3396/3431/2432
f 3398/3433/2434 3399/3434/2435 3394/3429/2430
f 3400/3435/2436 3399/3434/2435 3398/3433/2434
f 3397/3432/2433 3393/3428/2429 3401/3436/2437
f 3397/3432/2433 3401/3436/2437 3402/3437/2438
f 3402/3437/2438 3401/3436/2437 3403/3438/2439
f 3403/3438/2439 3401/3436/2437 3404/3439/2440
f 3403/3438/2439 3404/3439/2440 3405/3440/2441
f 3405/3440/2441 3404/3439/2440 3406/3441/2442
f 3406/3441/2442 3404/3439/2440 3407/3442/2443
f 3406/3441/2442 3407/3442/2443 3408/3443/2444
f 3408/3443/2444 3407/3442/2443 3409/3444/2445
f 3409/3445/2445 3407/3446/2443 3410/3447/2446
f 3409/3445/2445 3410/3447/2446 3411/3448/2447
f 3411/3448/2447 3410/3447/2446 3412/3449/2448
f 3412/3449/2448 3410/3447/2446 3413/3450/2449
f 3412/3449/2448 3413/3450/2449 3414/3451/2450
f 3414/3451/2450 3413/3450/2449 3415/3452/2451
f 3415/3452/2451 3413/3450/2449 3416/3453/2452
f 3415/3452/2451 3416/3453/2452 3417/3454/2453
f 3417/3454/2453 3416/3453/2452 3418/3455/2454
f 3418/3455/2454 3416/3453/2452 3419/3456/2455
f 3418/3455/2454 3419/3456/2455 3420/3457/2456
f 3420/3457/2456 3419/3456/2455 3421/3458/2457
f 3421/3458/2457 3419/3456/2455 3422/3459/2458
f 3421/3458/2457 3422/3459/2458 3423/3460/2459
f 3423/3460/2459 3422/3459/2458 3424/3461/2460
f 3424/3462/2460 3422/3463/2458 3425/3464/2461
f 3424/3462/2460 3425/3464/2461 3426/3465/2462
f 3426/3465/2462 3425/3464/2461 3427/3466/2463
f 3427/3466/2463 3425/3464/2461 3428/3467/2464
f 3427/3466/2463 3428/3467/2464 3429/3468/2465
f 3429/3468/2465 3428/3467/2464 3430/3469/2466
f 3430/3469/2466 3428/3467/2464 3431/3470/2467
f 3430/3469/2466 3431/3470/2467 3432/3471/2468
f 3433/3472/2469 3434/3473/2470 3435/3474/2471
f 3436/3475/2472 3433/3472/2469 3437/3476/2473
f 3438/3477/2474 3439/3478/2147 3440/3479/2475
f 3440/3479/2475 3439/3478/2147 3441/3480/2476
f 3442/3481/2477 3439/3478/2147 3443/3482/2478
f 3444/3483/1267 3445/3484/2479 3446/3485/2480
f 3447/3486/2481 3448/3487/2482 3444/3483/1267
f 3449/3488/2483 3450/3489/2484 3451/3490/2485
f 3450/3489/2484 3449/3488/2483 3452/3491/2486
f 3449/3488/2483 3453/3492/2487 3452/3491/2486
f 3454/3493/2488 3452/3491/2486 3453/3492/2487
f 3449/3488/2483 3455/3494/2489 3453/3492/2487
f 3456/3495/2490 3457/3496/2491 3458/3497/2492
f 3456/3495/2490 3458/3497/2492 3459/3498/2493
f 3459/3498/2493 3458/3497/2492 3460/3499/2494
f 3458/3497/2492 3461/3500/2495 3460/3499/2494
f 3459/3498/2493 3462/3501/2496 3456/3495/2490
f 3459/3498/2493 3460/3499/2494 3462/3501/2496
f 3463/3502/2497 3456/3495/2490 3462/3501/2496
f 3462/3501/2496 3460/3499/2494 3464/3503/2498
f 3435/3474/2471 3465/3504/2499 3437/3476/2473
f 3465/3504/2499 3435/3474/2471 3466/3505/2500
f 3433/3472/2469 3435/3474/2471 3437/3476/2473
f 3467/3506/2501 3437/3476/2473 3465/3504/2499
f 3437/3476/2473 3467/3506/2501 3436/3475/2472
f 3433/3472/2469 3436/3475/2472 3468/3507/2502
f 3448/3487/2482 3469/3508/2503 3445/3484/2479
f 3444/3483/1267 3448/3487/2482 3445/3484/2479
f 3469/3508/2503 3448/3487/2482 3470/3509/2504
f 3447/3486/2481 3470/3509/2504 3448/3487/2482
f 3471/3510/2505 3447/3486/2481 3444/3483/1267
f 3472/3511/2506 3470/3509/2504 3447/3486/2481
f 3440/3479/2475 3473/3512/2507 3474/3513/2508
f 3473/3512/2507 3440/3479/2475 3441/3480/2476
f 3441/3480/2476 3475/3514/2509 3473/3512/2507
f 3475/3514/2509 3441/3480/2476 3442/3481/2477
f 3439/3478/2147 3442/3481/2477 3441/3480/2476
f 3450/3489/2484 3452/3491/2486 3476/3515/2510
f 3452/3491/2486 3454/3493/2488 3476/3515/2510
f 3476/3515/2510 3477/3516/2511 3450/3489/2484
f 3478/3517/2512 3479/3518/2512 3480/3519/2513
f 3479/3518/2512 3478/3517/2512 3481/3520/2512
f 3482/3521/2169 3483/3522/2169 3484/3523/2169
f 3483/3522/2169 3482/3521/2169 3485/3524/2169
f 3486/3525/2514 3487/3526/2514 3488/3527/2514
f 3486/3525/2514 3488/3527/2514 3489/3528/2514
f 3490/3529/2515 3491/3530/2515 3492/3531/2515
f 3491/3530/2515 3490/3529/2515 3493/3532/2515
f 3494/3533/2516 3495/3534/2516 3496/3535/2516
f 3495/3534/2516 3497/3536/2516 3496/3535/2516
f 3498/3537/2517 3499/3538/2517 3500/3539/2517
f 3498/3537/2517 3500/3539/2517 3501/3540/2518
f 3502/3541/2519 3503/3542/2520 3504/3543/2520
f 3504/3543/2520 3503/3542/2520 3505/3544/2520
f 3506/3545/2521 3507/3546/2521 3508/3547/2521
f 3507/3546/2521 3509/3548/2521 3508/3547/2521
f 3510/3549/2522 3511/3550/2522 3512/3551/2522
f 3511/3550/2522 3510/3549/2522 3513/3552/2522
f 3514/3553/2523 3515/3554/2523 3516/3555/2523
f 3516/3555/2523 3515/3554/2523 3517/3556/2523
f 3518/3557/2524 3519/3558/2525 3520/3559/2526
f 3519/3558/2525 3518/3557/2524 3521/3560/2527
f 3522/3561/1348 3523/3562/2528 3524/3563/2529
f 3525/3564/2530 3526/3565/2531 3527/3566/2532
f 3528/3567/2533 3529/3568/2534 3530/3569/2535
f 3531/3570/2536 3529/3568/2534 3528/3567/2533
f 3529/3568/2534 3531/3570/2536 3532/3571/2537
f 3528/3567/2533 3533/3572/2538 3531/3570/2536
f 3533/3572/2538 3528/3567/2533 3534/3573/2539
f 3535/3574/2540 3536/3575/2541 3537/3576/2542
f 3537/3576/2542 3538/3577/2543 3535/3574/2540
f 3539/3578/2544 3537/3576/2542 3536/3575/2541
f 3537/3576/2542 3539/3578/2544 3540/3579/2545
f 3541/3580/2546 3542/3581/2547 3543/3582/2548
f 3542/3581/2547 3541/3580/2546 3544/3583/2549
f 3542/3581/2547 3545/3584/2550 3543/3582/2548
f 3545/3584/2550 3542/3581/2547 3546/3585/2551
f 3547/3586/2552 3548/3587/2553 3549/3588/2554
f 3548/3587/2553 3550/3589/2555 3549/3588/2554
f 3548/3587/2553 3551/3590/2556 3550/3589/2555
f 3548/3587/2553 3552/3591/2557 3551/3590/2556
f 3553/3592/2558 3554/3593/2559 3555/3594/2560
f 3554/3593/2559 3553/3592/2558 3556/3595/2561
f 3557/3596/2558 3555/3594/2560 3554/3593/2559
f 3554/3593/2559 3558/3597/2562 3557/3596/2558
f 3559/3598/2563 3560/3599/2564 3561/3600/2565
f 3562/3601/2566 3561/3600/2565 3560/3599/2564
f 3561/3600/2565 3563/3602/2567 3559/3598/2563
f 3563/3602/2567 3561/3600/2565 3564/3603/2568
f 3565/3604/2569 3566/3605/2570 3567/3606/2261
f 3566/3605/2570 3565/3604/2569 3568/3607/2571
f 3567/3606/2261 3569/3608/2311 3565/3604/2569
f 3568/3609/2571 3570/3610/2572 3566/3611/2570
f 3569/3608/2311 3567/3606/2261 3571/3612/2311
f 3570/3610/2572 3568/3609/2571 3572/3613/2573
f 3573/3614/2574 3569/3608/2311 3571/3612/2311
f 3572/3613/2573 3574/3615/1310 3570/3610/2572
f 3569/3608/2311 3573/3614/2574 3575/3616/2575
f 3574/3615/1310 3572/3613/2573 3576/3617/2576
f 3576/3617/2576 3577/3618/2577 3574/3615/1310
f 3577/3618/2577 3576/3617/2576 3578/3619/2113
f 3579/3620/2578 3575/3616/2575 3573/3614/2574
f 3575/3616/2575 3579/3620/2578 3580/3621/2579
f 3581/3622/2269 3580/3623/2579 3579/3624/2578
f 3580/3623/2579 3581/3622/2269 3582/3625/2580
f 3583/3626/1346 3582/3625/2580 3581/3622/2269
f 3582/3625/2580 3583/3626/1346 3584/3627/2581
f 3585/3628/2124 3584/3627/2581 3583/3626/1346
f 3584/3627/2581 3585/3628/2124 3586/3629/2124
f 3587/3630/2245 3588/3631/2112 3589/3632/2582
f 3590/3633/2583 3589/3632/2582 3588/3631/2112
f 3588/3631/2112 3587/3630/2245 3591/3634/2584
f 3589/3632/2582 3590/3633/2583 3592/3635/2585
f 3593/3636/2586 3592/3635/2585 3590/3633/2583
f 3592/3635/2585 3593/3636/2586 3594/3637/2586
f 3595/3638/2587 3591/3634/2584 3587/3630/2245
f 3591/3634/2584 3595/3638/2587 3596/3639/1288
f 3595/3640/2587 3597/3641/2588 3596/3642/1288
f 3597/3641/2588 3595/3640/2587 3598/3643/2589
f 3598/3643/2589 3599/3644/1328 3597/3641/2588
f 3599/3644/1328 3598/3643/2589 3600/3645/2590
f 3600/3645/2590 3601/3646/2591 3599/3644/1328
f 3601/3646/2591 3600/3645/2590 3602/3647/2592
f 3602/3647/2592 3603/3648/2593 3601/3646/2591
f 3603/3648/2593 3602/3647/2592 3604/3649/2593
f 3605/3650/2594 3606/3651/2595 3607/3652/2596
f 3606/3651/2595 3605/3650/2594 3608/3653/2597
f 3608/3653/2597 3609/3654/2598 3606/3651/2595
f 3609/3654/2598 3608/3653/2597 3610/3655/2599
f 3610/3655/2599 3611/3656/2600 3609/3654/2598
f 3611/3656/2600 3610/3655/2599 3612/3657/2574
f 3612/3657/2574 3613/3658/2601 3611/3656/2600
f 3613/3658/2601 3612/3657/2574 3614/3659/2602
f 3615/3660/2603 3616/3661/2604 3617/3662/2524
f 3616/3661/2604 3615/3660/2603 3618/3663/2183
f 3617/3662/2524 3619/3664/2605 3615/3660/2603
f 3618/3663/2183 3620/3665/1287 3616/3661/2604
f 3619/3664/2605 3617/3662/2524 3621/3666/2605
f 3620/3665/1287 3618/3663/2183 3622/3667/2606
f 3623/3668/1277 3619/3664/2605 3621/3666/2605
f 3622/3669/2606 3624/3670/2129 3620/3671/1287
f 3619/3664/2605 3623/3668/1277 3625/3672/2607
f 3624/3670/2129 3622/3669/2606 3626/3673/2608
f 3627/3674/2609 3625/3675/2607 3623/3676/1277
f 3626/3673/2608 3628/3677/2610 3624/3670/2129
f 3625/3675/2607 3627/3674/2609 3629/3678/2611
f 3628/3677/2610 3626/3673/2608 3630/3679/2612
f 3630/3679/2612 3631/3680/2140 3628/3677/2610
f 3631/3680/2140 3630/3679/2612 3632/3681/2140
f 3633/3682/2613 3629/3678/2611 3627/3674/2609
f 3629/3678/2611 3633/3682/2613 3634/3683/2614
f 3635/3684/2296 3634/3683/2614 3633/3682/2613
f 3634/3683/2614 3635/3684/2296 3636/3685/2615
f 3637/3686/2616 3636/3685/2615 3635/3684/2296
f 3636/3685/2615 3637/3686/2616 3638/3687/2616
f 3639/3688/2617 3640/3689/2618 3641/3690/2617
f 3640/3689/2618 3639/3688/2617 3642/3691/2619
f 3642/3691/2619 3643/3692/2620 3640/3689/2618
f 3643/3692/2620 3642/3691/2619 3644/3693/2620
f 3645/3694/2621 3643/3695/2620 3644/3696/2620
f 3643/3695/2620 3645/3694/2621 3646/3697/2622
f 3647/3698/2623 3646/3697/2622 3645/3694/2621
f 3646/3697/2622 3647/3698/2623 3648/3699/2624
f 3649/3700/2625 3648/3699/2624 3647/3698/2623
f 3648/3699/2624 3649/3700/2625 3650/3701/2626
f 3651/3702/2627 3652/3703/2628 3653/3704/1339
f 3652/3703/2628 3651/3702/2627 3654/3705/2629
f 3653/3706/1339 3655/3707/2630 3651/3708/2627
f 3654/3705/2629 3656/3709/2631 3652/3703/2628
f 3655/3707/2630 3653/3706/1339 3657/3710/2147
f 3656/3709/2631 3654/3705/2629 3658/3711/2632
f 3658/3711/2632 3659/3712/2633 3656/3709/2631
f 3659/3712/2633 3658/3711/2632 3660/3713/2634
f 3661/3714/2635 3655/3707/2630 3657/3710/2147
f 3655/3707/2630 3661/3714/2635 3662/3715/2636
f 3663/3716/2637 3662/3715/2636 3661/3714/2635
f 3662/3715/2636 3663/3716/2637 3664/3717/2638
f 3665/3718/2097 3664/3717/2638 3663/3716/2637
f 3664/3717/2638 3665/3718/2097 3666/3719/2639
f 3667/3720/2289 3666/3721/2639 3665/3722/2097
f 3666/3721/2639 3667/3720/2289 3668/3723/2640
f 3669/3724/2641 3668/3723/2640 3667/3720/2289
f 3668/3723/2640 3669/3724/2641 3670/3725/2237
f 3671/3726/2642 3670/3725/2237 3669/3724/2641
f 3670/3725/2237 3671/3726/2642 3672/3727/2642
f 3673/3728/2281 3674/3729/2281 3675/3730/2281
f 3675/3730/2281 3674/3729/2281 3676/3731/2281
f 3676/3731/2281 3674/3729/2281 3677/3732/2281
f 3673/3728/2281 3678/3733/2281 3674/3729/2281
f 3674/3729/2281 3678/3733/2281 3679/3734/2281
f 3674/3729/2281 3679/3734/2281 3680/3735/2281
f 3681/3736/2281 3682/3737/2281 3683/3738/2281
f 3683/3738/2281 3682/3737/2281 3684/3739/2281
f 3684/3739/2281 3682/3737/2281 3685/3740/2281
f 3681/3736/2281 3686/3741/2281 3682/3737/2281
f 3682/3737/2281 3686/3741/2281 3687/3742/2281
f 3682/3737/2281 3687/3742/2281 3688/3743/2281
f 3689/3744/2281 3690/3745/2281 3691/3746/2281
f 3691/3746/2281 3690/3745/2281 3692/3747/2281
f 3692/3747/2281 3690/3745/2281 3693/3748/2281
f 3689/3744/2281 3694/3749/2281 3690/3745/2281
f 3690/3745/2281 3694/3749/2281 3695/3750/2281
f 3690/3745/2281 3695/3750/2281 3696/3751/2281
f 3697/3752/2281 3698/3753/2281 3699/3754/2281
f 3699/3754/2281 3698/3753/2281 3700/3755/2281
f 3700/3755/2281 3698/3753/2281 3701/3756/2281
f 3697/3752/2281 3702/3757/2281 3698/3753/2281
f 3698/3753/2281 3702/3757/2281 3703/3758/2281
f 3698/3753/2281 3703/3758/2281 3704/3759/2281
f 3705/3760/2281 3706/3761/2281 3707/3762/2281
f 3707/3762/2281 3706/3761/2281 3708/3763/2281
f 3708/3763/2281 3706/3761/2281 3709/3764/2281
f 3705/3760/2281 3710/3765/2281 3706/3761/2281
f 3711/3766/2281 3706/3761/2281 3710/3765/2281
f 3706/3761/2281 3711/3766/2281 3712/3767/2281
f 3713/3768/2643 3714/3769/2644 3715/3770/2645
f 3713/3768/2643 3715/3770/2645 3716/3771/2282
f 3714/3769/2644 3717/3772/2646 3715/3770/2645
f 3714/3769/2644 3718/3773/2643 3717/3772/2646
f 3719/3774/2647 3718/3773/2643 3714/3769/2644
f 3719/3774/2647 3720/3775/2648 3718/3773/2643
f 3719/3774/2647 3714/3769/2644 3721/3776/2649
f 3719/3774/2647 3722/3777/2650 3720/3775/2648
f 3723/3778/2643 3722/3777/2650 3719/3774/2647
f 3723/3778/2643 3724/3779/2282 3722/3777/2650
f 3719/3774/2647 3721/3776/2649 3725/3780/2649
f 3721/3776/2649 3726/3781/2651 3725/3780/2649
f 3726/3781/2651 3721/3776/2649 3727/3782/2651
f 3727/3782/2651 3728/3783/2652 3726/3781/2651
f 3728/3783/2652 3727/3782/2651 3729/3784/2652
f 3729/3784/2652 3730/3785/2653 3728/3783/2652
f 3730/3785/2653 3729/3784/2652 3731/3786/2653
f 3731/3786/2653 3732/3787/2654 3730/3785/2653
f 3730/3785/2653 3732/3787/2654 3733/3788/2655
f 3733/3788/2655 3732/3787/2654 3734/3789/2643
f 3734/3789/2643 3732/3787/2654 3735/3790/2643
f 3733/3788/2655 3734/3789/2643 3736/3791/2643
f 3737/3792/2282 3735/3790/2643 3732/3787/2654
f 3738/3793/2282 3733/3788/2655 3736/3791/2643
f 3737/3792/2282 3732/3787/2654 3739/3794/2282
f 3738/3793/2282 3740/3795/2282 3733/3788/2655
f 3741/3796/2656 3737/3792/2282 3739/3794/2282
f 3742/3797/2657 3737/3792/2282 3741/3796/2656
f 3741/3796/2656 3743/3798/2658 3742/3797/2657
f 3744/3799/2659 3745/3800/2660 3746/3801/2661
f 3747/3802/2662 3745/3800/2660 3744/3799/2659
f 3745/3800/2660 3747/3802/2662 3748/3803/2662
f 3744/3799/2659 3749/3804/2663 3747/3802/2662
f 3750/3805/2664 3744/3799/2659 3746/3801/2661
f 3750/3805/2664 3751/3806/2665 3744/3799/2659
f 3750/3805/2664 3746/3801/2661 3752/3807/2666
f 3751/3806/2665 3750/3805/2664 3753/3808/2400
f 3752/3807/2666 3746/3801/2661 3754/3809/2667
f 3751/3806/2665 3753/3808/2400 3755/3810/2668
f 3752/3807/2666 3754/3809/2667 3756/3811/2669
f 3757/3812/2670 3755/3810/2668 3753/3808/2400
f 3758/3813/2671 3756/3811/2669 3754/3809/2667
f 3759/3814/2672 3755/3815/2668 3757/3816/2670
f 3756/3811/2669 3758/3813/2671 3760/3817/2673
f 3755/3818/2668 3759/3819/2672 3761/3820/2674
f 3758/3813/2671 3762/3821/2675 3760/3817/2673
f 3761/3820/2674 3759/3819/2672 3763/3822/2676
f 3762/3821/2675 3758/3813/2671 3764/3823/2677
f 3759/3819/2672 3765/3824/2678 3763/3822/2676
f 3764/3823/2677 3766/3825/2679 3762/3821/2675
f 3763/3826/2676 3765/3827/2678 3767/3828/2680
f 3766/3825/2679 3764/3823/2677 3768/3829/2681
f 3769/3830/2682 3767/3828/2680 3765/3827/2678
f 3768/3829/2681 3770/3831/2683 3766/3825/2679
f 3769/3830/2682 3771/3832/2684 3767/3828/2680
f 3770/3831/2683 3768/3829/2681 3772/3833/2685
f 3771/3832/2684 3769/3830/2682 3773/3834/2686
f 3772/3833/2685 3774/3835/2687 3770/3831/2683
f 3771/3832/2684 3773/3834/2686 3775/3836/2688
f 3774/3835/2687 3772/3833/2685 3776/3837/2689
f 3775/3836/2688 3777/3838/2690 3771/3832/2684
f 3776/3839/2689 3778/3840/1730 3774/3841/2687
f 3777/3838/2690 3775/3836/2688 3779/3842/2691
f 3774/3841/2687 3778/3840/1730 3780/3843/2692
f 3781/3844/2693 3777/3838/2690 3779/3842/2691
f 3778/3840/1730 3782/3845/2694 3780/3843/2692
f 3779/3842/2691 3783/3846/2695 3781/3844/2693
f 3782/3845/2694 3778/3840/1730 3784/3847/2696
f 3783/3846/2695 3779/3842/2691 3785/3848/2697
f 3786/3849/1627 3782/3845/2694 3784/3847/2696
f 3785/3848/2697 3787/3850/2698 3783/3846/2695
f 3782/3845/2694 3786/3849/1627 3788/3851/2699
f 3787/3850/2698 3785/3848/2697 3789/3852/2700
f 3790/3853/2701 3788/3851/2699 3786/3849/1627
f 3791/3854/2702 3787/3850/2698 3789/3852/2700
f 3792/3855/2703 3790/3853/2701 3786/3849/1627
f 3787/3850/2698 3791/3854/2702 3793/3856/2704
f 3794/3857/2705 3790/3858/2701 3792/3859/2703
f 3793/3856/2704 3791/3854/2702 3795/3860/2706
f 3790/3858/2701 3794/3857/2705 3796/3861/2707
f 3793/3856/2704 3795/3860/2706 3797/3862/2708
f 3798/3863/2709 3796/3861/2707 3794/3857/2705
f 3795/3864/2706 3799/3865/2710 3797/3866/2708
f 3796/3861/2707 3798/3863/2709 3800/3867/2711
f 3797/3866/2708 3799/3865/2710 3801/3868/2712
f 3802/3869/2713 3800/3867/2711 3798/3863/2709
f 3799/3865/2710 3803/3870/2714 3801/3868/2712
f 3800/3867/2711 3802/3869/2713 3804/3871/2715
f 3803/3870/2714 3799/3865/2710 3805/3872/2716
f 3806/3873/2717 3804/3871/2715 3802/3869/2713
f 3807/3874/2390 3803/3870/2714 3805/3872/2716
f 3804/3871/2715 3806/3873/2717 3808/3875/2718
f 3807/3874/2390 3809/3876/2719 3803/3870/2714
f 3806/3873/2717 3810/3877/2720 3808/3875/2718
f 3811/3878/2721 3809/3876/2719 3807/3874/2390
f 3810/3877/2720 3806/3873/2717 3812/3879/2722
f 3812/3879/2722 3813/3880/2723 3810/3877/2720
f 3814/3881/2724 3813/3880/2723 3812/3879/2722
f 3811/3878/2721 3813/3880/2723 3814/3881/2724
f 3809/3876/2719 3811/3878/2721 3815/3882/2725
f 3811/3878/2721 3814/3881/2724 3815/3882/2725
f 3815/3882/2725 3814/3881/2724 3816/3883/2726
f 3816/3883/2726 3817/3884/2727 3815/3882/2725
f 3817/3884/2727 3816/3883/2726 3818/3885/2727
f 3819/3886/2728 3815/3882/2725 3817/3884/2727
f 3815/3882/2725 3819/3886/2728 3820/3876/2729
f 3821/3887/2730 3822/3888/2731 3823/3889/2732
f 3824/3890/2733 3823/3889/2732 3822/3888/2731
f 3822/3888/2731 3821/3887/2730 3825/3891/2734
f 3826/3892/2735 3825/3893/2734 3821/3894/2730
f 3825/3893/2734 3826/3892/2735 3827/3895/2736
f 3828/3896/2737 3827/3895/2736 3826/3892/2735
f 3827/3895/2736 3828/3896/2737 3829/3897/2738
f 3830/3898/2739 3829/3897/2738 3828/3896/2737
f 3831/3899/2740 3832/3900/1151 3830/3898/2739
f 3832/3900/1151 3831/3899/2740 3833/3901/2741
f 3834/3902/2742 3835/3903/2281 3836/3904/2743
f 3835/3903/2281 3834/3902/2742 3837/3905/2281
f 3838/3906/2744 3834/3902/2742 3836/3904/2743
f 3837/3905/2281 3839/3907/2281 3835/3903/2281
f 3840/3908/2745 3838/3906/2744 3836/3904/2743
f 3839/3907/2281 3837/3905/2281 3841/3909/2281
f 3836/3904/2743 3842/3910/2746 3840/3908/2745
f 3841/3909/2281 3843/3911/2281 3839/3907/2281
f 3844/3912/2747 3840/3908/2745 3842/3910/2746
f 3843/3911/2281 3841/3909/2281 3845/3913/2281
f 3840/3908/2745 3844/3912/2747 3846/3914/2748
f 3847/3915/2749 3843/3911/2281 3845/3913/2281
f 3846/3914/2748 3844/3912/2747 3848/3916/2750
f 3843/3911/2281 3847/3915/2749 3849/3917/2751
f 3848/3916/2750 3850/3918/2752 3846/3914/2748
f 3851/3919/2281 3849/3917/2751 3847/3915/2749
f 3848/3916/2750 3852/3920/2753 3850/3918/2752
f 3849/3917/2751 3851/3919/2281 3853/3921/2281
f 3850/3918/2752 3852/3920/2753 3854/3922/2754
f 3853/3921/2281 3851/3919/2281 3855/3923/2281
f 3852/3920/2753 3856/3924/2755 3854/3922/2754
f 3855/3923/2281 3857/3925/2744 3853/3921/2281
f 3856/3924/2755 3858/3926/2756 3854/3922/2754
f 3859/3927/2743 3857/3925/2744 3855/3923/2281
f 3856/3924/2755 3860/3928/2757 3858/3926/2756
f 3859/3927/2743 3861/3929/2758 3857/3925/2744
f 3860/3928/2757 3856/3924/2755 3862/3930/2759
f 3857/3925/2744 3861/3929/2758 3863/3931/2760
f 3862/3930/2759 3864/3932/2761 3860/3928/2757
f 3861/3929/2758 3865/3933/2762 3863/3931/2760
f 3864/3932/2761 3862/3930/2759 3866/3934/2763
f 3865/3933/2762 3861/3929/2758 3867/3935/2764
f 3868/3936/2765 3864/3932/2761 3866/3934/2763
f 3865/3933/2762 3867/3935/2764 3869/3937/2766
f 3870/3938/2767 3869/3937/2766 3867/3935/2764
f 3871/3939/2768 3869/3937/2766 3870/3938/2767
f 3872/3940/2769 3525/3564/2530 3873/3941/2770
f 3526/3565/2531 3525/3564/2530 3872/3940/2769
f 3872/3940/2769 3874/3942/2771 3526/3565/2531
f 3875/3943/2772 3872/3940/2769 3873/3941/2770
f 3875/3943/2772 3876/3944/2773 3872/3940/2769
f 3875/3943/2772 3873/3941/2770 3877/3945/2774
f 3876/3944/2773 3875/3943/2772 3878/3946/2775
f 3877/3945/2774 3873/3941/2770 3879/3947/2776
f 3880/3948/2777 3876/3949/2773 3878/3950/2775
f 3877/3951/2774 3879/3952/2776 3881/3953/2778
f 3880/3948/2777 3878/3950/2775 3882/3954/2779
f 3883/3955/2780 3881/3953/2778 3879/3952/2776
f 3884/3956/2781 3880/3948/2777 3882/3954/2779
f 3881/3953/2778 3883/3955/2780 3885/3957/2782
f 3880/3948/2777 3884/3956/2781 3886/3958/2783
f 3883/3955/2780 3887/3959/2784 3885/3957/2782
f 3887/3959/2784 3883/3955/2780 3888/3960/2785
f 3888/3960/2785 3889/3961/2786 3887/3959/2784
f 3884/3962/2781 3890/3963/2787 3886/3964/2783
f 3891/3965/1346 3892/3966/1346 3893/3967/1346
f 3891/3965/1346 3893/3967/1346 3894/3968/1346
f 3895/3969/1310 3896/3970/1310 3897/3971/1310
f 3896/3970/1310 3895/3969/1310 3898/3972/1310
f 3899/3973/1324 3900/3974/2788 3901/3975/2788
f 3900/3974/2788 3902/3976/2788 3901/3975/2788
f 3903/3977/1153 3904/3978/1153 3905/3979/1153
f 3904/3978/1153 3903/3977/1153 3906/3980/1153
f 3907/3981/2789 3908/3982/2790 3909/3983/2791
f 3908/3982/2790 3907/3981/2789 3910/3984/2791
f 3911/3985/2320 3912/3986/2792 3913/3987/2320
f 3911/3985/2320 3913/3987/2320 3914/3988/2793
f 3915/3989/1279 3916/3990/1279 3917/3991/1278
f 3917/3991/1278 3916/3990/1279 3918/3992/2794
f 3919/3993/2795 3920/3994/2292 3921/3995/2294
f 3919/3993/2795 3921/3995/2294 3922/3996/2292
f 3923/3997/2296 3924/3998/2296 3925/3999/2296
f 3924/3998/2296 3923/3997/2296 3926/4000/2296
f 3927/4001/2283 3928/4002/1261 3929/4003/1261
f 3928/4002/1261 3930/4004/1261 3929/4003/1261
f 3931/4005/2796 3315/3332/2351 3932/4006/2797
f 3933/4007/2798 3931/4005/2796 3932/4006/2797
f 3931/4005/2796 3313/3330/2349 3315/3332/2351
f 3931/4005/2796 3933/4007/2798 3934/4008/2799
f 3931/4009/2796 3935/4010/2800 3313/4011/2349
f 3935/4010/2800 3936/4012/2801 3313/4011/2349
f 3937/4013/2802 3934/4008/2799 3933/4007/2798
f 3934/4008/2799 3937/4013/2802 3938/4014/2803
f 3314/3331/2350 3313/3330/2349 3939/4015/2804
f 3937/4013/2802 3940/4016/2805 3938/4014/2803
f 3940/4016/2805 3937/4013/2802 3941/4017/2806
f 3941/4017/2806 3942/4018/2807 3940/4016/2805
f 3943/4019/2808 3940/4016/2805 3942/4018/2807
f 3943/4019/2808 3942/4018/2807 3944/4020/2809
f 3943/4019/2808 3944/4020/2809 3945/4021/2810
f 3945/4022/2810 3944/4023/2809 3946/4024/2811
f 3946/4024/2811 3947/4025/2812 3945/4022/2810
f 3948/4026/2813 3947/4025/2812 3946/4024/2811
f 3947/4025/2812 3948/4026/2813 3949/4027/2814
f 3949/4027/2814 3948/4026/2813 3950/4028/2815
f 3951/4029/2816 3949/4027/2814 3950/4028/2815
f 3951/4029/2816 3950/4028/2815 3952/4030/2817
f 3953/4031/2818 3951/4029/2816 3952/4030/2817
f 3952/4030/2817 3954/4032/2819 3953/4031/2818
f 3954/4032/2819 3952/4030/2817 3955/4033/2820
f 3956/4034/2821 3740/3795/2282 3738/3793/2282
f 3957/4035/2822 3956/4034/2821 3738/3793/2282
f 3958/4036/2822 3956/4034/2821 3957/4035/2822
f 3741/3796/2656 3959/4037/2823 3743/3798/2658
f 3743/3798/2658 3959/4037/2823 3960/4038/2657
f 3959/4037/2823 3741/3796/2656 3961/4039/2824
f 3959/4037/2823 3962/4040/2282 3960/4038/2657
f 3959/4037/2823 3961/4039/2824 3963/4041/2824
f 3964/4042/2282 3962/4040/2282 3959/4037/2823
f 3963/4041/2824 3961/4039/2824 3965/4043/2825
f 3963/4041/2824 3965/4043/2825 3966/4044/2826
f 3966/4044/2826 3965/4043/2825 3967/4045/2827
f 3967/4045/2827 3968/4046/2827 3966/4044/2826
f 3969/4047/2828 3968/4046/2827 3967/4045/2827
f 3969/4047/2828 3970/4048/2828 3968/4046/2827
f 3962/4040/2282 3964/4042/2282 3971/4049/2829
f 3972/4050/2830 3970/4048/2828 3969/4047/2828
f 3971/4049/2829 3973/4051/2282 3962/4040/2282
f 3971/4049/2829 3974/4052/2831 3973/4051/2282
f 3972/4050/2830 3975/4053/2832 3970/4048/2828
f 3971/4049/2829 3976/4054/2833 3974/4052/2831
f 3974/4052/2831 3976/4054/2833 3977/4055/2834
f 3978/4056/2282 3977/4055/2834 3976/4054/2833
f 3971/4049/2829 3979/4057/2835 3976/4054/2833
f 3978/4056/2282 3976/4054/2833 3980/4058/2282
f 3979/4057/2835 3971/4049/2829 3981/4059/2836
f 3981/4059/2836 3982/4060/2837 3979/4057/2835
f 3982/4060/2837 3981/4059/2836 3983/4061/2838
f 3983/4061/2838 3984/4062/2839 3982/4060/2837
f 3984/4062/2839 3983/4061/2838 3985/4063/2839
f 3985/4063/2839 3986/4064/2840 3984/4062/2839
f 3986/4064/2840 3985/4063/2839 3987/4065/2840
f 3987/4065/2840 3988/4066/2841 3986/4064/2840
f 3989/4067/2842 3978/4056/2282 3980/4058/2282
f 3990/4068/2834 3978/4056/2282 3989/4067/2842
f 3989/4067/2842 3991/4069/2843 3990/4068/2834
f 3989/4067/2842 3992/4070/2844 3991/4069/2843
f 3991/4069/2843 3992/4070/2844 3993/4071/2282
f 3992/4070/2844 3994/4072/2282 3993/4071/2282
f 3989/4067/2842 3995/4073/2845 3992/4070/2844
f 3994/4072/2282 3992/4070/2844 3996/4074/2282
f 3995/4073/2845 3989/4067/2842 3997/4075/2846
f 3998/4076/2847 3995/4073/2845 3997/4075/2846
f 3999/4077/2847 3998/4076/2847 3997/4075/2846
f 4000/4078/2848 3998/4076/2847 3999/4077/2847
f 3998/4076/2847 4000/4078/2848 4001/4079/2848
f 4002/4080/2849 4001/4079/2848 4000/4078/2848
f 4003/4081/2850 4002/4080/2849 4000/4078/2848
f 4003/4081/2850 4004/4082/2851 4002/4080/2849
f 4005/4083/2852 3994/4072/2282 3996/4074/2282
f 4005/4083/2852 4006/4084/2822 3994/4072/2282
f 4005/4083/2852 3958/4036/2822 4006/4084/2822
f 4005/4083/2852 3956/4034/2821 3958/4036/2822
f 3956/4034/2821 4005/4083/2852 4007/4085/2853
f 3956/4034/2821 4007/4085/2853 4008/4086/2854
f 4008/4086/2854 4007/4085/2853 4009/4087/2855
f 4008/4086/2854 4009/4087/2855 4010/4088/2856
f 4011/4089/2857 4010/4088/2856 4009/4087/2855
f 4010/4088/2856 4011/4089/2857 4012/4090/2857
f 4011/4089/2857 4013/4091/2858 4012/4090/2857
f 4013/4091/2858 4011/4089/2857 4014/4092/2858
f 4014/4092/2858 4015/4093/2859 4013/4091/2858
f 4015/4093/2859 4014/4092/2858 4016/4094/2860
f 4016/4094/2860 4017/4095/2822 4015/4093/2859
f 4015/4093/2859 4017/4095/2822 4018/4096/2861
f 4016/4094/2860 4019/4097/2862 4017/4095/2822
f 4015/4093/2859 4018/4096/2861 4020/4098/2863
f 4021/4099/2864 4015/4093/2859 4020/4098/2863
f 4021/4099/2864 4020/4098/2863 4022/4100/2282
f 4016/4094/2860 4023/4101/2865 4019/4097/2862
f 4024/4102/2822 4023/4101/2865 4016/4094/2860
f 4024/4102/2822 4025/4103/2282 4023/4101/2865
f 4026/4104/2866 4027/4105/2867 4028/4106/2868
f 4029/4107/1665 4026/4104/2866 4028/4106/2868
f 4029/4107/1665 4030/4108/2869 4026/4104/2866
f 4029/4109/1665 4031/4110/2870 4030/4111/2869
f 4031/4110/2870 4029/4109/1665 4032/4112/2871
f 4033/4113/1651 4031/4110/2870 4032/4112/2871
f 4031/4110/2870 4033/4113/1651 4034/4114/2872
f 4033/4113/1651 4035/4115/2873 4034/4114/2872
f 4035/4116/2873 4033/4117/1651 4036/4118/2874
f 4037/4119/2875 4035/4120/2873 4036/4121/2874
f 4035/4120/2873 4037/4119/2875 4038/4122/2876
f 4039/4123/2877 4038/4122/2876 4037/4119/2875
f 4040/4124/2878 4041/4125/2879 4042/4126/2880
f 4042/4126/2880 4043/4127/2881 4040/4124/2878
f 4043/4127/2881 4042/4126/2880 4044/4128/2882
f 4043/4129/2881 4044/4130/2882 4045/4131/2883
f 4046/4132/2884 4043/4129/2881 4045/4131/2883
f 4045/4131/2883 4047/4133/2885 4046/4132/2884
f 4047/4133/2885 4045/4131/2883 4048/4134/2886
f 4049/4135/2887 4047/4133/2885 4048/4134/2886
f 4047/4133/2885 4049/4135/2887 4050/4136/2888
f 4049/4137/2887 4051/4138/2889 4050/4139/2888
f 4051/4138/2889 4049/4137/2887 4052/4140/2890
f 4053/4141/2891 4051/4138/2889 4052/4140/2890
f 4054/4142/2892 4055/4143/2893 4056/4144/2894
f 4057/4145/2895 4058/4146/2896 4059/4147/2897
f 4060/4148/2898 4061/4149/2899 4062/4150/2900
f 4063/4151/2901 4064/4152/2902 4065/4153/2903
f 4066/4154/2904 4004/4082/2851 4067/4155/2905
f 4004/4082/2851 4068/4156/2906 4067/4155/2905
f 4004/4082/2851 4069/4157/2843 4068/4156/2906
f 4004/4082/2851 4070/4158/2907 4069/4157/2843
f 4070/4158/2907 4004/4082/2851 4003/4081/2850
f 4069/4157/2843 4070/4158/2907 4071/4159/2908
f 4070/4158/2907 4072/4160/2909 4071/4159/2908
f 4073/4161/2834 4072/4160/2909 4070/4158/2907
f 4073/4161/2834 4074/4162/2282 4072/4160/2909
f 4075/4163/2834 3988/4066/2841 4076/4164/2910
f 4075/4163/2834 4076/4164/2910 4077/4165/2282
f 3988/4066/2841 4078/4166/2911 4076/4164/2910
f 3988/4066/2841 4079/4167/2912 4078/4166/2911
f 3988/4066/2841 4080/4168/2913 4079/4167/2912
f 3988/4066/2841 3987/4065/2840 4080/4168/2913
f 4079/4167/2912 4080/4168/2913 4081/4169/2911
f 4080/4168/2913 4082/4170/2914 4081/4169/2911
f 4083/4171/2657 4082/4170/2914 4080/4168/2913
f 4083/4171/2657 4084/4172/2282 4082/4170/2914
f 4085/4173/2281 4086/4174/2281 4087/4175/2281
f 4086/4174/2281 4088/4176/2281 4087/4175/2281
f 4086/4174/2281 4085/4173/2281 4089/4177/2281
f 4088/4176/2281 4086/4174/2281 4090/4178/2281
f 4085/4173/2281 4091/4179/2281 4089/4177/2281
f 4090/4178/2281 4092/4180/2281 4088/4176/2281
f 4091/4179/2281 4085/4173/2281 4093/4181/2281
f 4092/4180/2281 4090/4178/2281 4094/4182/2281
f 4095/4183/2281 4091/4179/2281 4093/4181/2281
f 4096/4184/2281 4092/4180/2281 4094/4182/2281
f 4091/4179/2281 4095/4183/2281 4097/4185/2281
f 4096/4184/2281 4094/4182/2281 4098/4186/2281
f 4095/4183/2281 4099/4187/2281 4097/4185/2281
f 4100/4188/2281 4096/4184/2281 4098/4186/2281
f 4099/4187/2281 4095/4183/2281 4101/4189/2281
f 4098/4186/2281 4102/4190/2281 4100/4188/2281
f 4103/4191/2281 4099/4187/2281 4101/4189/2281
f 4104/4192/2281 4100/4188/2281 4102/4190/2281
f 4099/4187/2281 4103/4191/2281 4105/4193/2281
f 4102/4190/2281 4106/4194/2281 4104/4192/2281
f 4107/4195/2281 4105/4193/2281 4103/4191/2281
f 4108/4196/2281 4104/4192/2281 4106/4194/2281
f 4107/4195/2281 4103/4191/2281 4109/4197/2281
f 4104/4192/2281 4108/4196/2281 4110/4198/2281
f 4111/4199/2281 4107/4195/2281 4109/4197/2281
f 4112/4200/2281 4110/4198/2281 4108/4196/2281
f 4109/4197/2281 4113/4201/2281 4111/4199/2281
f 4110/4198/2281 4112/4200/2281 4114/4202/2281
f 4115/4203/2281 4111/4199/2281 4113/4201/2281
f 4116/4204/2281 4114/4202/2281 4112/4200/2281
f 4113/4201/2281 4117/4205/2281 4115/4203/2281
f 4114/4202/2281 4116/4204/2281 4118/4206/2281
f 4119/4207/2281 4115/4203/2281 4117/4205/2281
f 4120/4208/2281 4118/4206/2281 4116/4204/2281
f 4117/4205/2281 4121/4209/2281 4119/4207/2281
f 4118/4206/2281 4120/4208/2281 4122/4210/2281
f 4123/4211/2281 4119/4207/2281 4121/4209/2281
f 4120/4208/2281 4124/4212/2281 4122/4210/2281
f 4121/4209/2281 4125/4213/2281 4123/4211/2281
f 4124/4212/2281 4120/4208/2281 4126/4214/2281
f 4127/4215/2281 4123/4211/2281 4125/4213/2281
f 4126/4214/2281 4128/4216/2281 4124/4212/2281
f 4123/4211/2281 4127/4215/2281 4129/4217/2281
f 4128/4216/2281 4126/4214/2281 4130/4218/2281
f 4131/4219/2281 4129/4217/2281 4127/4215/2281
f 4130/4218/2281 4132/4220/2281 4128/4216/2281
f 4129/4217/2281 4131/4219/2281 4133/4221/2281
f 4132/4220/2281 4130/4218/2281 4134/4222/2281
f 4131/4219/2281 4135/4223/2281 4133/4221/2281
f 4134/4222/2281 4136/4224/2281 4132/4220/2281
f 4135/4223/2281 4131/4219/2281 4137/4225/2281
f 4136/4224/2281 4134/4222/2281 4138/4226/2281
f 4137/4225/2281 4139/4227/2281 4135/4223/2281
f 4138/4226/2281 4140/4228/2281 4136/4224/2281
f 4139/4227/2281 4137/4225/2281 4141/4229/2281
f 4140/4228/2281 4138/4226/2281 4142/4230/2281
f 4143/4231/2281 4139/4227/2281 4141/4229/2281
f 4144/4232/2281 4140/4228/2281 4142/4230/2281
f 4139/4227/2281 4143/4231/2281 4145/4233/2281
f 4140/4228/2281 4144/4232/2281 4146/4234/2281
f 4147/4235/2281 4145/4233/2281 4143/4231/2281
f 4148/4236/2281 4146/4234/2281 4144/4232/2281
f 4145/4233/2281 4147/4235/2281 4149/4237/2281
f 4146/4234/2281 4148/4236/2281 4150/4238/2281
f 4151/4239/2281 4149/4237/2281 4147/4235/2281
f 4152/4240/2281 4150/4238/2281 4148/4236/2281
f 4149/4237/2281 4151/4239/2281 4153/4241/2281
f 4150/4238/2281 4152/4240/2281 4154/4242/2281
f 4151/4239/2281 4155/4243/2281 4153/4241/2281
f 4156/4244/2281 4154/4242/2281 4152/4240/2281
f 4155/4243/2281 4151/4239/2281 4157/4245/2281
f 4154/4242/2281 4156/4244/2281 4158/4246/2281
f 4159/4247/2281 4155/4243/2281 4157/4245/2281
f 4160/4248/2281 4158/4246/2281 4156/4244/2281
f 4159/4247/2281 4157/4245/2281 4161/4249/2281
f 4156/4244/2281 4162/4250/2281 4160/4248/2281
f 4163/4251/2281 4159/4247/2281 4161/4249/2281
f 4164/4252/2281 4160/4248/2281 4162/4250/2281
f 4159/4247/2281 4163/4251/2281 4164/4252/2281
f 4160/4248/2281 4164/4252/2281 4163/4251/2281
f 4165/4253/2915 4166/4254/2916 3312/3329/2348
f 4166/4254/2916 4165/4253/2915 4167/4255/2917
f 4165/4253/2915 3312/3329/2348 3311/3328/2347
f 4165/4253/2915 4168/4256/2918 4167/4255/2917
f 4165/4257/2915 3311/4258/2347 4169/4259/2919
f 4169/4259/2919 3311/4258/2347 4170/4260/2920
f 4168/4256/2918 4171/4261/2921 4167/4255/2917
f 3311/3328/2347 3310/3327/2346 4172/4262/2922
f 4171/4261/2921 4168/4256/2918 4173/4263/2923
f 4174/4264/2924 4171/4261/2921 4173/4263/2923
f 4171/4261/2921 4174/4264/2924 4175/4265/2925
f 4174/4264/2924 4176/4266/2926 4175/4265/2925
f 4176/4266/2926 4174/4264/2924 4177/4267/2927
f 4176/4266/2926 4177/4267/2927 4178/4268/2928
f 4179/4269/2929 4178/4268/2928 4177/4267/2927
f 4179/4270/2929 4180/4271/2930 4178/4272/2928
f 4180/4271/2930 4179/4270/2929 4181/4273/2931
f 4180/4271/2930 4181/4273/2931 4182/4274/2932
f 4181/4273/2931 4183/4275/2933 4182/4274/2932
f 4184/4276/2934 4182/4274/2932 4183/4275/2933
f 4185/4277/2935 4184/4276/2934 4183/4275/2933
f 4186/4278/2936 4187/4279/2937 4188/4280/2938
f 4187/4279/2937 4189/4281/2939 4188/4280/2938
f 4190/4282/2940 4188/4280/2938 4189/4281/2939
f 4190/4282/2940 4189/4281/2939 4191/4283/2941
f 4191/4283/2941 4192/4284/2942 4190/4282/2940
f 4193/4285/2943 4192/4284/2942 4191/4283/2941
f 4192/4284/2942 4193/4285/2943 4194/4286/2944
f 4195/4287/2945 4194/4286/2944 4193/4285/2943
f 4195/4287/2945 4193/4285/2943 4196/4288/2743
f 4196/4288/2743 4197/4289/2281 4195/4287/2945
f 4197/4289/2281 4198/4290/2281 4195/4287/2945
f 4198/4290/2281 4197/4289/2281 4199/4291/2281
f 4199/4291/2281 4200/4292/2281 4198/4290/2281
f 4200/4292/2281 4199/4291/2281 4201/4293/2281
f 4201/4293/2281 4202/4294/2281 4200/4292/2281
f 4202/4294/2281 4201/4293/2281 4203/4295/2281
f 4204/4296/2946 4202/4294/2281 4203/4295/2281
f 4202/4294/2281 4204/4296/2946 4205/4297/2742
f 4206/4298/2281 4205/4297/2742 4204/4296/2946
f 4205/4297/2742 4206/4298/2281 4207/4299/2281
f 4207/4299/2281 4206/4298/2281 4208/4300/2281
f 4208/4300/2281 4209/4301/2743 4207/4299/2281
f 4210/4302/2947 4209/4301/2743 4208/4300/2281
f 4211/4303/2948 4209/4301/2743 4210/4302/2947
f 4212/4304/2949 4209/4301/2743 4211/4303/2948
f 4211/4303/2948 4213/4305/2747 4212/4304/2949
f 4213/4305/2747 4211/4303/2948 4214/4306/2950
f 4213/4305/2747 4214/4306/2950 4215/4307/2951
f 4216/4308/2952 4215/4307/2951 4214/4306/2950
f 4217/4309/2953 4215/4307/2951 4216/4308/2952
f 4216/4308/2952 4218/4310/2954 4217/4309/2953
f 4218/4310/2954 4219/4311/2955 4217/4309/2953
f 4219/4311/2955 4218/4310/2954 4220/4312/2956
f 4221/4313/2957 4219/4311/2955 4220/4312/2956
f 4219/4311/2955 4221/4313/2957 4222/4314/2958
f 4223/4315/2959 4222/4314/2958 4221/4313/2957
f 4222/4314/2958 4223/4315/2959 4224/4316/2960
f 4225/4317/2961 4224/4316/2960 4223/4315/2959
f 4225/4317/2961 4226/4318/2962 4224/4316/2960
f 4227/4319/2963 4226/4318/2962 4225/4317/2961
f 4227/4319/2963 4228/4320/2964 4226/4318/2962
f 4226/4318/2962 4228/4320/2964 4229/4321/2965
f 4230/4322/2966 4229/4321/2965 4228/4320/2964
f 4231/4323/2967 4229/4321/2965 4230/4322/2966
f 4226/4318/2962 4229/4321/2965 4232/4324/2968
f 4232/4324/2968 4229/4321/2965 4233/4325/2969
f 4232/4324/2968 4233/4325/2969 4234/4326/2970
f 4234/4326/2970 4235/4327/2971 4232/4324/2968
f 4235/4327/2971 4234/4326/2970 4236/4328/2972
f 4237/4329/2973 4235/4327/2971 4236/4328/2972
f 4237/4329/2973 3868/3936/2765 4235/4327/2971
f 3866/3934/2763 4235/4327/2971 3868/3936/2765
f 3322/3339/2358 4238/4330/2974 3323/3340/2359
f 4239/4331/2975 4238/4330/2974 3322/3339/2358
f 4238/4330/2974 4239/4331/2975 4240/4332/2976
f 4239/4331/2975 4241/4333/2977 4240/4332/2976
f 4241/4334/2977 4239/4335/2975 4242/4336/2978
f 4243/4337/2979 4241/4338/2977 4242/4339/2978
f 4243/4337/2979 4242/4339/2978 4244/4340/2980
f 4245/4341/2981 4243/4337/2979 4244/4340/2980
f 4245/4341/2981 4244/4340/2980 4246/4342/2982
f 4245/4343/2981 4246/4344/2982 4247/4345/2983
f 4248/4346/2984 4247/4347/2983 4246/4348/2982
f 4248/4349/2984 4249/4350/2985 4247/4351/2983
f 4250/4352/2986 4249/4350/2985 4248/4349/2984
f 4249/4350/2985 4250/4352/2986 4251/4353/2987
f 4250/4352/2986 4252/4354/2988 4251/4353/2987
f 4252/4354/2988 4253/4355/2989 4251/4353/2987
f 4253/4355/2989 4254/4356/2990 4251/4353/2987
f 4254/4356/2990 4253/4355/2989 4255/4357/2991
f 4256/4358/2992 4254/4356/2990 4255/4357/2991
f 4256/4358/2992 4255/4357/2991 4257/4359/2993
f 4258/4360/2994 4256/4358/2992 4257/4359/2993
f 4258/4360/2994 4257/4359/2993 4259/4361/2995
f 4259/4361/2995 4260/4362/2996 4258/4360/2994
f 4260/4362/2996 4259/4361/2995 4261/4363/2997
f 4261/4363/2997 4262/4364/2998 4260/4362/2996
f 4262/4365/2998 4261/4366/2997 4263/4367/2999
f 4264/4368/3000 4262/4369/2998 4263/4370/2999
f 4263/4370/2999 4265/4371/3001 4264/4368/3000
f 4265/4371/3001 4263/4370/2999 4065/4372/2903
f 4265/4371/3001 4065/4372/2903 4064/4373/2902
f 3955/4033/2820 4266/4374/3002 3954/4032/2819
f 4267/4375/3003 4266/4374/3002 3955/4033/2820
f 4267/4376/3003 4268/4377/3004 4266/4378/3002
f 4269/4379/3005 4268/4377/3004 4267/4376/3003
f 4270/4380/3006 4268/4377/3004 4269/4379/3005
f 4269/4379/3005 4271/4381/3007 4270/4380/3006
f 4271/4381/3007 4272/4382/3008 4270/4380/3006
f 4272/4382/3008 4271/4381/3007 4273/4383/3009
f 4273/4383/3009 4274/4384/3010 4272/4382/3008
f 4274/4384/3010 4273/4383/3009 4275/4385/3011
f 4276/4386/3012 4274/4387/3010 4275/4388/3011
f 4274/4387/3010 4276/4386/3012 4277/4389/3013
f 4277/4389/3013 4276/4386/3012 4278/4390/3014
f 4277/4389/3013 4278/4390/3014 4279/4391/3015
f 4277/4389/3013 4279/4391/3015 4280/4392/3016
f 4280/4393/3016 4279/4394/3015 4281/4395/3017
f 4279/4391/3015 4278/4390/3014 4282/4396/3018
f 4282/4396/3018 4278/4390/3014 4283/4397/3019
f 4284/4398/2657 3975/4053/2832 4285/4399/3020
f 4284/4398/2657 4285/4399/3020 4286/4400/2282
f 3975/4053/2832 4287/4401/3021 4285/4399/3020
f 3975/4053/2832 4288/4402/2657 4287/4401/3021
f 3972/4050/2830 4288/4402/2657 3975/4053/2832
f 3972/4050/2830 4289/4403/3022 4288/4402/2657
f 3972/4050/2830 4290/4404/3023 4289/4403/3022
f 4291/4405/3024 4290/4404/3023 3972/4050/2830
f 4291/4405/3024 4292/4406/2282 4290/4404/3023
f 4293/4407/3025 4294/4408/1261 4295/4409/2129
f 4296/4410/1331 4295/4409/2129 4294/4408/1261
f 4293/4407/3025 4295/4409/2129 4297/4411/3026
f 4295/4409/2129 4296/4410/1331 4298/4412/1331
f 4297/4413/3026 4299/4414/2791 4293/4415/3025
f 4296/4410/1331 4300/4416/2289 4298/4412/1331
f 4299/4414/2791 4297/4413/3026 4301/4417/2791
f 4300/4416/2289 4296/4410/1331 4302/4418/2289
f 4301/4417/2791 4303/4419/1316 4299/4414/2791
f 4304/4420/3027 4300/4416/2289 4302/4418/2289
f 4303/4419/1316 4301/4417/2791 4305/4421/1316
f 4300/4416/2289 4304/4420/3027 4306/4422/2306
f 4307/4423/1310 4303/4419/1316 4305/4421/1316
f 4304/4420/3027 4308/4424/3028 4306/4422/2306
f 4303/4419/1316 4307/4423/1310 4309/4425/1310
f 4308/4424/3028 4304/4420/3027 4310/4426/3029
f 4309/4425/1310 4307/4423/1310 4311/4427/1267
f 4312/4428/3030 4308/4429/3028 4310/4430/3029
f 4307/4423/1310 4313/4431/1267 4311/4427/1267
f 4308/4429/3028 4312/4428/3030 4314/4432/3031
f 4311/4427/1267 4313/4431/1267 4315/4433/1279
f 4312/4428/3030 4316/4434/1346 4314/4432/3031
f 4311/4427/1267 4315/4433/1279 4317/4435/2299
f 4316/4434/1346 4312/4428/3030 4318/4436/1346
f 4315/4437/1279 4319/4438/3032 4317/4439/2299
f 4318/4436/1346 4320/4440/2147 4316/4434/1346
f 4319/4438/3032 4315/4437/1279 4321/4441/3033
f 4316/4434/1346 4320/4440/2147 4322/4442/2147
f 4323/4443/3034 4319/4438/3032 4321/4441/3033
f 4320/4440/2147 4324/4444/3035 4322/4442/2147
f 4319/4438/3032 4323/4443/3034 4325/4445/3034
f 4324/4444/3035 4320/4440/2147 4326/4446/3036
f 4323/4443/3034 4327/4447/2311 4325/4445/3034
f 4328/4448/3037 4324/4449/3035 4326/4450/3036
f 4329/4451/2311 4327/4447/2311 4323/4443/3034
f 4324/4449/3035 4328/4448/3037 4330/4452/1336
f 4329/4451/2311 4331/4453/2296 4327/4447/2311
f 4328/4448/3037 4331/4453/2296 4330/4452/1336
f 4331/4453/2296 4332/4454/2296 4327/4447/2311
f 4331/4453/2296 4328/4448/3037 4332/4454/2296
f 4333/4455/3038 4334/4456/3039 4335/4457/3040
f 4336/4458/3041 4337/4459/3042 4338/4460/3043
f 4335/4457/3040 4339/4461/3044 4333/4455/3038
f 4340/4462/3045 4337/4459/3042 4336/4458/3041
f 4341/4463/3046 4333/4455/3038 4339/4461/3044
f 4342/4464/3047 4341/4463/3046 4339/4461/3044
f 4343/4465/3048 4341/4463/3046 4342/4464/3047
f 4343/4465/3048 4342/4464/3047 4344/4466/3049
f 4344/4466/3049 4345/4467/3050 4343/4465/3048
f 4346/4468/3051 4345/4467/3050 4344/4466/3049
f 4345/4467/3050 4346/4468/3051 4347/4469/3052
f 4346/4468/3051 4348/4470/3053 4347/4469/3052
f 4346/4468/3051 4349/4471/3054 4348/4470/3053
f 4349/4471/3054 4350/4472/2281 4348/4470/3053
f 4350/4472/2281 4351/4473/2281 4348/4470/3053
f 4351/4473/2281 4350/4472/2281 4352/4474/2281
f 4352/4474/2281 4353/4475/2281 4351/4473/2281
f 4353/4475/2281 4352/4474/2281 4354/4476/2281
f 4354/4476/2281 4355/4477/2281 4353/4475/2281
f 4355/4477/2281 4354/4476/2281 4356/4478/2281
f 4357/4479/2751 4355/4477/2281 4356/4478/2281
f 4355/4477/2281 4357/4479/2751 4358/4480/3055
f 4359/4481/2281 4358/4480/3055 4357/4479/2751
f 4358/4480/3055 4359/4481/2281 4360/4482/2742
f 4360/4482/2742 4359/4481/2281 4361/4483/2281
f 4361/4483/2281 4362/4484/3054 4360/4482/2742
f 4363/4485/3056 4362/4484/3054 4361/4483/2281
f 4363/4485/3056 4364/4486/3057 4362/4484/3054
f 4364/4486/3057 4365/4487/3058 4362/4484/3054
f 4364/4486/3057 4366/4488/3059 4365/4487/3058
f 4366/4488/3059 4364/4486/3057 4367/4489/3059
f 4366/4488/3059 4367/4489/3059 4368/4490/3060
f 4369/4491/3061 4368/4490/3060 4367/4489/3059
f 4370/4492/3062 4368/4490/3060 4369/4491/3061
f 4370/4492/3062 4369/4491/3061 4371/4493/3063
f 4372/4494/3064 4370/4492/3062 4371/4493/3063
f 4371/4493/3063 4373/4495/3065 4372/4494/3064
f 4374/4496/3066 4372/4494/3064 4373/4495/3065
f 4372/4494/3064 4374/4496/3066 4375/4497/3067
f 4376/4498/3068 4375/4497/3067 4374/4496/3066
f 4375/4497/3067 4376/4498/3068 4377/4499/3069
f 4376/4498/3068 4378/4500/3070 4377/4499/3069
f 4379/4501/3071 4377/4499/3069 4378/4500/3070
f 4380/4502/3072 4379/4501/3071 4378/4500/3070
f 4380/4502/3072 4381/4503/3070 4379/4501/3071
f 4379/4501/3071 4381/4503/3070 4382/4504/3073
f 4340/4462/3045 4382/4504/3073 4381/4503/3070
f 4336/4458/3041 4382/4504/3073 4340/4462/3045
f 4379/4501/3071 4382/4504/3073 4383/4505/3074
f 4384/4506/3075 4383/4505/3074 4382/4504/3073
f 4385/4507/3076 4383/4505/3074 4384/4506/3075
f 4385/4507/3076 4386/4508/3077 4383/4505/3074
f 4386/4508/3077 4385/4507/3076 4387/4509/3078
f 4388/4510/3079 4387/4509/3078 4385/4507/3076
f 4389/4511/3080 4386/4508/3077 4387/4509/3078
f 4390/4512/3081 4388/4510/3079 4385/4507/3076
f 4389/4511/3080 4391/4513/3082 4386/4508/3077
f 4388/4510/3079 4390/4512/3081 4392/4514/3083
f 4386/4508/3077 4391/4513/3082 4393/4515/3084
f 4394/4516/3085 4392/4514/3083 4390/4512/3081
f 4393/4515/3084 4391/4513/3082 4395/4517/3086
f 4392/4514/3083 4394/4516/3085 4396/4518/3087
f 4395/4517/3086 4397/4519/3088 4393/4515/3084
f 4394/4516/3085 4398/4520/2335 4396/4518/3087
f 4397/4519/3088 4395/4517/3086 4399/4521/3089
f 4398/4520/2335 4400/4522/3090 4396/4518/3087
f 4399/4521/3089 4186/4278/2936 4397/4519/3088
f 4400/4522/3090 4401/4523/3091 4396/4518/3087
f 4186/4278/2936 4399/4521/3089 4402/4524/3092
f 4401/4523/3091 4400/4522/3090 4231/4323/2967
f 4187/4279/2937 4186/4278/2936 4402/4524/3092
f 4231/4323/2967 4230/4322/2966 4401/4523/3091
f 4403/4525/3093 4404/4526/3094 4405/4527/3095
f 4406/4528/3096 4407/4529/3097 4408/4530/3098
f 4405/4527/3095 4409/4531/3099 4403/4525/3093
f 4407/4529/3097 4410/4532/3100 4408/4530/3098
f 4409/4531/3099 4405/4527/3095 4411/4533/3101
f 4410/4532/3100 4407/4529/3097 4412/4534/3102
f 4413/4535/3103 4409/4531/3099 4411/4533/3101
f 4412/4534/3102 4414/4536/3104 4410/4532/3100
f 4415/4537/3105 4409/4531/3099 4413/4535/3103
f 4413/4535/3103 4416/4538/3106 4415/4537/3105
f 4417/4539/3107 4415/4537/3105 4416/4538/3106
f 4417/4539/3107 4416/4538/3106 4418/4540/3108
f 4418/4540/3108 4419/4541/3109 4417/4539/3107
f 4420/4542/3110 4419/4541/3109 4418/4540/3108
f 4419/4541/3109 4420/4542/3110 4421/4543/3111
f 4422/4544/3112 4421/4543/3111 4420/4542/3110
f 4422/4544/3112 4420/4542/3110 4423/4545/3113
f 4423/4545/3113 4424/4546/2281 4422/4544/3112
f 4424/4546/2281 4425/4547/2281 4422/4544/3112
f 4425/4547/2281 4424/4546/2281 4426/4548/2281
f 4426/4548/2281 4427/4549/2946 4425/4547/2281
f 4427/4549/2946 4426/4548/2281 4428/4550/3114
f 4428/4550/3114 4429/4551/2281 4427/4549/2946
f 4429/4551/2281 4428/4550/3114 4430/4552/2281
f 4431/4553/3114 4429/4551/2281 4430/4552/2281
f 4429/4551/2281 4431/4553/3114 4432/4554/2281
f 4433/4555/2281 4432/4554/2281 4431/4553/3114
f 4432/4554/2281 4433/4555/2281 4434/4556/2281
f 4434/4556/2281 4433/4555/2281 4435/4557/2281
f 4435/4557/2281 4436/4558/3112 4434/4556/2281
f 4437/4559/3115 4436/4558/3112 4435/4557/2281
f 4438/4560/3116 4436/4558/3112 4437/4559/3115
f 4439/4561/3117 4436/4558/3112 4438/4560/3116
f 4438/4560/3116 4440/4562/3118 4439/4561/3117
f 4440/4562/3118 4438/4560/3116 4441/4563/3119
f 4440/4562/3118 4441/4563/3119 4442/4564/3120
f 4443/4565/3121 4442/4564/3120 4441/4563/3119
f 4444/4566/3122 4442/4564/3120 4443/4565/3121
f 4443/4565/3121 4445/4567/3123 4444/4566/3122
f 4445/4567/3123 4446/4568/3124 4444/4566/3122
f 4445/4567/3123 4447/4569/3125 4446/4568/3124
f 4448/4570/3126 4446/4568/3124 4447/4569/3125
f 4446/4568/3124 4448/4570/3126 4449/4571/3127
f 4450/4572/3128 4449/4571/3127 4448/4570/3126
f 4449/4571/3127 4450/4572/3128 4451/4573/3129
f 4451/4573/3129 4450/4572/3128 4452/4574/3130
f 4453/4575/3131 4451/4573/3129 4452/4574/3130
f 4454/4576/3132 4453/4575/3131 4452/4574/3130
f 4454/4576/3132 4455/4577/3130 4453/4575/3131
f 4453/4575/3131 4455/4577/3130 4456/4578/3133
f 4414/4536/3104 4456/4578/3133 4455/4577/3130
f 4412/4534/3102 4456/4578/3133 4414/4536/3104
f 4456/4578/3133 4457/4579/3134 4453/4575/3131
f 4457/4579/3134 4456/4578/3133 4458/4580/3135
f 4457/4579/3134 4458/4580/3135 4459/4581/3136
f 4457/4579/3134 4459/4581/3136 4460/4582/3137
f 4460/4582/3137 4459/4581/3136 4461/4583/3138
f 4462/4584/3139 4461/4583/3138 4459/4581/3136
f 4463/4585/3138 4460/4582/3137 4461/4583/3138
f 4464/4586/3140 4462/4584/3139 4459/4581/3136
f 4463/4585/3138 4465/4587/3141 4460/4582/3137
f 4462/4584/3139 4464/4586/3140 4466/4588/3142
f 4467/4589/3143 4460/4582/3137 4465/4587/3141
f 4464/4586/3140 4468/4590/3144 4466/4588/3142
f 4465/4587/3141 4469/4591/3145 4467/4589/3143
f 4470/4592/3146 4466/4588/3142 4468/4590/3144
f 4469/4591/3145 4471/4593/3147 4467/4589/3143
f 4470/4592/3146 4468/4590/3144 4472/4594/2341
f 4471/4593/3147 4469/4591/3145 4334/4456/3039
f 4338/4460/3043 4470/4592/3146 4472/4594/2341
f 4334/4456/3039 4333/4455/3038 4471/4593/3147
f 4337/4459/3042 4470/4592/3146 4338/4460/3043
f 4473/4595/3148 4474/4596/3149 4475/4597/3150
f 4476/4598/3151 4477/4599/3152 4478/4600/3153
f 4473/4595/3148 4479/4601/3154 4474/4596/3149
f 4478/4600/3153 4480/4602/3155 4476/4598/3151
f 4479/4601/3154 4473/4595/3148 4481/4603/3156
f 4482/4604/3157 4476/4598/3151 4480/4602/3155
f 4481/4603/3156 4483/4605/3158 4479/4601/3154
f 4476/4598/3151 4482/4604/3157 4484/4606/3159
f 4483/4605/3158 4481/4603/3156 4485/4607/3160
f 4486/4608/3161 4484/4606/3159 4482/4604/3157
f 4485/4607/3160 4487/4609/3162 4483/4605/3158
f 4486/4608/3161 4488/4610/3163 4484/4606/3159
f 4489/4611/3164 4483/4605/3158 4487/4609/3162
f 4487/4609/3162 4490/4612/3165 4489/4611/3164
f 4491/4613/3166 4489/4611/3164 4490/4612/3165
f 4492/4614/3167 4491/4613/3166 4490/4612/3165
f 4492/4614/3167 4493/4615/3168 4491/4613/3166
f 4494/4616/3169 4493/4615/3168 4492/4614/3167
f 4493/4615/3168 4494/4616/3169 4495/4617/3170
f 4494/4616/3169 4496/4618/3171 4495/4617/3170
f 4496/4618/3171 4494/4616/3169 4497/4619/3172
f 4497/4619/3172 4498/4620/2281 4496/4618/3171
f 4498/4620/2281 4499/4621/2281 4496/4618/3171
f 4499/4621/2281 4498/4620/2281 4500/4622/2281
f 4500/4622/2281 4501/4623/2281 4499/4621/2281
f 4501/4623/2281 4500/4622/2281 4502/4624/3173
f 4502/4624/3173 4503/4625/2281 4501/4623/2281
f 4503/4625/2281 4502/4624/3173 4504/4626/2281
f 4505/4627/2281 4503/4625/2281 4504/4626/2281
f 4503/4625/2281 4505/4627/2281 4506/4628/2281
f 4507/4629/2281 4506/4628/2281 4505/4627/2281
f 4506/4628/2281 4507/4629/2281 4508/4630/2281
f 4508/4630/2281 4507/4629/2281 4509/4631/2281
f 4509/4631/2281 4510/4632/3171 4508/4630/2281
f 4511/4633/3171 4510/4632/3171 4509/4631/2281
f 4512/4634/3174 4510/4632/3171 4511/4633/3171
f 4513/4635/3175 4510/4632/3171 4512/4634/3174
f 4512/4634/3174 4514/4636/3176 4513/4635/3175
f 4514/4636/3176 4512/4634/3174 4515/4637/3177
f 4514/4636/3176 4515/4637/3177 4516/4638/3178
f 4517/4639/3179 4516/4638/3178 4515/4637/3177
f 4518/4640/3180 4516/4638/3178 4517/4639/3179
f 4517/4639/3179 4519/4641/3181 4518/4640/3180
f 4519/4641/3181 4520/4642/3182 4518/4640/3180
f 4520/4642/3182 4519/4641/3181 4521/4643/3183
f 4522/4644/3184 4520/4642/3182 4521/4643/3183
f 4520/4642/3182 4522/4644/3184 4523/4645/3185
f 4524/4646/3186 4523/4645/3185 4522/4644/3184
f 4523/4645/3185 4524/4646/3186 4525/4647/3187
f 4524/4646/3186 4526/4648/3188 4525/4647/3187
f 4525/4647/3187 4526/4648/3188 4527/4649/3189
f 4528/4650/3190 4527/4649/3189 4526/4648/3188
f 4528/4650/3190 4529/4651/3190 4527/4649/3189
f 4527/4649/3189 4529/4651/3190 4530/4652/3191
f 4488/4610/3163 4530/4652/3191 4529/4651/3190
f 4486/4608/3161 4530/4652/3191 4488/4610/3163
f 4527/4649/3189 4530/4652/3191 4531/4653/3192
f 4532/4654/3193 4531/4653/3192 4530/4652/3191
f 4533/4655/3194 4531/4653/3192 4532/4654/3193
f 4533/4655/3194 4534/4656/3195 4531/4653/3192
f 4534/4656/3195 4533/4655/3194 4535/4657/3196
f 4536/4658/3197 4535/4657/3196 4533/4655/3194
f 4537/4659/3198 4534/4656/3195 4535/4657/3196
f 4538/4660/3199 4536/4658/3197 4533/4655/3194
f 4537/4659/3198 4539/4661/3200 4534/4656/3195
f 4536/4658/3197 4538/4660/3199 4540/4662/3201
f 4539/4661/3200 4541/4663/3202 4534/4656/3195
f 4540/4662/3201 4538/4660/3199 4542/4664/3203
f 4541/4663/3202 4539/4661/3200 4404/4526/3094
f 4542/4664/3203 4408/4530/3098 4540/4662/3201
f 4404/4526/3094 4403/4525/3093 4541/4663/3202
f 4408/4530/3098 4542/4664/3203 4406/4528/3096
f 4066/4154/2904 4067/4155/2905 4543/4665/2282
f 4544/4666/3204 4545/4667/2789 4546/4668/3205
f 3328/3345/2364 3330/3347/2366 4547/4669/3206
f 4547/4670/3206 4548/4671/3207 3328/4672/2364
f 4548/4673/3207 4547/4674/3206 4549/4675/3208
f 4550/4676/3209 4548/4677/3207 4549/4678/3208
f 4548/4677/3207 4550/4676/3209 4551/4679/3210
f 4550/4676/3209 4552/4680/3211 4551/4679/3210
f 4551/4679/3210 4552/4680/3211 4553/4681/3212
f 4554/4682/3213 4553/4681/3212 4552/4680/3211
f 4553/4681/3212 4554/4682/3213 4555/4683/3214
f 4555/4683/3214 4554/4682/3213 4556/4684/3215
f 4556/4684/3215 4557/4685/3216 4555/4683/3214
f 4558/4686/3217 4557/4687/3216 4556/4688/3215
f 4557/4687/3216 4558/4686/3217 4559/4689/3218
f 4558/4686/3217 4560/4690/3219 4559/4689/3218
f 4560/4690/3219 4561/4691/3220 4559/4689/3218
f 4560/4690/3219 4562/4692/3221 4561/4691/3220
f 4562/4692/3221 4563/4693/3222 4561/4691/3220
f 3335/3354/2371 4564/4694/3223 3336/3355/2372
f 4565/4695/3224 4564/4696/3223 3335/4697/2371
f 4564/4696/3223 4565/4695/3224 4566/4698/3225
f 4565/4699/3224 4567/4700/3226 4566/4701/3225
f 4567/4700/3226 4565/4699/3224 4568/4702/3227
f 4569/4703/3228 4567/4700/3226 4568/4702/3227
f 4568/4702/3227 4570/4704/3229 4569/4703/3228
f 4570/4704/3229 4571/4705/3230 4569/4703/3228
f 4570/4704/3229 4572/4706/3231 4571/4705/3230
f 4572/4706/3231 4573/4707/3232 4571/4705/3230
f 4574/4708/3233 4573/4707/3232 4572/4706/3231
f 4573/4709/3232 4574/4710/3233 4575/4711/3234
f 4576/4712/3235 4575/4711/3234 4574/4710/3233
f 4577/4713/3236 4575/4711/3234 4576/4712/3235
f 4578/4714/3237 4577/4713/3236 4576/4712/3235
f 4577/4713/3236 4578/4714/3237 4579/4715/3238
f 4578/4714/3237 4580/4716/3239 4579/4715/3238
f 3342/3363/2378 3344/3365/2380 4581/4717/3240
f 4581/4717/3240 4582/4718/3241 3342/3363/2378
f 4582/4718/3241 4581/4717/3240 4583/4719/3242
f 4584/4720/3243 4582/4721/3241 4583/4722/3242
f 4582/4721/3241 4584/4720/3243 4585/4723/3244
f 4584/4720/3243 4586/4724/3245 4585/4723/3244
f 4587/4725/3246 4585/4723/3244 4586/4724/3245
f 4588/4726/3247 4587/4725/3246 4586/4724/3245
f 4589/4727/3248 4587/4725/3246 4588/4726/3247
f 4589/4727/3248 4588/4726/3247 4590/4728/3249
f 4590/4728/3249 4591/4729/3250 4589/4727/3248
f 4591/4730/3250 4590/4731/3249 4592/4732/3251
f 4592/4732/3251 4593/4733/3252 4591/4730/3250
f 4593/4733/3252 4594/4734/3253 4591/4730/3250
f 4594/4734/3253 4593/4733/3252 4595/4735/3254
f 4593/4733/3252 4596/4736/3255 4595/4735/3254
f 4596/4736/3255 4597/4737/3256 4595/4735/3254
f 3316/3333/2352 3318/3335/2354 4598/4738/3257
f 4598/4738/3257 4599/4739/3258 3316/3333/2352
f 4599/4739/3258 4598/4738/3257 4600/4740/3259
f 4601/4741/3260 4599/4739/3258 4600/4740/3259
f 4599/4742/3258 4601/4743/3260 4602/4744/3261
f 4603/4745/3262 4602/4746/3261 4601/4747/3260
f 4604/4748/3263 4602/4746/3261 4603/4745/3262
f 4603/4745/3262 4605/4749/3264 4604/4748/3263
f 4606/4750/3265 4604/4748/3263 4605/4749/3264
f 4606/4751/3265 4605/4752/3264 4607/4753/3266
f 4607/4754/3266 4608/4755/3267 4606/4756/3265
f 4609/4757/3268 4608/4758/3267 4607/4759/3266
f 4608/4758/3267 4609/4757/3268 4610/4760/3269
f 4610/4760/3269 4609/4757/3268 4611/4761/3270
f 4612/4762/3271 4610/4760/3269 4611/4761/3270
f 4612/4762/3271 4611/4761/3270 4613/4763/3272
f 4614/4764/3273 4612/4762/3271 4613/4763/3272
f 4615/4765/3274 4616/4766/3275 4617/4767/3276
f 4617/4768/3276 4618/4769/3277 4615/4770/3274
f 4618/4769/3277 4617/4768/3276 4619/4771/3278
f 4620/4772/3279 4618/4769/3277 4619/4771/3278
f 4618/4769/3277 4620/4772/3279 4621/4773/3280
f 4622/4774/3281 4621/4773/3280 4620/4772/3279
f 4621/4773/3280 4622/4774/3281 4546/4775/3205
f 4546/4775/3205 4623/4776/3282 4621/4773/3280
f 4623/4776/3282 4546/4775/3205 4545/4777/2789
f 4624/4778/3283 4546/4775/3205 4622/4774/3281
f 4546/4775/3205 4624/4778/3283 4544/4779/3204
f 4545/4667/2789 4544/4666/3204 4625/4780/3284
f 4626/4781/3285 4544/4782/3204 4624/4783/3283
f 4544/4782/3204 4626/4781/3285 4627/4784/3286
f 4628/4785/3287 4627/4784/3286 4626/4781/3285
f 4627/4786/3286 4628/4787/3287 4054/4142/2892
f 4055/4143/2893 4054/4142/2892 4628/4787/3287
f 4055/4143/2893 4629/4788/3288 4056/4144/2894
f 4629/4788/3288 4055/4143/2893 4630/4789/3289
f 4630/4790/3289 4631/4791/3290 4629/4792/3288
f 4631/4791/3290 4632/4793/3291 4629/4792/3288
f 4631/4791/3290 4633/4794/3292 4632/4793/3291
f 4633/4794/3292 4631/4791/3290 4634/4795/3293
f 4634/4795/3293 4635/4796/3294 4633/4794/3292
f 4636/4797/3035 4633/4794/3292 4635/4796/3294
f 4635/4796/3294 4634/4795/3293 4637/4798/3295
f 4637/4799/3295 4638/4800/3296 4635/4801/3294
f 4639/4802/3297 4635/4801/3294 4638/4800/3296
f 4638/4800/3296 4637/4799/3295 4640/4803/3298
f 4641/4804/3299 4642/4805/3300 4643/4806/3301
f 4642/4805/3300 4644/4807/3302 4643/4806/3301
f 4641/4804/3299 4645/4808/3303 4642/4805/3300
f 4645/4808/3303 4641/4804/3299 4646/4809/3304
f 4645/4808/3303 4646/4809/3304 4647/4810/3305
f 4648/4811/3306 4647/4810/3305 4646/4809/3304
f 4647/4812/3305 4648/4813/3306 4649/4814/3307
f 4650/4815/3308 4649/4816/3307 4648/4817/3306
f 4650/4818/3308 4651/4819/3309 4649/4820/3307
f 4651/4819/3309 4650/4818/3308 4652/4821/3310
f 4653/4822/3311 4651/4823/3309 4652/4824/3310
f 4651/4825/3309 4653/4826/3311 4060/4827/2898
f 4060/4148/2898 4653/4828/3311 4061/4149/2899
f 4654/4829/3312 4655/4830/3313 4053/4141/2891
f 4051/4138/2889 4053/4141/2891 4655/4830/3313
f 4656/4831/3314 4657/4832/3315 4658/4833/3316
f 4659/4834/3317 4660/4835/3318 4661/4836/3319
f 4662/4837/3174 4663/4838/3320 4664/4839/2281
f 4665/4840/3110 4664/4839/2281 4663/4838/3320
f 4666/4841/3321 4662/4837/3174 4664/4839/2281
f 4667/4842/3322 4664/4839/2281 4665/4840/3110
f 4668/4843/3323 4666/4841/3321 4664/4839/2281
f 4669/4844/3324 4664/4839/2281 4667/4842/3322
f 4670/4845/3325 4668/4843/3323 4664/4839/2281
f 4671/4846/3324 4664/4839/2281 4669/4844/3324
f 4670/4845/3325 4664/4839/2281 4672/4847/3323
f 4671/4846/3324 4673/4848/3322 4664/4839/2281
f 4672/4847/3323 4664/4839/2281 4674/4849/3326
f 4673/4848/3322 4675/4850/3327 4664/4839/2281
f 4674/4849/3326 4664/4839/2281 4676/4851/3051
f 4675/4850/3327 4677/4852/3328 4664/4839/2281
f 4676/4851/3051 4664/4839/2281 4678/4853/3329
f 4677/4852/3328 4679/4854/3330 4664/4839/2281
f 4680/4855/3331 4681/4856/2281 4682/4857/3332
f 4682/4857/3332 4681/4856/2281 4683/4858/3333
f 4684/4859/3334 4681/4856/2281 4680/4855/3331
f 4683/4858/3333 4681/4856/2281 4685/4860/3335
f 4686/4861/3336 4681/4856/2281 4684/4859/3334
f 4685/4860/3335 4681/4856/2281 4686/4861/3336
f 4687/4862/3337 4688/4863/2281 4689/4864/3338
f 4689/4864/3338 4688/4863/2281 4690/4865/3339
f 4691/4866/3340 4688/4863/2281 4687/4862/3337
f 4690/4865/3339 4688/4863/2281 4692/4867/3341
f 4693/4868/3342 4688/4863/2281 4691/4866/3340
f 4692/4867/3341 4688/4863/2281 4693/4868/3342
f 4694/4869/3343 4695/4870/2281 4696/4871/3344
f 4696/4871/3344 4695/4870/2281 4697/4872/3345
f 4698/4873/3346 4695/4870/2281 4694/4869/3343
f 4697/4872/3345 4695/4870/2281 4699/4874/3347
f 4700/4875/3348 4695/4870/2281 4698/4873/3346
f 4699/4874/3347 4695/4870/2281 4700/4875/3348
f 4701/4876/3349 4702/4877/2281 4703/4878/3350
f 4703/4878/3350 4702/4877/2281 4704/4879/3351
f 4705/4880/3352 4702/4877/2281 4701/4876/3349
f 4704/4879/3351 4702/4877/2281 4706/4881/3353
f 4707/4882/3354 4702/4877/2281 4705/4880/3352
f 4706/4881/3353 4702/4877/2281 4707/4882/3354
f 4708/4883/3355 4709/4884/2281 4710/4885/3356
f 4710/4885/3356 4709/4884/2281 4711/4886/3357
f 4712/4887/3358 4709/4884/2281 4708/4883/3355
f 4711/4886/3357 4709/4884/2281 4713/4888/3359
f 4714/4889/3360 4709/4884/2281 4712/4887/3358
f 4713/4888/3359 4709/4884/2281 4714/4889/3360
f 4715/4890/3361 4678/4853/3329 4664/4839/2281
f 4716/4891/3362 4664/4839/2281 4679/4854/3330
f 4717/4892/3363 4715/4890/3361 4664/4839/2281
f 4718/4893/3364 4664/4839/2281 4716/4891/3362
f 4719/4894/3365 4717/4892/3363 4664/4839/2281
f 4720/4895/3366 4664/4839/2281 4718/4893/3364
f 4721/4896/3363 4719/4894/3365 4664/4839/2281
f 4722/4897/3367 4664/4839/2281 4720/4895/3366
f 4721/4896/3363 4664/4839/2281 4723/4898/3363
f 4722/4897/3367 4724/4899/3367 4664/4839/2281
f 4723/4898/3363 4664/4839/2281 4725/4900/3368
f 4724/4899/3367 4726/4901/3369 4664/4839/2281
f 4725/4900/3368 4664/4839/2281 4727/4902/3370
f 4726/4901/3369 4728/4903/3371 4664/4839/2281
f 4727/4902/3370 4664/4839/2281 4729/4904/3372
f 4728/4903/3371 4730/4905/3373 4664/4839/2281
f 4731/4906/3374 4729/4904/3372 4664/4839/2281
f 4732/4907/3375 4664/4839/2281 4730/4905/3373
f 4733/4908/3376 4731/4906/3374 4664/4839/2281
f 4734/4909/3377 4664/4839/2281 4732/4907/3375
f 4735/4910/3377 4733/4908/3376 4664/4839/2281
f 4736/4911/3378 4664/4839/2281 4734/4909/3377
f 4737/4912/3378 4735/4910/3377 4664/4839/2281
f 4737/4912/3378 4664/4839/2281 4736/4911/3378
f 4738/4913/3379 4739/4914/3380 4740/4915/3381
f 4741/4916/3382 4742/4917/3383 4743/4918/3384
f 4744/4919/3385 4745/4920/3386 4746/4921/3385
f 4744/4919/3385 4746/4921/3385 4747/4922/3387
f 4747/4922/3387 4746/4921/3385 4748/4923/3388
f 4749/4924/3389 4747/4922/3387 4748/4923/3388
f 4747/4922/3387 4749/4924/3389 4750/4925/3390
f 4750/4925/3390 4749/4924/3389 4751/4926/3391
f 4751/4926/3391 4752/4927/3392 4750/4925/3390
f 4751/4928/3391 4753/4929/3393 4752/4930/3392
f 4752/4930/3392 4753/4929/3393 4754/4931/3394
f 4753/4932/3393 4755/4933/3395 4754/4934/3394
f 4755/4933/3395 4753/4932/3393 4756/4935/3396
f 4755/4933/3395 4756/4935/3396 4757/4936/3397
f 4757/4936/3397 4758/4937/3398 4755/4933/3395
f 4759/4938/3399 4758/4939/3398 4757/4940/3397
f 4758/4939/3398 4759/4938/3399 4760/4941/3400
f 4759/4938/3399 4761/4942/3401 4760/4941/3400
f 4759/4938/3399 4616/4766/3275 4761/4942/3401
f 4760/4941/3400 4761/4942/3401 4762/4943/3402
f 4762/4943/3402 4763/4944/1257 4760/4941/3400
f 4761/4942/3401 4616/4766/3275 4615/4765/3274
f 3611/3656/2600 3613/3658/2601 4764/4945/3403
f 4765/4946/3404 3611/3656/2600 4764/4945/3403
f 4765/4946/3404 4766/3654/3405 3611/3656/2600
f 4765/4946/3404 4764/4945/3403 4767/4947/3406
f 4766/3654/3405 4765/4946/3404 4768/4948/3407
f 4767/4947/3406 4764/4945/3403 4769/4949/3408
f 4768/4948/3407 4770/3651/3409 4766/3654/3405
f 4769/4949/3408 4771/4950/3410 4767/4947/3406
f 4772/4951/3411 4770/3651/3409 4768/4948/3407
f 4773/4952/3412 4771/4950/3410 4769/4949/3408
f 4774/4953/3413 4770/4954/3409 4772/4955/3411
f 4771/4950/3410 4773/4952/3412 4775/4956/3414
f 4770/4957/3409 4774/4958/3413 4776/4959/3415
f 4773/4952/3412 4777/4960/3416 4775/4956/3414
f 4774/4961/3413 4778/4962/3417 4776/4963/3415
f 4777/4960/3416 4773/4952/3412 4779/4964/3418
f 4774/4965/3413 4780/4966/3419 4778/4967/3417
f 4778/4967/3417 4780/4966/3419 4781/4968/3420
f 4781/4968/3420 4780/4966/3419 4782/4969/3421
f 4782/4969/3421 4783/4970/3422 4781/4968/3420
f 4783/4970/3422 4782/4969/3421 4784/4971/3423
f 4784/4971/3423 4785/4972/3424 4783/4970/3422
f 4783/4970/3422 4785/4972/3424 4786/4973/3425
f 4787/4974/3426 4788/4975/3427 4789/4976/3428
f 4789/4976/3428 4788/4975/3427 4790/4977/3426
f 4787/4974/3426 4789/4976/3428 4791/4978/3429
f 4791/4978/3429 4789/4976/3428 4792/4979/3430
f 4789/4976/3428 4793/4980/3431 4792/4979/3430
f 4793/4980/3431 4789/4976/3428 4794/4981/3432
f 4791/4978/3429 4792/4979/3430 4795/4982/3433
f 4793/4980/3431 4795/4982/3433 4792/4979/3430
f 4793/4980/3431 4796/4983/3329 4795/4982/3433
f 4797/4984/3434 4791/4978/3429 4795/4982/3433
f 4797/4984/3434 4795/4982/3433 4798/4985/3434
f 4799/4986/3435 4800/4987/3436 4801/4988/3437
f 4799/4986/3435 4801/4988/3437 4802/4989/3438
f 4802/4989/3438 4801/4988/3437 4803/4990/3439
f 4801/4988/3437 4804/4991/3440 4803/4990/3439
f 4804/4991/3440 4801/4988/3437 4805/4992/3320
f 4802/4989/3438 4803/4990/3439 4806/4993/3441
f 4806/4993/3441 4803/4990/3439 4804/4991/3440
f 4804/4991/3440 4807/4994/3442 4806/4993/3441
f 4808/4995/3443 4802/4989/3438 4806/4993/3441
f 4808/4995/3443 4806/4993/3441 4809/4996/3444
f 4806/4993/3441 4810/4997/3445 4809/4996/3444
f 4811/4998/3446 4812/4999/3446 4813/5000/3447
f 4813/5000/3447 4812/4999/3446 4814/5001/3446
f 4811/4998/3446 4813/5000/3447 4815/5002/3448
f 4815/5002/3448 4813/5000/3447 4816/5003/3449
f 4816/5003/3449 4813/5000/3447 4817/5004/3378
f 4817/5004/3378 4813/5000/3447 4818/5005/3450
f 4815/5002/3448 4816/5003/3449 4819/5006/3451
f 4819/5006/3451 4816/5003/3449 4817/5004/3378
f 4819/5006/3451 4817/5004/3378 4820/5007/3452
f 4821/5008/3453 4815/5002/3448 4819/5006/3451
f 4821/5008/3453 4819/5006/3451 4822/5009/3454
f 4819/5006/3451 4823/5010/3453 4822/5009/3454
f 4824/5011/3455 4825/5012/3456 4826/5013/3457
f 4826/5013/3457 4825/5012/3456 4827/5014/3458
f 4824/5011/3455 4826/5013/3457 4828/5015/3459
f 4828/5015/3459 4826/5013/3457 4829/5016/3460
f 4829/5016/3460 4826/5013/3457 4830/5017/3461
f 4826/5013/3457 4831/5018/3462 4830/5017/3461
f 4828/5015/3459 4829/5016/3460 4832/5019/3463
f 4830/5017/3461 4832/5019/3463 4829/5016/3460
f 4832/5019/3463 4830/5017/3461 4833/5020/3464
f 4834/5021/3465 4828/5015/3459 4832/5019/3463
f 4834/5021/3465 4832/5019/3463 4835/5022/3466
f 4832/5019/3463 4836/5023/3467 4835/5022/3466
f 4837/5024/3468 4838/5025/3469 4039/4123/2877
f 4038/4122/2876 4039/4123/2877 4838/5025/3469
f 3889/3961/2786 3888/3960/2785 4041/4125/2879
f 4041/4125/2879 4040/4124/2878 3889/3961/2786
f 4839/5026/3470 4840/5027/3471 4841/5028/3470
f 4840/5027/3471 4842/5029/3472 4841/5028/3470
f 4839/5026/3470 4843/5030/3473 4840/5027/3471
f 4843/5030/3473 4844/5031/3474 4840/5027/3471
f 4845/5032/3367 4840/5027/3471 4844/5031/3474
f 4840/5027/3471 4845/5032/3367 4846/5033/3475
f 4843/5030/3473 4847/5034/3476 4844/5031/3474
f 4847/5034/3476 4845/5032/3367 4844/5031/3474
f 4848/5035/3477 4845/5032/3367 4847/5034/3476
f 4849/5036/3478 4847/5034/3476 4843/5030/3473
f 4849/5036/3478 4850/5037/3478 4847/5034/3476
f 4847/5034/3476 4850/5037/3478 4851/5038/3479
f 3871/3939/2768 3870/3938/2767 4852/5039/3480
f 4853/5040/3481 3871/3939/2768 4852/5039/3480
f 4852/5039/3480 4854/5041/3482 4853/5040/3481
f 4855/5042/3483 4853/5040/3481 4854/5041/3482
f 4853/5040/3481 4855/5042/3483 4856/5043/3484
f 4857/5044/3485 4856/5043/3484 4855/5042/3483
f 4856/5043/3484 4857/5044/3485 4858/5045/3486
f 4858/5045/3486 4857/5044/3485 4859/5046/3487
f 4860/5047/3488 4858/5045/3486 4859/5046/3487
f 4861/5048/3489 4860/5047/3488 4859/5046/3487
f 4861/5048/3489 4862/5049/3490 4860/5047/3488
f 4860/5047/3488 4862/5049/3490 4863/5050/3491
f 4864/5051/3492 4863/5050/3491 4862/5049/3490
f 4863/5050/3491 4865/5052/2553 4860/5047/3488
f 4866/5053/3493 4863/5050/3491 4864/5051/3492
f 4867/5054/3494 4865/5052/2553 4863/5050/3491
f 4866/5053/3493 4864/5051/3492 4868/5055/3495
f 4869/5056/3496 4866/5053/3493 4868/5055/3495
f 4868/5055/3495 4870/5057/3497 4869/5056/3496
f 4869/5056/3496 4870/5057/3497 4871/5058/3498
f 4870/5057/3497 4872/5059/3499 4871/5058/3498
f 4872/5059/3499 4870/5057/3497 4873/5060/3500
f 4873/5060/3500 4874/5061/3501 4872/5059/3499
f 4874/5061/3501 4873/5060/3500 4875/5062/3502
f 4874/5061/3501 4875/5062/3502 4234/4326/2970
f 4875/5062/3502 4236/4328/2972 4234/4326/2970
f 4876/5063/3503 4865/5052/2553 4867/5054/3494
f 4865/5052/2553 4876/5063/3503 4877/5064/3504
f 4877/5064/3504 4876/5063/3503 4878/5065/3150
f 4879/5066/3505 4878/5065/3150 4876/5063/3503
f 4880/5067/3150 4877/5064/3504 4878/5065/3150
f 4881/5068/3506 4879/5066/3505 4876/5063/3503
f 4880/5067/3150 4475/4597/3150 4877/5064/3504
f 4879/5066/3505 4881/5068/3506 4477/4599/3152
f 4474/4596/3149 4877/5064/3504 4475/4597/3150
f 4881/5068/3506 4478/4600/3153 4477/4599/3152
f 4882/5069/3507 4883/5070/2281 4884/5071/3508
f 4885/5072/3509 4886/5073/3510 4887/5074/3511
f 4888/5075/3512 4885/5072/3509 4887/5074/3511
f 4888/5075/3512 4889/5076/3513 4885/5072/3509
f 4888/5075/3512 4890/5077/3514 4889/5076/3513
f 4890/5077/3514 4888/5075/3512 4891/5078/3515
f 4890/5077/3514 4891/5078/3515 4892/5079/3516
f 4893/5080/3517 4892/5079/3516 4891/5078/3515
f 4894/5081/3518 4892/5082/3516 4893/5083/3517
f 4894/5081/3518 4893/5083/3517 4895/5084/3519
f 4896/5085/3520 4894/5086/3518 4895/5087/3519
f 4894/5086/3518 4896/5085/3520 4897/5088/3521
f 4897/5088/3521 4896/5085/3520 4898/5089/3522
f 4899/5090/3523 4898/5089/3522 4896/5085/3520
f 4899/3573/3523 4900/5091/3524 4898/5092/3522
f 4900/5091/3524 4899/3573/3523 3528/3567/2533
f 4900/5091/3524 3528/3567/2533 3530/3569/2535
f 4900/5091/3524 3530/3569/2535 4901/5093/3525
f 4901/5093/3525 3530/3569/2535 4902/5094/3526
f 4901/5093/3525 4902/5094/3526 4903/5095/3527
f 4904/5096/3528 4903/5097/3527 4902/5098/3526
f 4903/5097/3527 4904/5096/3528 4905/5099/3529
f 4904/5096/3528 4906/5100/3530 4905/5099/3529
f 4906/5100/3530 4904/5096/3528 4907/5101/3531
f 4907/5101/3531 4908/5102/3532 4906/5100/3530
f 4908/5102/3532 4907/5101/3531 4909/5103/3533
f 4909/5103/3533 4910/5104/3534 4908/5102/3532
f 4910/5104/3534 4909/5103/3533 4911/5105/3535
f 4911/5106/3535 4912/5107/3536 4910/5108/3534
f 4912/5107/3536 4911/5106/3535 4913/5109/3537
f 4913/5109/3537 4914/5110/3538 4912/5107/3536
f 4914/5111/3538 4913/5112/3537 4058/4146/2896
f 4058/4146/2896 4057/4145/2895 4914/5111/3538
f 4915/5113/3539 4057/4145/2895 4059/4147/2897
f 4057/4145/2895 4915/5113/3539 4916/5114/3540
f 4916/5115/3540 4915/5116/3539 4917/5117/3541
f 4917/5117/3541 4915/5116/3539 4918/5118/3542
f 4919/5119/3543 4917/5117/3541 4918/5118/3542
f 4917/5117/3541 4919/5119/3543 4920/5120/3544
f 4921/5121/3545 4920/5120/3544 4919/5119/3543
f 4920/5120/3544 4921/5121/3545 4922/5122/3546
f 4923/5123/3547 4922/5124/3546 4921/5125/3545
f 4922/5124/3546 4923/5123/3547 4924/5126/3548
f 4921/5125/3545 4925/5127/3549 4923/5123/3547
f 4925/5127/3549 4921/5125/3545 4926/5128/3550
f 4927/5129/3551 4928/5130/3055 4929/5131/2281
f 4927/5129/3551 4930/5132/2749 4928/5130/3055
f 4930/5132/2749 4927/5129/3551 4931/5133/2749
f 4931/5133/2749 4932/5134/3552 4930/5132/2749
f 4932/5134/3552 4931/5133/2749 4933/5135/3553
f 4933/5135/3553 4934/5136/3552 4932/5134/3552
f 4934/5136/3552 4933/5135/3553 4935/5137/3552
f 4934/5136/3552 4935/5137/3552 4936/5138/2749
f 4936/5138/2749 4935/5137/3552 4937/5139/3551
f 4938/5140/3114 4936/5138/2749 4937/5139/3551
f 4936/5138/2749 4938/5140/3114 4939/5141/3114
f 4940/5142/3553 4939/5141/3114 4938/5140/3114
f 4939/5141/3114 4940/5142/3553 4941/5143/3554
f 4940/5142/3553 4942/5144/2281 4941/5143/3554
f 4943/5145/3507 4944/5146/2281 4945/5147/2281
f 4943/5145/3507 4946/5148/3114 4944/5146/2281
f 4946/5148/3114 4943/5145/3507 4947/5149/3114
f 4947/5149/3114 4948/5150/3055 4946/5148/3114
f 4948/5150/3055 4947/5149/3114 4949/5151/3555
f 4950/5152/3114 4948/5150/3055 4949/5151/3555
f 4948/5150/3055 4950/5152/3114 4951/5153/3114
f 4952/5154/3556 4951/5153/3114 4950/5152/3114
f 4951/5153/3114 4952/5154/3556 4953/5155/3114
f 4954/5156/3055 4953/5155/3114 4952/5154/3556
f 4953/5155/3114 4954/5156/3055 4955/5157/3055
f 4956/5158/3173 4955/5157/3055 4954/5156/3055
f 4955/5157/3055 4956/5158/3173 4957/5159/2749
f 4956/5158/3173 4958/5160/2281 4957/5159/2749
f 4959/5161/3554 4960/5162/3553 4961/5163/2281
f 4962/5164/3557 4963/5165/2281 4964/5166/2281
f 4965/5167/3173 4966/5168/3173 4967/5169/2281
f 4968/5170/3551 4969/5171/2281 4970/5172/2751
f 4971/5173/2742 4968/5170/3551 4970/5172/2751
f 4968/5170/3551 4971/5173/2742 4972/5174/2742
f 4973/5175/3508 4972/5174/2742 4971/5173/2742
f 4972/5174/2742 4973/5175/3508 4974/5176/3558
f 4975/5177/3508 4974/5176/3558 4973/5175/3508
f 4974/5176/3558 4975/5177/3508 4976/5178/3508
f 4976/5178/3508 4975/5177/3508 4977/5179/2742
f 4976/5178/3508 4977/5179/2742 4978/5180/3559
f 4977/5179/2742 4979/5181/3508 4978/5180/3559
f 4979/5181/3508 4977/5179/2742 4980/5182/3508
f 4980/5182/3508 4965/5167/3173 4979/5181/3508
f 4965/5167/3173 4980/5182/3508 4966/5168/3173
f 4981/5183/3560 4982/5184/2281 4983/5185/2281
f 4981/5183/3560 4984/5186/2742 4982/5184/2281
f 4984/5186/2742 4981/5183/3560 4985/5187/2742
f 4985/5187/2742 4986/5188/2749 4984/5186/2742
f 4986/5188/2749 4985/5187/2742 4987/5189/3507
f 4987/5189/3507 4988/5190/2946 4986/5188/2749
f 4988/5190/2946 4987/5189/3507 4989/5191/2946
f 4989/5191/2946 4990/5192/2946 4988/5190/2946
f 4990/5192/2946 4989/5191/2946 4991/5193/3557
f 4992/5194/2749 4990/5192/2946 4991/5193/3557
f 4990/5192/2946 4992/5194/2749 4993/5195/2749
f 4882/5069/3507 4993/5195/2749 4992/5194/2749
f 4993/5195/2749 4882/5069/3507 4884/5071/3508
f 4994/5196/2751 4995/5197/3557 4996/5198/2751
f 4995/5197/3557 4994/5196/2751 4997/5199/2751
f 4994/5196/2751 4996/5198/2751 4998/5200/3055
f 4997/5199/2751 4999/5201/3055 4995/5197/3557
f 4998/5200/3055 4996/5198/2751 5000/5202/3554
f 4999/5201/3055 4997/5199/2751 5001/5203/3055
f 5001/5203/3055 4959/5161/3554 4999/5201/3055
f 4959/5161/3554 5001/5203/3055 4960/5162/3553
f 5002/5204/3508 4998/5200/3055 5000/5202/3554
f 4998/5200/3055 5002/5204/3508 5003/5205/3508
f 4962/5164/3557 5003/5205/3508 5002/5204/3508
f 5003/5205/3508 4962/5164/3557 4964/5166/2281
f 5004/5206/3561 5005/5207/3562 5006/5208/3563
f 5004/5206/3561 5007/5209/3564 5005/5207/3562
f 5004/5206/3561 5008/5210/3565 5007/5209/3564
f 5004/5206/3561 5009/5211/3566 5008/5210/3565
f 5010/5212/3567 5004/5206/3561 5006/5208/3563
f 5004/5206/3561 5011/5213/3565 5012/5214/3565
f 5004/5206/3561 5013/5215/3565 5011/5213/3565
f 5004/5206/3561 5014/5216/3564 5013/5215/3565
f 5004/5206/3561 5015/5217/3565 5014/5216/3564
f 5004/5206/3561 5016/5218/3568 5015/5217/3565
f 5004/5206/3561 5017/5219/3569 5016/5218/3568
f 5004/5206/3561 5010/5212/3567 5018/5220/3570
f 5017/5219/3569 5004/5206/3561 5018/5220/3570
f 5019/5221/3571 5018/5220/3570 5010/5212/3567
f 5018/5220/3570 5020/5222/3572 5017/5219/3569
f 5019/5221/3571 5021/5223/3573 5018/5220/3570
f 5018/5220/3570 5021/5223/3573 5020/5222/3572
f 5022/5224/3574 5021/5223/3573 5019/5221/3571
f 5021/5223/3573 5023/5225/3575 5020/5222/3572
f 5021/5223/3573 5022/5224/3574 5024/5226/3573
f 5023/5225/3575 5021/5223/3573 5025/5227/3573
f 5026/5228/3576 5024/5226/3573 5022/5224/3574
f 5025/5227/3573 5027/5229/3577 5023/5225/3575
f 5024/5226/3573 5026/5228/3576 5028/5230/3578
f 5028/5230/3578 5026/5228/3576 5029/5231/3579
f 5024/5226/3573 5028/5230/3578 5030/5232/3580
f 5028/5230/3578 5029/5231/3579 5031/5233/3581
f 5031/5233/3581 5030/5232/3580 5028/5230/3578
f 5032/5234/3582 5024/5226/3573 5030/5232/3580
f 5027/5229/3577 5025/5227/3573 5033/5235/3583
f 5027/5229/3577 5033/5235/3583 5034/5236/3584
f 5025/5227/3573 5035/5237/3585 5033/5235/3583
f 5034/5236/3584 5033/5235/3583 5036/5238/3586
f 5035/5237/3585 5036/5238/3586 5033/5235/3583
f 5037/5239/3573 5035/5237/3585 5025/5227/3573
f 5036/5238/3586 5035/5237/3585 5038/5240/3587
f 5039/5241/3588 5035/5237/3585 5037/5239/3573
f 5039/5241/3588 5037/5239/3573 5040/5242/3589
f 5035/5237/3585 5041/5243/3590 5038/5240/3587
f 5041/5243/3590 5035/5237/3585 5039/5241/3588
f 5042/5244/3591 5036/5238/3586 5038/5240/3587
f 5042/5244/3591 5038/5240/3587 5041/5243/3590
f 5039/5241/3588 5040/5242/3589 5043/5245/3592
f 5043/5245/3592 5041/5243/3590 5039/5241/3588
f 5041/5243/3590 5043/5245/3592 5042/5244/3591
f 5040/5242/3589 5044/5246/3593 5043/5245/3592
f 5045/5247/3594 5036/5238/3586 5042/5244/3591
f 5036/5238/3586 5045/5247/3594 5046/5236/3595
f 5046/5236/3595 5045/5247/3594 5047/5248/3596
f 5042/5244/3591 5048/5249/3597 5045/5247/3594
f 5048/5249/3597 5042/5244/3591 5043/5245/3592
f 5047/5248/3596 5045/5247/3594 5048/5249/3597
f 5043/5245/3592 5044/5246/3593 5048/5249/3597
f 5048/5249/3597 5049/5250/3598 5047/5248/3596
f 5044/5246/3593 5050/5250/3599 5048/5249/3597
f 5044/5246/3593 5051/5251/3600 5050/5250/3599
f 5050/5250/3599 5051/5251/3600 5052/5252/3601
f 5052/5252/3601 5053/5248/3602 5050/5250/3599
f 5054/5253/3603 5055/5254/3604 5056/5255/3605
f 5054/5253/3603 5057/5256/3604 5055/5254/3604
f 5054/5253/3603 5058/5257/3604 5057/5256/3604
f 5054/5253/3603 5059/5258/3604 5058/5257/3604
f 5054/5253/3603 5060/5259/3606 5059/5258/3604
f 5054/5253/3603 5061/5260/3606 5060/5259/3606
f 5054/5253/3603 5062/5261/3607 5061/5260/3606
f 5054/5253/3603 5063/5262/3608 5062/5261/3607
f 5054/5253/3603 5064/5263/3604 5063/5262/3608
f 5054/5253/3603 5065/5264/3609 5064/5263/3604
f 5054/5253/3603 5066/5265/3610 5065/5264/3609
f 5067/5266/3610 5054/5253/3603 5056/5255/3605
f 5066/5265/3610 5054/5253/3603 5068/5267/3611
f 5054/5253/3603 5067/5266/3610 5068/5267/3611
f 5068/5267/3611 5069/5268/3612 5066/5265/3610
f 5070/5269/3613 5068/5267/3611 5067/5266/3610
f 5068/5267/3611 5071/5270/3614 5069/5268/3612
f 5071/5270/3614 5068/5267/3611 5070/5269/3613
f 5071/5270/3614 5072/5271/3615 5069/5268/3612
f 5073/5272/3616 5071/5270/3614 5070/5269/3613
f 5072/5271/3615 5071/5270/3614 5074/5273/3617
f 5071/5270/3614 5073/5272/3616 5075/5274/3617
f 5074/5273/3617 5076/5275/3618 5072/5271/3615
f 5077/5276/3619 5075/5274/3617 5073/5272/3616
f 5076/5275/3618 5074/5273/3617 5078/5277/3620
f 5078/5277/3620 5079/5278/3621 5076/5275/3618
f 5079/5278/3621 5078/5277/3620 5080/5279/3622
f 5074/5273/3617 5081/5280/3580 5078/5277/3620
f 5082/5281/3617 5081/5280/3580 5074/5273/3617
f 5075/5274/3617 5077/5276/3619 5083/5282/3623
f 5084/5283/3624 5083/5282/3623 5077/5276/3619
f 5075/5274/3617 5083/5282/3623 5085/5284/3625
f 5083/5282/3623 5084/5283/3624 4738/4913/3379
f 4738/4913/3379 5085/5284/3625 5083/5282/3623
f 5086/5285/3626 5075/5274/3617 5085/5284/3625
f 5085/5284/3625 4738/4913/3379 4740/4915/3381
f 5087/5286/3627 5086/5285/3626 5085/5284/3625
f 5087/5286/3627 5088/5287/3628 5086/5285/3626
f 5089/5288/3629 5085/5284/3625 4740/4915/3381
f 5085/5284/3625 5089/5288/3629 5087/5286/3627
f 4740/4915/3381 4739/4914/3380 5089/5288/3629
f 5087/5286/3627 5090/5289/3630 5088/5287/3628
f 5089/5288/3629 5090/5289/3630 5087/5286/3627
f 5090/5289/3630 5089/5288/3629 4739/4914/3380
f 5091/5290/3631 5088/5287/3628 5090/5289/3630
f 4738/4913/3379 5092/5291/3632 4739/4914/3380
f 5092/5291/3632 4738/4913/3379 5093/5283/3633
f 5093/5283/3633 5094/5292/3634 5092/5291/3632
f 5095/5293/3635 4739/4914/3380 5092/5291/3632
f 4739/4914/3380 5095/5293/3635 5090/5289/3630
f 5092/5291/3632 5094/5292/3634 5095/5293/3635
f 5091/5290/3631 5090/5289/3630 5095/5293/3635
f 5096/5294/3636 5095/5293/3635 5094/5292/3634
f 5097/5294/3637 5091/5290/3631 5095/5293/3635
f 5098/5295/3638 5091/5290/3631 5097/5294/3637
f 5097/5294/3637 5099/5296/3639 5098/5295/3638
f 5099/5296/3639 5097/5294/3637 5100/5292/3640
f 5101/5297/3641 5102/5298/3642 5103/5299/3643
f 5101/5297/3641 5104/5300/3644 5102/5298/3642
f 5101/5297/3641 5105/5301/3642 5104/5300/3644
f 5101/5297/3641 5106/5302/3645 5105/5301/3642
f 5101/5297/3641 5107/5303/3646 5106/5302/3645
f 5101/5297/3641 5108/5304/3647 5107/5303/3646
f 5101/5297/3641 5109/5305/3645 5108/5304/3647
f 5101/5297/3641 5110/5306/3645 5109/5305/3645
f 5101/5297/3641 5111/5307/3644 5110/5306/3645
f 5101/5297/3641 5112/5308/3648 5111/5307/3644
f 5101/5297/3641 5113/5309/3649 5112/5308/3648
f 5114/5310/3649 5101/5297/3641 5103/5299/3643
f 5113/5309/3649 5101/5297/3641 5115/5311/3649
f 5101/5297/3641 5114/5310/3649 5115/5311/3649
f 5115/5311/3649 5116/5312/3650 5113/5309/3649
f 5115/5311/3649 5114/5310/3649 5117/5313/3651
f 5118/5314/3652 5116/5312/3650 5115/5311/3649
f 5117/5313/3651 5118/5314/3652 5115/5311/3649
f 5118/5314/3652 5119/5315/3653 5116/5312/3650
f 5120/5316/3654 5118/5314/3652 5117/5313/3651
f 5119/5315/3653 5118/5314/3652 5121/5317/3652
f 5118/5314/3652 5120/5316/3654 5122/5318/3652
f 5121/5317/3652 5123/5319/3655 5119/5315/3653
f 5124/5320/3656 5122/5318/3652 5120/5316/3654
f 5122/5318/3652 5124/5320/3656 5125/5321/3657
f 5125/5321/3657 5124/5320/3656 5126/5322/3658
f 5126/5322/3658 5127/5323/3659 5125/5321/3657
f 5122/5318/3652 5125/5321/3657 5128/5324/3660
f 5129/5325/3652 5122/5318/3652 5128/5324/3660
f 5123/5319/3655 5121/5317/3652 5130/5326/3661
f 5123/5319/3655 5130/5326/3661 5131/5327/3662
f 5130/5326/3661 4742/4917/3383 5131/5327/3662
f 5121/5317/3652 5132/5328/3663 5130/5326/3661
f 5132/5328/3663 4742/4917/3383 5130/5326/3661
f 5133/5329/3664 5132/5328/3663 5121/5317/3652
f 4742/4917/3383 5132/5328/3663 4743/4918/3384
f 5134/5330/3665 5132/5328/3663 5133/5329/3664
f 5134/5330/3665 5133/5329/3664 5135/5331/3666
f 5132/5328/3663 5136/5332/3667 4743/4918/3384
f 5132/5328/3663 5134/5330/3665 5136/5332/3667
f 4741/4916/3382 4743/4918/3384 5136/5332/3667
f 5134/5330/3665 5135/5331/3666 5137/5333/3668
f 5137/5333/3668 5136/5332/3667 5134/5330/3665
f 5136/5332/3667 5137/5333/3668 4741/4916/3382
f 5135/5331/3666 5138/5334/3669 5137/5333/3668
f 5139/5335/3670 4742/4917/3383 4741/4916/3382
f 4742/4917/3383 5139/5335/3670 5140/5327/3671
f 5140/5327/3671 5139/5335/3670 5141/5336/3672
f 5142/5337/3673 5139/5335/3670 4741/4916/3382
f 4741/4916/3382 5137/5333/3668 5142/5337/3673
f 5142/5337/3673 5141/5336/3672 5139/5335/3670
f 5137/5333/3668 5138/5334/3669 5142/5337/3673
f 5142/5337/3673 5143/5338/3674 5141/5336/3672
f 5138/5334/3669 5144/5338/3675 5142/5337/3673
f 5138/5334/3669 5145/5339/3676 5144/5338/3675
f 5144/5338/3675 5145/5339/3676 5146/5340/3677
f 5146/5340/3677 5147/5336/3678 5144/5338/3675
f 5148/5341/3679 5149/5342/3680 5150/5343/3681
f 5148/5341/3679 5151/5344/3682 5149/5342/3680
f 5148/5341/3679 5152/5345/3683 5151/5344/3682
f 5148/5341/3679 5153/5346/3680 5152/5345/3683
f 5148/5341/3679 5154/5347/3683 5153/5346/3680
f 5155/5348/3684 5148/5341/3679 5150/5343/3681
f 5148/5341/3679 5156/5349/3683 5157/5350/3683
f 5148/5341/3679 5158/5351/3683 5156/5349/3683
f 5148/5341/3679 5159/5352/3685 5158/5351/3683
f 5148/5341/3679 5160/5353/3681 5159/5352/3685
f 5148/5341/3679 5161/5354/3686 5160/5353/3681
f 5148/5341/3679 5155/5348/3684 5162/5355/3684
f 5161/5354/3686 5148/5341/3679 5162/5355/3684
f 5163/5356/3687 5162/5355/3684 5155/5348/3684
f 5162/5355/3684 5164/5357/3688 5161/5354/3686
f 5165/5358/3689 5162/5355/3684 5163/5356/3687
f 5162/5355/3684 5165/5358/3689 5164/5357/3688
f 5166/5359/3690 5165/5358/3689 5163/5356/3687
f 5165/5358/3689 5167/5360/3691 5164/5357/3688
f 5165/5358/3689 5166/5359/3690 5168/5361/3692
f 5167/5360/3691 5165/5358/3689 5169/5362/3689
f 5170/5363/3693 5168/5361/3692 5166/5359/3690
f 5169/5362/3689 5171/5364/3694 5167/5360/3691
f 5168/5361/3692 5170/5363/3693 5172/5365/3695
f 5173/5366/3696 5172/5365/3695 5170/5363/3693
f 5168/5361/3692 5172/5365/3695 5174/5367/3697
f 5172/5365/3695 5173/5366/3696 5175/5368/3698
f 5175/5368/3698 5174/5367/3697 5172/5365/3695
f 5176/5369/3689 5168/5361/3692 5174/5367/3697
f 5171/5364/3694 5169/5362/3689 5177/5370/3699
f 5177/5370/3699 5178/5371/3700 5171/5364/3694
f 5169/5362/3689 5179/5372/3660 5177/5370/3699
f 5178/5371/3700 5177/5370/3699 5180/5373/3701
f 5179/5372/3660 5180/5373/3701 5177/5370/3699
f 5181/5374/3702 5179/5372/3660 5169/5362/3689
f 5180/5373/3701 5179/5372/3660 5182/5375/3703
f 5183/5376/3704 5179/5372/3660 5181/5374/3702
f 5183/5376/3704 5181/5374/3702 5184/5377/3705
f 5179/5372/3660 5185/5378/3706 5182/5375/3703
f 5183/5376/3704 5185/5378/3706 5179/5372/3660
f 5186/5379/3707 5180/5373/3701 5182/5375/3703
f 5186/5379/3707 5182/5375/3703 5185/5378/3706
f 5187/5380/3708 5185/5378/3706 5183/5376/3704
f 5183/5376/3704 5184/5377/3705 5187/5380/3708
f 5185/5378/3706 5187/5380/3708 5186/5379/3707
f 5184/5377/3705 5188/5381/3709 5187/5380/3708
f 5189/5382/3710 5180/5373/3701 5186/5379/3707
f 5180/5373/3701 5189/5382/3710 5190/5371/3711
f 5190/5371/3711 5189/5382/3710 5191/5383/3712
f 5186/5379/3707 5192/5384/3713 5189/5382/3710
f 5192/5384/3713 5186/5379/3707 5187/5380/3708
f 5191/5383/3712 5189/5382/3710 5192/5384/3713
f 5192/5384/3713 5187/5380/3708 5188/5381/3709
f 5192/5384/3713 5193/5385/3714 5191/5383/3712
f 5194/5385/3715 5192/5384/3713 5188/5381/3709
f 5188/5381/3709 5195/5386/3716 5194/5385/3715
f 5194/5385/3715 5195/5386/3716 5196/5387/3717
f 5196/5387/3717 5197/5383/3718 5194/5385/3715
f 5198/5388/3719 5199/5389/3720 5200/5390/3721
f 5198/5388/3719 5201/5391/3722 5199/5389/3720
f 5198/5388/3719 5202/5392/3723 5201/5391/3722
f 5198/5388/3719 5203/5393/3724 5202/5392/3723
f 5198/5388/3719 5204/5394/3725 5203/5393/3724
f 5198/5388/3719 5205/5395/3726 5204/5394/3725
f 5198/5388/3719 5206/5396/3727 5205/5395/3726
f 5198/5388/3719 5207/5397/3728 5206/5396/3727
f 5198/5388/3719 5208/5398/3729 5207/5397/3728
f 5198/5388/3719 5209/5399/3721 5208/5398/3729
f 5198/5388/3719 5210/5400/3730 5209/5399/3721
f 5211/5401/3730 5198/5388/3719 5200/5390/3721
f 5210/5400/3730 5198/5388/3719 5212/5402/3730
f 5198/5388/3719 5211/5401/3730 5212/5402/3730
f 5210/5400/3730 5212/5402/3730 5213/5403/3731
f 5214/5404/3732 5212/5402/3730 5211/5401/3730
f 5215/5405/3733 5213/5403/3731 5212/5402/3730
f 5214/5404/3732 5215/5405/3733 5212/5402/3730
f 5215/5405/3733 5216/5406/3734 5213/5403/3731
f 5217/5407/3735 5215/5405/3733 5214/5404/3732
f 5216/5406/3734 5215/5405/3733 5218/5408/3736
f 5215/5405/3733 5217/5407/3735 5219/5409/3736
f 5218/5408/3736 5220/5410/3737 5216/5406/3734
f 5221/5411/3738 5219/5409/3736 5217/5407/3735
f 5220/5410/3737 5218/5408/3736 5222/5412/3739
f 5220/5410/3737 5222/5412/3739 5223/5413/3740
f 5218/5408/3736 5224/5414/3741 5222/5412/3739
f 5223/5413/3740 5222/5412/3739 5225/5415/3742
f 5224/5414/3741 5225/5415/3742 5222/5412/3739
f 5226/5416/3736 5224/5414/3741 5218/5408/3736
f 5219/5409/3736 5221/5411/3738 5227/5417/3743
f 5227/5417/3743 5221/5411/3738 5228/5418/3744
f 5219/5409/3736 5227/5417/3743 5229/5419/3745
f 5227/5417/3743 5228/5418/3744 5230/5420/3746
f 5230/5420/3746 5229/5419/3745 5227/5417/3743
f 5231/5421/3747 5219/5409/3736 5229/5419/3745
f 5229/5419/3745 5230/5420/3746 5232/5422/3748
f 5233/5423/3749 5231/5421/3747 5229/5419/3745
f 5233/5423/3749 5234/5424/3750 5231/5421/3747
f 5235/5425/3751 5229/5419/3745 5232/5422/3748
f 5229/5419/3745 5235/5425/3751 5233/5423/3749
f 5233/5423/3749 5236/5426/3752 5234/5424/3750
f 5235/5425/3751 5236/5426/3752 5233/5423/3749
f 5237/5427/3753 5234/5424/3750 5236/5426/3752
f 5232/5422/3748 5238/5428/3754 5235/5425/3751
f 5230/5420/3746 5238/5428/3754 5232/5422/3748
f 5236/5426/3752 5235/5425/3751 5238/5428/3754
f 5230/5420/3746 5239/5429/3755 5238/5428/3754
f 5239/5429/3755 5230/5420/3746 5240/5418/3756
f 5240/5418/3756 5241/5430/3757 5239/5429/3755
f 5242/5431/3758 5238/5428/3754 5239/5429/3755
f 5236/5426/3752 5238/5428/3754 5242/5431/3758
f 5242/5431/3758 5239/5429/3755 5241/5430/3757
f 5237/5427/3753 5236/5426/3752 5242/5431/3758
f 5243/5432/3759 5242/5431/3758 5241/5430/3757
f 5244/5432/3760 5237/5427/3753 5242/5431/3758
f 5245/5433/3761 5237/5427/3753 5244/5432/3760
f 5244/5432/3760 5246/5434/3762 5245/5433/3761
f 5246/5434/3762 5244/5432/3760 5247/5430/3763
f 3524/3563/2529 3523/3562/2528 5248/5435/3764
f 3523/3562/2528 3522/3561/1348 5249/5436/3765
f 3524/3563/2529 5250/5437/3766 3522/3561/1348
f 5250/5437/3766 3524/3563/2529 5251/5438/3767
f 5252/5439/3768 3524/3563/2529 5248/5435/3764
f 5252/5439/3768 5253/5438/3769 3524/3563/2529
f 5252/5439/3768 5248/5435/3764 5254/5440/3770
f 5253/5438/3769 5252/5439/3768 5255/5441/3771
f 5254/5440/3770 5248/5435/3764 5256/5442/3772
f 5253/5438/3769 5255/5441/3771 5257/5443/3773
f 5254/5440/3770 5256/5442/3772 5258/5444/3774
f 5257/5443/3773 5255/5441/3771 5259/5445/3775
f 5260/5446/3776 5258/5444/3774 5256/5442/3772
f 5261/5447/3777 5257/5448/3773 5259/5449/3775
f 5258/5444/3774 5260/5446/3776 5262/5450/3778
f 5257/5448/3773 5261/5447/3777 5263/5451/3779
f 5260/5452/3776 4640/4803/3298 5262/5453/3778
f 5264/5454/3780 5263/5455/3779 5261/5456/3777
f 4640/4803/3298 5260/5452/3776 4638/4800/3296
f 5263/5455/3779 5264/5454/3780 5265/5457/3781
f 5265/5458/3781 5264/5459/3780 5266/5460/3782
f 5267/5461/3783 5266/5460/3782 5264/5459/3780
f 5267/5461/3783 5268/5462/3784 5266/5460/3782
f 5268/5462/3784 5267/5461/3783 5269/5463/3785
f 5270/5464/3786 5268/5462/3784 5269/5463/3785
f 5270/5464/3786 5271/5465/3787 5268/5462/3784
f 4745/4920/3386 5271/5465/3787 5270/5464/3786
f 4745/4920/3386 5272/5466/3788 5271/5465/3787
f 4744/4919/3385 5272/5466/3788 4745/4920/3386
f 5004/5206/3561 5012/5214/3565 5009/5211/3566
f 5148/5341/3679 5157/5350/3683 5154/5347/3683
f 5273/5467/3789 4786/4973/3425 4785/4972/3424
f 4786/4973/3425 5273/5467/3789 5274/5468/3790
f 5273/5467/3789 5275/5469/3791 5274/5468/3790
f 5273/5467/3789 5276/5470/3792 5275/5469/3791
f 5276/5470/3792 5277/5471/3793 5275/5469/3791
f 5276/5470/3792 5278/5472/3794 5277/5471/3793
f 5279/5473/3795 5277/5471/3793 5278/5472/3794
f 5277/5471/3793 5279/5473/3795 5280/5474/3796
f 5281/5475/3797 5280/5474/3796 5279/5473/3795
f 5281/5475/3797 5282/5476/3798 5280/5474/3796
f 5283/5477/3799 5282/5478/3798 5281/5479/3797
f 5282/5478/3798 5283/5477/3799 5284/5480/3800
f 5283/5477/3799 5285/5481/3801 5284/5480/3800
f 5285/5482/3801 5283/5483/3799 5286/5484/3802
f 5285/5482/3801 5286/5484/3802 5287/5485/3803
f 5285/5482/3801 5287/5485/3803 5288/5486/3804
f 5289/5487/3805 5288/5488/3804 5287/5489/3803
f 5288/5488/3804 5289/5487/3805 5290/5490/3806
f 5289/5487/3805 5291/5491/3807 5290/5490/3806
f 5289/5487/3805 5292/5492/3808 5291/5491/3807
f 5292/5492/3808 5293/5493/3809 5291/5491/3807
f 5293/5494/3809 5292/5495/3808 5294/5496/3810
f 5290/5490/3806 5291/5491/3807 5295/5497/3811
f 5294/5496/3810 5296/5498/3812 5293/5494/3809
f 5296/5498/3812 5294/5496/3810 5297/5499/3813
f 5298/5500/3814 5296/5498/3812 5297/5499/3813
f 5296/5498/3812 5298/5500/3814 4837/5024/3468
f 4838/5025/3469 4837/5024/3468 5298/5500/3814
f 5295/5497/3811 5299/5501/3815 5290/5490/3806
f 5300/5502/3816 5290/5490/3806 5299/5501/3815
f 5299/5501/3815 5295/5497/3811 5301/5503/3817
f 5302/5504/3818 5303/5505/3819 5304/5506/3818
f 5303/5505/3819 5305/5507/3818 5304/5506/3818
f 5306/5508/3820 5307/5509/3820 5308/5510/3820
f 5307/5509/3820 5309/5511/3820 5308/5510/3820
f 5310/5512/3821 5311/5513/3822 5312/5514/3821
f 5311/5513/3822 5313/5515/3821 5312/5514/3821
f 5314/5516/3823 5315/5517/3824 5316/5518/3824
f 5316/5518/3824 5315/5517/3824 5317/5519/3824
f 5318/5520/3825 5319/5521/3825 5320/5522/3826
f 5320/5522/3826 5319/5521/3825 5321/5523/3825
f 5322/5524/3827 5323/5525/3828 5324/5526/3828
f 5323/5525/3828 5322/5524/3827 5325/5527/3827
f 5326/5528/3829 5327/5529/3830 5328/5530/3830
f 5327/5529/3830 5326/5528/3829 5329/5531/3829
f 5330/5532/3831 5331/5533/3832 5332/5534/3832
f 5330/5532/3831 5332/5534/3832 5333/5535/3833
f 5334/5536/3834 5335/5537/3834 5336/5538/3835
f 5334/5536/3834 5336/5538/3835 5337/5539/3834
f 5338/5540/3836 5339/5541/3837 5340/5542/3836
f 5339/5541/3837 5341/5543/3836 5340/5542/3836
f 5342/5544/3838 4779/4964/3418 5343/5545/3839
f 5343/5545/3839 5344/5546/3840 5342/5544/3838
f 4779/4964/3418 5342/5544/3838 4777/4960/3416
f 5345/5547/2313 4779/5548/3418 5346/5549/3826
f 4795/4982/3433 5347/5550/3841 4798/4985/3434
f 4801/4988/3437 4800/4987/3436 5348/5551/3842
f 3521/3560/2527 5349/5552/3843 3519/3558/2525
f 3521/3560/2527 5350/5553/3844 5351/5554/3845
f 5350/5553/3844 3521/3560/2527 3518/3557/2524
f 5352/5555/3846 5349/5552/3843 3521/3560/2527
f 5353/5554/3847 5352/5555/3846 3521/3560/2527
f 5352/5555/3846 5354/5556/3848 5349/5552/3843
f 5352/5555/3846 5353/5554/3847 5355/5557/3849
f 5349/5552/3843 5354/5556/3848 5356/5558/3850
f 5357/5559/3851 5355/5557/3849 5353/5554/3847
f 5358/5560/3852 5356/5558/3850 5354/5556/3848
f 5357/5559/3851 5359/5561/3853 5355/5557/3849
f 5358/5560/3852 5360/5562/3854 5356/5558/3850
f 5357/5563/3851 5361/5564/3855 5359/5565/3853
f 5360/5562/3854 5358/5560/3852 5362/5566/3856
f 5361/5564/3855 5357/5563/3851 5363/5567/3857
f 4924/5126/3548 5360/5568/3854 5362/5569/3856
f 5363/5570/3857 5364/5571/3858 5361/5572/3855
f 5360/5568/3854 4924/5126/3548 4923/5123/3547
f 5364/5571/3858 5363/5570/3857 5365/5573/3859
f 5366/5574/3860 5364/5575/3858 5365/5576/3859
f 5364/5575/3858 5366/5574/3860 5367/5577/3783
f 5368/5578/3861 5367/5577/3783 5366/5574/3860
f 5367/5577/3783 5368/5578/3861 5369/5579/3862
f 5368/5578/3861 5370/5580/3863 5369/5579/3862
f 5370/5580/3863 5368/5578/3861 5371/5581/3864
f 5371/5581/3864 4886/5073/3510 5370/5580/3863
f 4886/5073/3510 5371/5581/3864 5372/5582/3510
f 4887/5074/3511 4886/5073/3510 5372/5582/3510
f 5081/5280/3580 5080/5279/3622 5078/5277/3620
f 5127/5323/3659 5128/5324/3660 5125/5321/3657
f 3884/3962/2781 5373/5583/3865 3890/3963/2787
f 5373/5584/3865 5374/5585/3866 3890/5586/2787
f 5375/5587/3867 5374/5585/3866 5373/5584/3865
f 5375/5587/3867 5376/5588/3868 5374/5585/3866
f 5376/5588/3868 5375/5587/3867 5377/5589/3869
f 5378/5590/3870 5376/5588/3868 5377/5589/3869
f 5376/5588/3868 5378/5590/3870 5379/5591/3871
f 5380/5592/3872 5379/5591/3871 5378/5590/3870
f 5379/5591/3871 5380/5592/3872 5381/5593/3873
f 5382/5594/3874 5381/5593/3873 5380/5592/3872
f 5380/5592/3872 5383/5595/3875 5382/5594/3874
f 5384/5596/3876 5382/5594/3874 5383/5595/3875
f 5385/5597/3877 5384/5596/3876 5383/5595/3875
f 5386/5598/3878 5384/5596/3876 5385/5597/3877
f 5384/5596/3876 5386/5598/3878 5387/5599/3879
f 5387/5599/3879 5386/5598/3878 5388/5600/3880
f 5388/5600/3880 5389/5601/3881 5387/5599/3879
f 5390/5602/3882 5389/5601/3881 5388/5600/3880
f 5389/5603/3881 5390/5604/3882 5391/5605/3883
f 5390/5606/3882 5392/5607/3884 5391/5608/3883
f 5392/5609/3884 5390/5610/3882 5393/5611/3885
f 5392/3892/3884 5393/5612/3885 5394/5613/3886
f 5394/5613/3886 5395/3896/3887 5392/3892/3884
f 5396/5614/3888 5395/3896/3887 5394/5613/3886
f 5395/3896/3887 5396/5614/3888 3830/3898/2739
f 3829/3897/2738 3830/3898/2739 3832/3900/1151
f 5396/5614/3888 5397/5615/3889 3830/3898/2739
f 3830/3898/2739 5397/5615/3889 3831/3899/2740
f 5396/5614/3888 5398/5616/3890 5397/5615/3889
f 5397/5615/3889 5398/5616/3890 5399/5617/3891
f 5399/5617/3891 5398/5616/3890 5400/5618/3892
f 5400/5618/3892 5401/5619/3893 5399/5617/3891
f 5401/5619/3893 5400/5618/3892 5402/5620/3894
f 5403/5621/3895 5401/5619/3893 5402/5620/3894
f 5401/5619/3893 5403/5621/3895 5404/5622/3896
f 5405/5623/3897 5404/5622/3896 5403/5621/3895
f 5404/5622/3896 5405/5623/3897 4654/4829/3312
f 4655/4830/3313 4654/4829/3312 5405/5623/3897
f 5406/5624/3898 5224/5414/3741 5226/5416/3736
f 5406/5624/3898 5226/5416/3736 5407/5625/3899
f 5406/5624/3898 5407/5625/3899 5408/5626/3900
f 5407/5625/3899 5409/5627/3901 5408/5626/3900
f 5224/5414/3741 5406/5624/3898 5410/5628/3902
f 5408/5626/3900 5410/5628/3902 5406/5624/3898
f 5224/5414/3741 5410/5628/3902 5411/5629/3903
f 5225/5415/3742 5224/5414/3741 5411/5629/3903
f 5412/5630/3754 5411/5629/3903 5410/5628/3902
f 5412/5630/3754 5225/5415/3742 5411/5629/3903
f 5410/5628/3902 5408/5626/3900 5412/5630/3754
f 5413/5631/3904 5225/5415/3742 5412/5630/3754
f 5225/5415/3742 5413/5631/3904 5414/5413/3905
f 5414/5413/3905 5413/5631/3904 5415/5632/3906
f 5416/5633/3907 5413/5631/3904 5412/5630/3754
f 5408/5626/3900 5416/5633/3907 5412/5630/3754
f 5416/5633/3907 5415/5632/3906 5413/5631/3904
f 5408/5626/3900 5409/5627/3901 5416/5633/3907
f 5415/5632/3906 5416/5633/3907 5417/5634/3908
f 5418/5634/3909 5416/5633/3907 5409/5627/3901
f 5409/5627/3901 5419/5635/3910 5418/5634/3909
f 5418/5634/3909 5419/5635/3910 5420/5636/3911
f 5420/5636/3911 5421/5632/3912 5418/5634/3909
f 5422/5637/3913 5032/5234/3582 5030/5232/3580
f 5422/5637/3913 5423/5638/3914 5032/5234/3582
f 5422/5637/3913 5424/5639/3915 5423/5638/3914
f 5425/5640/3916 5423/5638/3914 5424/5639/3915
f 5422/5637/3913 5030/5232/3580 5426/5641/3917
f 5426/5641/3917 5424/5639/3915 5422/5637/3913
f 5030/5232/3580 5427/5642/3918 5426/5641/3917
f 5030/5232/3580 5031/5233/3581 5427/5642/3918
f 5427/5642/3918 5428/5643/3919 5426/5641/3917
f 5424/5639/3915 5426/5641/3917 5428/5643/3919
f 5031/5233/3581 5428/5643/3919 5427/5642/3918
f 5425/5640/3916 5424/5639/3915 5429/5644/3920
f 5429/5644/3920 5424/5639/3915 5428/5643/3919
f 5429/5644/3920 5430/5645/3921 5425/5640/3916
f 5431/5646/3922 5425/5640/3916 5430/5645/3921
f 5430/5645/3921 5432/5647/3923 5431/5646/3922
f 5432/5647/3923 5430/5645/3921 5433/5648/3924
f 5031/5233/3581 5434/5649/3925 5428/5643/3919
f 5428/5643/3919 5434/5649/3925 5429/5644/3920
f 5434/5649/3925 5031/5233/3581 5435/5231/3926
f 5435/5231/3926 5436/5648/3927 5434/5649/3925
f 5436/5648/3927 5429/5644/3920 5434/5649/3925
f 5429/5644/3920 5436/5648/3927 5437/5645/3928
f 5438/5650/3929 5081/5280/3580 5082/5281/3617
f 5438/5650/3929 5082/5281/3617 5439/5651/3930
f 5438/5650/3929 5439/5651/3930 5440/5652/3931
f 5439/5651/3930 5441/5653/3932 5440/5652/3931
f 5081/5280/3580 5438/5650/3929 5442/5654/3933
f 5440/5652/3931 5442/5654/3933 5438/5650/3929
f 5443/5655/3934 5081/5280/3580 5442/5654/3933
f 5080/5279/3622 5081/5280/3580 5443/5655/3934
f 5444/5656/3935 5443/5655/3934 5442/5654/3933
f 5444/5656/3935 5080/5279/3622 5443/5655/3934
f 5442/5654/3933 5440/5652/3931 5444/5656/3935
f 5445/5657/3936 5080/5279/3622 5444/5656/3935
f 5080/5279/3622 5445/5657/3936 5446/5278/3937
f 5446/5278/3937 5445/5657/3936 5447/5658/3938
f 5444/5656/3935 5448/5659/3939 5445/5657/3936
f 5440/5652/3931 5448/5659/3939 5444/5656/3935
f 5448/5659/3939 5447/5658/3938 5445/5657/3936
f 5448/5659/3939 5440/5652/3931 5441/5653/3932
f 5448/5659/3939 5449/5660/3940 5447/5658/3938
f 5450/5660/3941 5448/5659/3939 5441/5653/3932
f 5441/5653/3932 5451/5661/3942 5450/5660/3941
f 5450/5660/3941 5451/5661/3942 5452/5662/3943
f 5452/5662/3943 5453/5658/3944 5450/5660/3941
f 5454/5663/3945 5129/5325/3652 5128/5324/3660
f 5454/5663/3945 5455/5664/3946 5129/5325/3652
f 5454/5663/3945 5456/5665/3947 5455/5664/3946
f 5457/5666/3948 5455/5664/3946 5456/5665/3947
f 5454/5663/3945 5128/5324/3660 5458/5667/3949
f 5458/5667/3949 5456/5665/3947 5454/5663/3945
f 5458/5667/3949 5128/5324/3660 5459/5668/3950
f 5128/5324/3660 5127/5323/3659 5459/5668/3950
f 5459/5668/3950 5460/5669/3951 5458/5667/3949
f 5456/5665/3947 5458/5667/3949 5460/5669/3951
f 5127/5323/3659 5460/5669/3951 5459/5668/3950
f 5457/5666/3948 5456/5665/3947 5461/5670/3952
f 5461/5670/3952 5456/5665/3947 5460/5669/3951
f 5462/5671/3953 5457/5666/3948 5461/5670/3952
f 5463/5672/3954 5457/5666/3948 5462/5671/3953
f 5462/5671/3953 5464/5673/3955 5463/5672/3954
f 5464/5673/3955 5462/5671/3953 5465/5674/3956
f 5127/5323/3659 5466/5675/3957 5460/5669/3951
f 5466/5675/3957 5461/5670/3952 5460/5669/3951
f 5466/5675/3957 5127/5323/3659 5467/5322/3958
f 5467/5322/3958 5468/5674/3959 5466/5675/3957
f 5468/5674/3959 5461/5670/3952 5466/5675/3957
f 5461/5670/3952 5468/5674/3959 5469/5671/3960
f 5470/5676/3961 5176/5369/3689 5174/5367/3697
f 5470/5676/3961 5471/5677/3962 5176/5369/3689
f 5470/5676/3961 5472/5678/3963 5471/5677/3962
f 5473/5679/3964 5471/5677/3962 5472/5678/3963
f 5474/5680/3965 5470/5676/3961 5174/5367/3697
f 5474/5680/3965 5472/5678/3963 5470/5676/3961
f 5474/5680/3965 5174/5367/3697 5475/5681/3966
f 5174/5367/3697 5175/5368/3698 5475/5681/3966
f 5475/5681/3966 5476/5682/3967 5474/5680/3965
f 5472/5678/3963 5474/5680/3965 5476/5682/3967
f 5175/5368/3698 5476/5682/3967 5475/5681/3966
f 5472/5678/3963 5477/5683/3968 5473/5679/3964
f 5477/5683/3968 5472/5678/3963 5476/5682/3967
f 5477/5683/3968 5478/5684/3969 5473/5679/3964
f 5479/5685/3970 5473/5679/3964 5478/5684/3969
f 5478/5684/3969 5480/5686/3971 5479/5685/3970
f 5480/5686/3971 5478/5684/3969 5481/5687/3972
f 5175/5368/3698 5482/5688/3973 5476/5682/3967
f 5477/5683/3968 5476/5682/3967 5482/5688/3973
f 5482/5688/3973 5175/5368/3698 5483/5366/3974
f 5483/5366/3974 5484/5687/3975 5482/5688/3973
f 5484/5687/3975 5477/5683/3968 5482/5688/3973
f 5485/5684/3976 5477/5683/3968 5484/5687/3975
f 5486/5689/3977 5487/5690/3978 5488/5691/3979
f 5487/5690/3978 5486/5689/3977 5489/5692/3980
f 5488/5691/3979 5490/5693/3981 5486/5689/3977
f 5491/5694/3982 5487/5695/3978 5489/5696/3980
f 5490/5693/3981 5488/5691/3979 5492/5697/2297
f 5492/5697/2297 4638/4800/3296 5490/5693/3981
f 4638/4800/3296 5492/5697/2297 4639/4802/3297
f 5487/5695/3978 5491/5694/3982 5493/5698/3983
f 5494/5699/3824 5493/5698/3983 5491/5694/3982
f 5493/5698/3983 5494/5699/3824 5495/5700/3984
f 4621/4773/3280 5495/5700/3984 5494/5699/3824
f 5495/5700/3984 4621/4773/3280 4623/4776/3282
f 4635/4801/3294 4639/4802/3297 4636/5701/3035
f 4633/4794/3292 4636/4797/3035 5496/5702/3985
f 5496/5702/3985 5497/4793/3986 4633/4794/3292
f 5497/4793/3986 5496/5702/3985 5498/5703/3986
f 5344/5546/3840 5343/5545/3839 4027/4105/2867
f 4027/4105/2867 4026/4104/2866 5344/5546/3840
f 5343/5545/3839 5499/5704/2086 5500/5705/1157
f 5499/5704/2086 5343/5545/3839 4779/4964/3418
f 4779/5548/3418 5345/5547/2313 5499/5706/2086
f 5346/5549/3826 5501/5707/3987 5345/5547/2313
f 5501/5707/3987 5346/5549/3826 5502/5708/3988
f 5502/5708/3988 5503/5709/1316 5501/5707/3987
f 5503/5709/1316 5502/5708/3988 5504/5710/1316
f 5505/5711/3989 5503/5709/1316 5504/5710/1316
f 5503/5709/1316 5505/5711/3989 5506/5712/3990
f 5507/5713/3991 5506/5714/3990 5505/5715/3989
f 5506/5714/3990 5507/5713/3991 5508/5716/2084
f 5509/5717/3992 5510/5718/3993 5511/5719/1336
f 5510/5720/3993 5512/5721/3994 5511/5722/1336
f 5510/5718/3993 5509/5717/3992 5513/5723/3995
f 5512/5721/3994 5510/5720/3993 5514/5724/3996
f 5515/5725/3997 5513/5723/3995 5509/5717/3992
f 5514/5724/3996 5516/5726/3998 5512/5721/3994
f 5513/5723/3995 5515/5725/3997 5517/5727/3999
f 4923/5123/3547 5517/5727/3999 5515/5725/3997
f 5517/5727/3999 4923/5123/3547 4925/5127/3549
f 5516/5726/3998 5514/5724/3996 5518/5728/2315
f 5518/5728/2315 4907/5101/3531 5516/5726/3998
f 4907/5101/3531 5518/5728/2315 5519/5729/2126
f 5519/5729/2126 4909/5103/3533 4907/5101/3531
f 4909/5103/3533 5519/5729/2126 5520/5730/4000
f 5521/5731/1331 5522/5732/4001 5523/5733/1331
f 5524/5734/4002 5521/5731/1331 5523/5733/1331
f 5522/5732/4001 5521/5731/1331 5525/5735/2277
f 5521/5731/1331 5524/5734/4002 5526/5736/2272
f 5525/5735/2277 5527/5737/4003 5522/5732/4001
f 5528/5738/4004 5526/5736/2272 5524/5734/4002
f 5527/5737/4003 5525/5735/2277 5529/5739/4005
f 5529/5740/4005 5530/5741/4006 5527/5742/4003
f 5530/5741/4006 5529/5740/4005 5531/5743/4006
f 5526/5736/2272 5528/5738/4004 5532/5744/4007
f 5533/5745/4008 5532/5746/4007 5528/5747/4004
f 5532/5746/4007 5533/5745/4008 5534/5748/2251
f 5535/5749/4009 5536/5750/4010 5537/5751/4011
f 5536/5750/4010 5535/5749/4009 5538/5752/2079
f 5537/5751/4011 5539/3810/4012 5535/5749/4009
f 5539/3810/4012 5537/5751/4011 5540/5753/4013
f 5540/5753/4013 5541/3806/4014 5539/3810/4012
f 5541/3806/4014 5540/5753/4013 3749/3804/2663
f 3749/3804/2663 3744/3799/2659 5541/3806/4014
f 5542/5754/1356 5543/5755/4015 5544/5756/3031
f 5545/5757/4016 5542/5754/1356 5544/5756/3031
f 5543/5755/4015 5542/5754/1356 5546/5758/1111
f 5546/5759/1111 5547/5760/4017 5543/5761/4015
f 5547/5760/4017 5546/5759/1111 5548/5762/4018
f 5542/5754/1356 5545/5757/4016 5549/5763/4019
f 5550/5764/3832 5549/5763/4019 5545/5757/4016
f 5549/5763/4019 5550/5764/3832 5551/5765/4020
f 5552/5766/4021 5551/5765/4020 5550/5764/3832
f 5551/5765/4020 5552/5766/4021 5553/5767/4022
f 5554/5768/4023 5555/5769/4024 5556/5770/4025
f 5556/5770/4025 5557/5771/4018 5554/5768/4023
f 5557/5771/4018 5556/5770/4025 5558/5772/4026
f 5555/5769/4024 5554/5768/4023 5559/5773/4027
f 5559/5773/4027 5560/5774/4028 5555/5769/4024
f 5560/5774/4028 5559/5773/4027 5561/5775/4029
f 5561/5775/4029 5562/5776/4030 5560/5774/4028
f 5562/5776/4030 5561/5775/4029 3874/5777/2771
f 3874/3942/2771 3872/3940/2769 5562/3944/4030
f 5563/5778/2570 5564/5779/4031 5565/5780/4032
f 5565/5780/4032 5566/5781/4033 5567/5782/4034
f 5567/5782/4034 5568/5783/2314 5569/5784/2314
f 5565/5780/4032 5570/5785/4035 5571/5786/4036
f 5572/5787/4037 5571/5786/4036 5570/5785/4035
f 5571/5786/4036 5572/5787/4037 5573/5788/4038
f 5574/5789/4039 5573/5788/4038 5572/5787/4037
f 5573/5788/4038 5574/5789/4039 5575/5790/4040
f 5576/5791/4041 5575/5790/4040 5574/5789/4039
f 5575/5790/4040 5576/5791/4041 5577/5792/4042
f 5578/4939/4043 5577/5793/4042 5576/5794/4041
f 5577/5793/4042 5578/4939/4043 5579/5795/4044
f 4760/4941/3400 5579/5795/4044 5578/4939/4043
f 5579/5795/4044 4760/4941/3400 4763/4944/1257
f 4763/4944/1257 4762/4943/3402 5580/5796/4045
f 5569/5784/2314 5581/5797/1267 5582/5798/1267
f 5581/5797/1267 5583/5799/4046 5582/5798/1267
f 5582/5798/1267 5583/5799/4046 5584/5800/2301
f 5583/5799/4046 5585/5801/1310 5584/5800/2301
f 5585/5801/1310 5583/5799/4046 5586/5802/1310
f 5587/5803/4047 5585/5801/1310 5586/5802/1310
f 5588/5804/4048 5587/5803/4047 5589/5805/4048
f 5590/5806/4049 5589/5805/4048 5587/5803/4047
f 5589/5805/4048 5590/5806/4049 5591/5807/4048
f 5587/5803/4047 5592/5808/4050 5590/5806/4049
f 5592/5808/4050 5587/5803/4047 5593/5809/4051
f 5593/5809/4051 5594/5810/4052 5592/5808/4050
f 5594/5810/4052 5593/5809/4051 5595/5811/4053
f 5595/5812/4053 3607/3652/2596 5594/5813/4052
f 3607/3652/2596 5595/5812/4053 3605/3650/2594
f 5596/3866/4054 5597/5814/1106 5598/5815/4055
f 5597/5814/1106 5596/3866/4054 5599/5816/4056
f 5600/3868/4057 5599/5816/4056 5596/3866/4054
f 5599/5816/4056 5600/3868/4057 5601/5817/4058
f 5602/3870/4059 5601/5817/4058 5600/3868/4057
f 5601/5817/4058 5602/3870/4059 5603/5818/4060
f 3820/3876/2729 5603/5818/4060 5602/3870/4059
f 5603/5818/4060 3820/3876/2729 3819/3886/2728
f 5604/5819/4061 5605/5820/4062 5606/5821/4063
f 5606/5821/4063 5607/5822/4064 5604/5819/4061
f 5607/5822/4064 5606/5821/4063 5608/5823/4065
f 5605/5820/4062 5604/5819/4061 5609/5824/4066
f 5609/5824/4066 5610/5825/4067 5605/5820/4062
f 5610/5825/4067 5609/5824/4066 5611/5826/4068
f 5611/5827/4068 3534/3573/2539 5610/5828/4067
f 3534/3573/2539 5611/5827/4068 3533/3572/2538
f 5612/5829/4069 5613/5830/4070 5614/5831/4071
f 5615/5832/4072 5614/5831/4071 5613/5830/4070
f 5614/5831/4071 5616/5833/4073 5612/5829/4069
f 5614/5831/4071 5615/5832/4072 5617/5834/4074
f 5616/5835/4073 5618/5836/4075 5612/5837/4069
f 5615/5838/4072 5619/5839/4076 5617/5840/4074
f 5616/5835/4073 5620/5841/4077 5618/5836/4075
f 5621/5842/4078 5618/5836/4075 5620/5841/4077
f 5620/5841/4077 5622/5843/4079 5621/5842/4078
f 5623/5844/4080 5617/5840/4074 5619/5839/4076
f 5624/5845/4081 5623/5844/4080 5619/5839/4076
f 5625/5846/4082 5623/5844/4080 5624/5845/4081
f 5626/5847/4083 5627/5848/4084 5628/5849/4085
f 5629/5850/4086 5628/5851/4085 5627/5852/4084
f 5627/5848/4084 5626/5847/4083 5630/5853/4087
f 5628/5851/4085 5629/5850/4086 5631/5854/4088
f 5626/5847/4083 5632/5855/4089 5630/5853/4087
f 5633/5856/4090 5631/5857/4088 5629/5858/4086
f 5632/5855/4089 5626/5847/4083 5634/5859/4091
f 5635/5860/4092 5632/5861/4089 5634/5862/4091
f 5635/5860/4092 5634/5862/4091 5636/5863/4092
f 5637/5864/4093 5631/5857/4088 5633/5856/4090
f 5638/5865/4094 5637/5866/4093 5633/5867/4090
f 5639/5868/4095 5637/5866/4093 5638/5865/4094
f 5640/5869/4096 5641/5870/4097 5642/5871/4098
f 5643/5872/4099 5642/5873/4098 5641/5874/4097
f 5640/5869/4096 5642/5871/4098 5644/5875/4100
f 5641/5874/4097 5645/5876/4101 5643/5872/4099
f 5645/5877/4101 5646/5878/4102 5643/5879/4099
f 5645/5877/4101 5647/5880/4103 5646/5878/4102
f 5644/5881/4100 5648/5882/4104 5640/5883/4096
f 5648/5882/4104 5644/5881/4100 5649/5884/4105
f 5649/5884/4105 5650/5885/4106 5648/5882/4104
f 5651/5886/4107 5648/5882/4104 5650/5885/4106
f 5650/5887/4106 5652/5888/4108 5651/5889/4107
f 5653/5890/4108 5651/5889/4107 5652/5888/4108
f 5654/5891/4109 5655/5892/4110 5656/5893/4111
f 5655/5892/4110 5654/5891/4109 5657/5894/4112
f 5654/5895/4109 4658/4833/3316 5657/5896/4112
f 5654/5895/4109 4656/4831/3314 4658/4833/3316
f 4656/4831/3314 5658/5897/4113 4657/4832/3315
f 5659/5898/4114 5656/5893/4111 5660/5899/4115
f 5661/5900/4116 5659/5901/4114 5660/5902/4115
f 5662/5903/4117 5659/5901/4114 5661/5900/4116
f 5661/5904/4116 5663/5905/4118 5662/5906/4117
f 5663/5905/4118 5664/5907/4119 5662/5906/4117
f 5665/5908/4120 5666/5909/4121 5667/5910/4122
f 5665/5911/4120 5668/5912/4123 5666/5913/4121
f 5665/5911/4120 5669/5914/4124 5668/5912/4123
f 5668/5915/4123 5669/5916/4124 5670/5917/4125
f 5669/5916/4124 5671/5918/4126 5670/5917/4125
f 5672/5919/4127 5673/5920/4128 5667/5910/4122
f 5673/5920/4128 5672/5919/4127 5674/5921/4129
f 4660/5922/3318 5673/5920/4128 5674/5921/4129
f 5673/5923/4128 4660/4835/3318 4659/4834/3317
f 4659/4834/3317 4661/4836/3319 5675/5924/4130
f 5656/5893/4111 5655/5892/4110 5660/5899/4115
f 5672/5919/4127 5667/5910/4122 5666/5909/4121
f 5676/5925/1316 5591/5807/4048 5677/5926/2121
f 5678/5927/4131 5676/5925/1316 5677/5926/2121
f 5677/5926/2121 5679/5928/2604 5678/5927/4131
f 5679/5928/2604 5680/5929/4132 5681/5930/4133
f 5682/5931/2789 5683/5932/2604 5681/5930/4133
f 5681/5930/4133 5680/5929/4132 5684/5933/2083
f 5680/5929/4132 5685/5934/4134 5684/5933/2083
f 5686/5935/4135 5684/5936/2083 5685/5937/4134
f 5684/5936/2083 5686/5935/4135 5687/5938/4136
f 5688/5939/4137 5687/5938/4136 5686/5935/4135
f 5687/5938/4136 5688/5939/4137 5689/5940/4138
f 5690/5941/4139 5689/5940/4138 5688/5939/4137
f 5689/5940/4138 5690/5941/4139 5691/5942/4140
f 5692/5943/4141 5691/5942/4140 5690/5941/4139
f 5691/5942/4140 5692/5943/4141 5300/5944/3816
f 5290/5490/3806 5300/5502/3816 5692/5488/4141
f 5693/5945/2609 5694/5946/4142 5695/5947/4143
f 5693/5945/2609 5696/5948/1153 5694/5946/4142
f 5694/5946/4142 5696/5948/1153 5697/5949/3034
f 5698/5950/3999 5697/5949/3034 5696/5948/1153
f 5697/5949/3034 5698/5950/3999 5699/5951/3999
f 5700/5952/2311 5699/5951/3999 5698/5950/3999
f 5699/5951/3999 5700/5952/2311 5701/5953/2311
f 5702/5954/2295 5701/5953/2311 5700/5952/2311
f 5701/5953/2311 5702/5954/2295 5703/5955/2295
f 5694/5946/4142 5704/5956/4144 5705/5957/4145
f 5706/5958/4146 5707/5959/4147 5704/5956/4144
f 5707/5959/4147 5706/5958/4146 5708/5960/4148
f 5708/5960/4148 5709/5961/4149 5707/5959/4147
f 5709/5961/4149 5708/5960/4148 5710/5962/4150
f 5710/5963/4150 5711/5443/4151 5709/5964/4149
f 5711/5443/4151 5710/5963/4150 5712/5965/1343
f 5712/5965/1343 5251/5438/3767 5711/5443/4151
f 5251/5438/3767 5712/5965/1343 5250/5437/3766
f 5538/5752/2079 5713/5966/4152 5536/5750/4010
f 5713/5966/4152 5538/5752/2079 5714/5967/4153
f 3823/3889/2732 3824/3890/2733 5715/5968/4154
f 5716/5969/4155 5717/5970/4155 5718/5971/4156
f 5719/5972/2296 5716/5969/4155 5718/5971/4156
f 5717/5970/4155 5720/5973/4157 5718/5971/4156
f 5720/5973/4157 5717/5970/4155 5721/5974/4158
f 5716/5969/4155 5722/5975/3037 5717/5970/4155
f 5722/5975/3037 5716/5969/4155 5723/5976/3993
f 5724/5977/4159 5722/5975/3037 5723/5976/3993
f 5718/5971/4156 5725/5978/4160 5726/5979/4161
f 5727/5980/4162 5726/5979/4161 5725/5978/4160
f 5726/5979/4161 5727/5980/4162 5728/5981/4163
f 5729/5982/4164 5728/5981/4163 5727/5980/4162
f 5728/5981/4163 5729/5982/4164 5730/5983/4165
f 5731/5559/4166 5730/5984/4165 5729/5985/4164
f 5730/5984/4165 5731/5559/4166 5732/5986/2314
f 5351/5554/3845 5732/5986/2314 5731/5559/4166
f 5732/5986/2314 5351/5554/3845 5350/5553/3844
f 5722/5975/3037 5724/5977/4159 5733/5987/4167
f 5722/5975/3037 5733/5987/4167 5734/5988/4168
f 5735/5989/4169 5734/5988/4168 5733/5987/4167
f 5733/5990/4167 5736/5991/4170 5735/5992/4169
f 5736/5991/4170 5733/5990/4167 5737/5993/4171
f 5724/5994/4159 5737/5993/4171 5733/5990/4167
f 5724/5994/4159 5738/5995/4172 5737/5993/4171
f 5737/5993/4171 5738/5995/4172 5739/5996/4173
f 5740/5997/4174 5741/5998/4175 5742/5999/4176
f 5740/5997/4174 5743/6000/1356 5741/5998/4175
f 5741/5998/4175 5744/6001/4177 5742/5999/4176
f 5715/5968/4154 5742/5999/4176 5744/6001/4177
f 5742/5999/4176 5715/5968/4154 3824/3890/2733
f 5744/6001/4177 5741/5998/4175 5745/6002/1351
f 5746/6003/4178 5745/6002/1351 5741/5998/4175
f 5745/6002/1351 5746/6003/4178 5747/6004/3030
f 5743/6000/1356 5748/6005/4179 5746/6003/4178
f 5749/6006/1346 5742/5999/4176 5750/6007/1346
f 5751/6008/4180 5749/6006/1346 5750/6007/1346
f 5752/6009/2315 5749/6006/1346 5751/6008/4180
f 5753/6010/2630 5752/6009/2315 5751/6008/4180
f 5754/6011/2147 5752/6009/2315 5753/6010/2630
f 5755/6012/2318 5754/6011/2147 5753/6010/2630
f 5756/6013/2318 5754/6011/2147 5755/6012/2318
f 5748/6005/4179 5757/6014/4181 5758/6015/4182
f 5759/6016/4179 5758/6015/4182 5760/6017/4183
f 5758/6015/4182 5757/6014/4181 5761/6018/4184
f 5757/6014/4181 5762/6019/4185 5761/6018/4184
f 5761/6018/4184 5762/6019/4185 5763/6020/4185
f 5762/6021/4185 5764/6022/4186 5763/6023/4185
f 5764/6022/4186 5762/6021/4185 5765/6024/2620
f 5766/6025/2288 5764/6022/4186 5767/6026/2288
f 5683/5932/2604 5678/5927/4131 5681/5930/4133
f 5681/5930/4133 5678/5927/4131 5679/5928/2604
f 5768/6027/1316 5678/5927/4131 5683/5932/2604
f 5676/5925/1316 5678/5927/4131 5768/6027/1316
f 5588/5804/4048 5676/5925/1316 5768/6027/1316
f 5589/5805/4048 5676/5925/1316 5588/5804/4048
f 5591/5807/4048 5676/5925/1316 5589/5805/4048
f 5588/5804/4048 5585/5801/1310 5587/5803/4047
f 5681/5930/4133 5769/6028/2790 5682/5931/2789
f 5769/6028/2790 5770/6029/4187 5682/5931/2789
f 5682/5931/2789 5770/6029/4187 5771/6030/4187
f 5770/6031/4187 5772/6032/4188 5771/6033/4187
f 5773/6034/2309 5771/6033/4187 5772/6032/4188
f 5774/6035/2284 5773/6034/2309 5775/6036/2284
f 5776/6037/1261 5774/6035/2284 5777/6038/2129
f 5778/6039/2135 5779/6040/2135 5780/6041/2232
f 5778/6039/2135 5780/6041/2232 5781/6042/2788
f 5778/6039/2135 5782/6043/1331 5779/6040/2135
f 5780/6041/2232 5779/6040/2135 5783/6044/4189
f 5779/6040/2135 5784/6045/1331 5783/6044/4189
f 5597/6046/1106 5780/6041/2232 5785/6047/4190
f 5786/6048/4191 5779/6040/2135 5782/6043/1331
f 5779/6040/2135 5786/6048/4191 5784/6045/1331
f 5782/6043/1331 5787/6049/1258 5786/6048/4191
f 5788/6050/1258 5784/6045/1331 5786/6048/4191
f 5788/6050/1258 5786/6048/4191 5787/6049/1258
f 5784/6045/1331 5788/6050/1258 5789/6051/4192
f 5790/6052/4193 5789/6051/4192 5788/6050/1258
f 5787/6049/1258 5776/6037/1261 5790/6052/4193
f 5777/6038/2129 5790/6052/4193 5776/6037/1261
f 5789/6051/4192 5790/6052/4193 5791/6053/4194
f 5713/6054/4152 5791/6053/4194 5790/6052/4193
f 5791/6053/4194 5713/6054/4152 5714/6055/4153
f 5775/6036/2284 5777/6038/2129 5774/6035/2284
f 5772/6032/4188 5775/6036/2284 5773/6034/2309
f 5781/6042/2788 5780/6041/2232 5792/6056/2289
f 5792/6056/2289 5766/6025/2288 5781/6042/2788
f 5767/6026/2288 5781/6042/2788 5766/6025/2288
f 5765/6024/2620 5767/6026/2288 5764/6022/4186
f 5780/6041/2232 5783/6044/4189 5785/6047/4190
f 5597/6046/1106 5785/6047/4190 5598/6057/4055
f 5570/5785/4035 5565/5780/4032 5793/6058/4195
f 5564/5779/4031 5793/6058/4195 5565/5780/4032
f 5567/5782/4034 5563/5778/2570 5565/5780/4032
f 5566/5781/4033 5568/5783/2314 5567/5782/4034
f 5568/5783/2314 5581/5797/1267 5569/5784/2314
f 5737/5993/4171 5608/5823/4065 5736/5991/4170
f 5608/5823/4065 5737/5993/4171 5607/5822/4064
f 5748/6005/4179 5758/6015/4182 5794/6059/2637
f 5746/6003/4178 5748/6005/4179 5794/6059/2637
f 5794/6059/2637 5758/6015/4182 5759/6016/4179
f 5747/6004/3030 5794/6059/2637 5759/6016/4179
f 5746/6003/4178 5794/6059/2637 5747/6004/3030
f 5741/5998/4175 5743/6000/1356 5746/6003/4178
f 5758/6015/4182 5557/6060/4018 5760/6017/4183
f 5760/6017/4183 5557/6060/4018 5558/6061/4026
f 5725/5978/4160 5718/5971/4156 5720/5973/4157
f 5718/5971/4156 5795/6062/2296 5719/5972/2296
f 5703/5955/2295 5719/5972/2296 5795/6062/2296
f 5719/5972/2296 5703/5955/2295 5702/5954/2295
f 5796/6063/4196 5797/6064/2609 5798/6065/4197
f 5797/6064/2609 5796/6063/4196 5695/5947/4143
f 5796/6063/4196 5693/5945/2609 5695/5947/4143
f 5695/5947/4143 5705/5957/4145 5797/6064/2609
f 5705/5957/4145 5695/5947/4143 5694/5946/4142
f 5704/5956/4144 5694/5946/4142 5706/5958/4146
f 5798/6065/4197 5799/6066/4198 5564/6067/4031
f 5793/6058/4195 5564/5779/4031 5799/6068/4198
f 5798/6065/4197 5564/6067/4031 5796/6063/4196
f 5564/6067/4031 5800/6069/3980 5796/6063/4196
f 5693/5945/2609 5796/6063/4196 5800/6069/3980
f 5800/6069/3980 5564/6067/4031 5563/6070/2570
f 5787/6049/1258 5790/6052/4193 5788/6050/1258
f 5721/5974/4158 5722/5975/3037 5734/5988/4168
f 5722/5975/3037 5721/5974/4158 5717/5970/4155
f 5738/5995/4172 5756/6013/2318 5739/5996/4173
f 5739/5996/4173 5756/6013/2318 5755/6012/2318
f 5749/6006/1346 5740/5997/4174 5742/5999/4176
f 5801/6071/4199 5802/6072/4199 5803/6073/4199
f 5802/6072/4199 5804/6074/4199 5803/6073/4199
f 5805/6075/4200 5806/6076/4201 5807/6077/4200
f 5806/6076/4201 5808/6078/4200 5807/6077/4200
f 5809/6079/4202 5810/6080/4203 5811/6081/4203
f 5810/6080/4203 5812/6082/4203 5811/6081/4203
f 5813/6083/4204 5814/6084/4204 5815/6085/4205
f 5814/6084/4204 5816/6086/4206 5815/6085/4205
f 5817/6087/4207 5818/6088/4207 5819/6089/4207
f 5818/6088/4207 5820/6090/4208 5819/6089/4207
f 5821/6091/4209 5822/6092/4210 5823/6093/4210
f 5822/6092/4210 5824/6094/4210 5823/6093/4210
f 5825/6095/4211 5826/6096/4212 5827/6097/4213
f 5826/6096/4212 5828/6098/4212 5827/6097/4213
f 5829/6099/4214 5830/6100/4215 5831/6101/4216
f 5830/6100/4215 5832/6102/4215 5831/6101/4216
f 5833/6103/4217 5834/6104/4218 5835/6105/4217
f 5834/6104/4218 5836/6106/4217 5835/6105/4217
f 5837/6107/4219 5838/6108/4220 5839/6109/4220
f 5838/6108/4220 5840/6110/4221 5839/6109/4220
f 5841/6111/4222 5842/6112/4223 5843/6113/4222
f 5842/6112/4223 5844/6114/4224 5843/6113/4222
f 5845/6115/4225 5846/6116/4225 5847/6117/4225
f 5846/6116/4225 5848/6118/4226 5847/6117/4225
f 5849/6119/4227 5850/6120/4228 5851/6121/4229
f 5850/6120/4228 5852/6122/4230 5851/6121/4229
f 5853/6123/4231 5854/6124/4232 5855/6125/4233
f 5854/6124/4232 5856/6126/4234 5855/6125/4233
f 5857/6127/4235 5858/6128/4236 5859/6129/4237
f 5858/6128/4236 5860/6130/4238 5859/6129/4237
f 5861/6131/4239 5862/6132/4239 5863/6133/4240
f 5862/6132/4239 5864/6134/4241 5863/6133/4240
f 5865/6135/4242 5866/6136/4243 5867/6137/4242
f 5866/6136/4243 5868/6138/4244 5867/6137/4242
f 5869/6139/4245 5870/6140/4246 5871/6141/4247
f 5870/6140/4246 5872/6142/4246 5871/6141/4247
f 5873/6143/4248 5874/6144/4248 5875/6145/4249
f 5874/6144/4248 5876/6146/4250 5875/6145/4249
f 5877/6147/4251 5878/6148/4252 5879/6149/4253
f 5878/6148/4252 5880/6150/4254 5879/6149/4253
f 5881/6151/4255 5882/6152/4255 5883/6153/4256
f 5882/6152/4255 5884/6154/4257 5883/6153/4256
f 5885/6155/4258 5886/6156/4259 5887/6157/4258
f 5886/6156/4259 5888/6158/4260 5887/6157/4258
f 5889/6159/4261 5890/6160/4261 5891/6161/4261
f 5890/6160/4261 5892/6162/4262 5891/6161/4261
f 5893/6163/4263 5894/6164/4264 5895/6165/4263
f 5894/6164/4264 5896/6166/4265 5895/6165/4263
f 5897/6167/4266 5898/6168/4266 5899/6169/4267
f 5898/6168/4266 5900/6170/4267 5899/6169/4267
f 5901/6171/4268 5902/6172/4269 5903/6173/4270
f 5902/6172/4269 5904/6174/4271 5903/6173/4270
f 5905/6175/4272 5906/6176/4273 5907/6177/4273
f 5906/6176/4273 5908/6178/4274 5907/6177/4273
f 5909/6179/4275 5910/6180/4276 5911/6181/4275
f 5910/6180/4276 5912/6182/4275 5911/6181/4275
f 5913/6183/4277 5914/6184/4277 5915/6185/4277
f 5914/6184/4277 5916/6186/4277 5915/6185/4277
f 5917/6187/4278 5918/6188/4279 5919/6189/4278
f 5918/6188/4279 5920/6190/4279 5919/6189/4278
f 5921/6191/4280 5922/6192/4281 5923/6193/4282
f 5922/6192/4281 5924/6194/4280 5923/6193/4282
f 5925/6195/4283 5926/6196/4284 5927/6197/4284
f 5926/6196/4284 5928/6198/4284 5927/6197/4284
f 5929/6199/4285 5930/6200/4285 5931/6201/4285
f 5930/6200/4285 5932/6202/4285 5931/6201/4285
f 5933/6203/4286 5934/6204/4286 5935/6205/4286
f 5934/6204/4286 5936/6206/4286 5935/6205/4286
f 5937/6207/4287 5938/6208/4288 5939/6209/4288
f 5938/6208/4288 5940/6210/4288 5939/6209/4288
f 5941/6211/4289 5942/6212/4290 5943/6213/4290
f 5942/6212/4290 5944/6214/4291 5943/6213/4290
f 5945/6215/4292 5946/6216/4292 5947/6217/4293
f 5946/6216/4292 5948/6218/4292 5947/6217/4293
f 5949/6219/4294 5950/6220/4294 5951/6221/4294
f 5950/6220/4294 5952/6222/4294 5951/6221/4294
f 5953/6223/4295 5954/6224/4295 5955/6225/4295
f 5954/6224/4295 5956/6226/4295 5955/6225/4295
f 5957/6227/4296 5958/6228/4296 5959/6229/4296
f 5958/6228/4296 5960/6230/4297 5959/6229/4296
f 5961/6231/4298 5962/6232/4299 5963/6233/4298
f 5962/6232/4299 5964/6234/4300 5963/6233/4298
f 5965/6235/4301 5966/6236/4301 5967/6237/4301
f 5966/6236/4301 5968/6238/4301 5967/6237/4301
f 5969/6239/4302 5970/6240/4303 5971/6241/4303
f 5970/6240/4303 5972/6242/4304 5971/6241/4303
f 5973/6243/4305 5974/6244/4305 5975/6245/4305
f 5974/6244/4305 5976/6246/4305 5975/6245/4305
f 5977/6247/4306 5978/6248/4306 5979/6249/4307
f 5978/6248/4306 5980/6250/4307 5979/6249/4307
f 5981/6251/4308 5982/6252/4309 5983/6253/4310
f 5982/6252/4309 5984/6254/4308 5983/6253/4310
f 5985/6255/4311 5986/6256/4311 5987/6257/4312
f 5986/6256/4311 5988/6258/4311 5987/6257/4312
f 5989/6259/4313 5990/6260/4314 5991/6261/4314
f 5990/6260/4314 5992/6262/4313 5991/6261/4314
f 5993/6263/4315 5994/6264/4316 5995/6265/4317
f 5994/6264/4316 5996/6266/4317 5995/6265/4317
f 5997/6267/4318 5998/6268/4319 5999/6269/4318
f 5998/6268/4319 6000/6270/4318 5999/6269/4318
f 6001/6271/4320 6002/6272/4320 6003/6273/4321
f 6002/6272/4320 6004/6274/4320 6003/6273/4321
f 6005/6275/4322 6006/6276/4323 6007/6277/4322
f 6006/6276/4323 6008/6278/4323 6007/6277/4322
f 6009/6279/4324 6010/6280/4324 6011/6281/4324
f 6010/6280/4324 6012/6282/4324 6011/6281/4324
f 6013/6283/4325 6014/6284/4326 6015/6285/4326
f 6014/6284/4326 6016/6286/4327 6015/6285/4326
f 6017/6287/4328 6018/6288/4329 6019/6289/4328
f 6018/6288/4329 6020/6290/4329 6019/6289/4328
f 6021/6291/4330 6022/6292/4330 6023/6293/4330
f 6022/6292/4330 6024/6294/4331 6023/6293/4330
f 6025/6295/4332 6026/6296/4332 6027/6297/4332
f 6026/6296/4332 6028/6298/4333 6027/6297/4332
f 6029/6299/4334 6030/6300/4335 6031/6301/4334
f 6030/6300/4335 6032/6302/4335 6031/6301/4334
f 6033/6303/4336 6034/6304/4336 6035/6305/4336
f 6034/6304/4336 6036/6306/4336 6035/6305/4336
f 6037/6307/4337 6038/6308/4338 6039/6309/4338
f 6038/6308/4338 6040/6310/4338 6039/6309/4338
f 6041/6311/4339 6042/6312/4339 6043/6313/4340
f 6042/6312/4339 6044/6314/4339 6043/6313/4340
f 6045/6315/4341 6046/6316/4341 6047/6317/4341
f 6046/6316/4341 6048/6318/4341 6047/6317/4341
f 6049/6319/4342 6050/6320/4343 6051/6321/4343
f 6050/6320/4343 6052/6322/4343 6051/6321/4343
f 6053/6323/4344 6054/6324/4344 6055/6325/4344
f 6054/6324/4344 6056/6326/4344 6055/6325/4344
f 6057/6327/4345 6058/6328/4345 6059/6329/4345
f 6058/6328/4345 6060/6330/4345 6059/6329/4345
f 6061/6331/4346 6062/6332/4347 6063/6333/4346
f 6062/6332/4347 6064/6334/4347 6063/6333/4346
f 6065/6335/4348 6066/6336/4349 6067/6337/4349
f 6066/6336/4349 6068/6338/4350 6067/6337/4349
f 6069/6339/4351 6070/6340/4352 6071/6341/4353
f 6070/6340/4352 6072/6342/4352 6071/6341/4353
f 6073/6343/4354 6074/6344/4354 6075/6345/4354
f 6074/6344/4354 6076/6346/4355 6075/6345/4354
f 6077/6347/4356 6078/6348/4356 6079/6349/4356
f 6078/6348/4356 6080/6350/4356 6079/6349/4356
f 6081/6351/4357 6082/6352/4358 6083/6353/4358
f 6082/6352/4358 6084/6354/4359 6083/6353/4358
f 6085/6355/4360 6086/6356/4360 6087/6357/4360
f 6086/6356/4360 6088/6358/4361 6087/6357/4360
f 6089/6359/4362 6090/6360/4362 6091/6361/4362
f 6090/6360/4362 6092/6362/4363 6091/6361/4362
f 6093/6363/4364 6094/6364/4365 6095/6365/4366
f 6094/6364/4365 6096/6366/4364 6095/6365/4366
f 6097/6367/4367 6098/6368/4368 6099/6369/4368
f 6098/6368/4368 6100/6370/4369 6099/6369/4368
f 6101/6371/4370 6102/6372/4370 6103/6373/4371
f 6102/6372/4370 6104/6374/4372 6103/6373/4371
f 6105/6375/4373 6106/6376/4374 6107/6377/4375
f 6106/6376/4374 6108/6378/4374 6107/6377/4375
f 6109/6379/4376 6110/6380/4376 6111/6381/4376
f 6110/6380/4376 6112/6382/4377 6111/6381/4376
f 6113/6383/4378 6114/6384/4379 6115/6385/4380
f 6114/6384/4379 6116/6386/4381 6115/6385/4380
f 6117/6387/4382 6118/6388/4383 6119/6389/4383
f 6118/6388/4383 6120/6390/4383 6119/6389/4383
f 6121/6391/4384 6122/6392/4384 6123/6393/4384
f 6122/6392/4384 6124/6394/4385 6123/6393/4384
f 6125/6395/4386 6126/6396/4386 6127/6397/4387
f 6126/6396/4386 6128/6398/4388 6127/6397/4387
f 6129/6399/4389 6130/6400/4390 6131/6401/4390
f 6130/6400/4390 6132/6402/4391 6131/6401/4390
f 6133/6403/4392 6134/6404/4392 6135/6405/4393
f 6134/6404/4392 6136/6406/4392 6135/6405/4393
f 6137/6407/4394 6138/6408/4395 6139/6409/4394
f 6138/6408/4395 6140/6410/4396 6139/6409/4394
f 6141/6411/4397 6142/6412/4398 6143/6413/4399
f 6142/6412/4398 6144/6414/4400 6143/6413/4399
f 6145/6415/4401 6146/6416/4402 6147/6417/4401
f 6146/6416/4402 6148/6418/4402 6147/6417/4401
f 6149/6419/4403 6150/6420/4404 6151/6421/4405
f 6150/6420/4404 6152/6422/4406 6151/6421/4405
f 6153/6423/4407 6154/6424/4408 6155/6425/4409
f 6154/6424/4408 6156/6426/4408 6155/6425/4409
f 6157/6427/4410 6158/6428/4410 6159/6429/4410
f 6158/6428/4410 6160/6430/4411 6159/6429/4410
f 6161/6431/4412 6162/6432/4412 6163/6433/4412
f 6162/6432/4412 6164/6434/4413 6163/6433/4412
f 6165/6435/4414 6166/6436/4415 6167/6437/4415
f 6166/6436/4415 6168/6438/4414 6167/6437/4415
f 6169/6439/4416 6170/6440/4416 6171/6441/4416
f 6170/6440/4416 6172/6442/4416 6171/6441/4416
f 6173/6443/4417 6174/6444/4417 6175/6445/4417
f 6174/6444/4417 6176/6446/4417 6175/6445/4417
f 6177/6447/4418 6178/6448/4418 6179/6449/4418
f 6178/6448/4418 6180/6450/4418 6179/6449/4418
f 6181/6451/4419 6182/6452/4419 6183/6453/4420
f 6182/6452/4419 6184/6454/4419 6183/6453/4420
f 6185/6455/4421 6186/6456/4422 6187/6457/4421
f 6186/6456/4422 6188/6458/4423 6187/6457/4421
f 6189/6459/4424 6190/6460/4425 6191/6461/4425
f 6190/6460/4425 6192/6462/4425 6191/6461/4425
f 6193/6463/4426 6194/6464/4427 6195/6465/4428
f 6194/6464/4427 6196/6466/4427 6195/6465/4428
f 6197/6467/4429 6198/6468/4430 6199/6469/4429
f 6198/6468/4430 6200/6470/4429 6199/6469/4429
f 6201/6471/4431 6202/6472/4431 6203/6473/4431
f 6202/6472/4431 6204/6474/4432 6203/6473/4431
f 6205/6475/4433 6206/6476/4433 6207/6477/4433
f 6206/6476/4433 6208/6478/4433 6207/6477/4433
f 6209/6479/4434 6210/6480/4435 6211/6481/4435
f 6210/6480/4435 6212/6482/4435 6211/6481/4435
f 6213/6483/4436 6214/6484/4436 6215/6485/4437
f 6214/6484/4436 6216/6486/4436 6215/6485/4437
f 6217/6487/4438 6218/6488/4438 6219/6489/4438
f 6218/6488/4438 6220/6490/4438 6219/6489/4438
f 6221/6491/4439 6222/6492/4440 6223/6493/4441
f 6222/6492/4440 6224/6494/4442 6223/6493/4441
f 6225/6495/4443 6226/6496/4443 6227/6497/4443
f 6226/6496/4443 6228/6498/4444 6227/6497/4443
f 6229/6499/4445 6230/6500/4445 6231/6501/4445
f 6230/6500/4445 6232/6502/4445 6231/6501/4445
f 6233/6503/4446 6234/6504/4446 6235/6505/4446
f 6234/6504/4446 6236/6506/4446 6235/6505/4446
f 6237/6507/4447 6238/6508/4448 6239/6509/4447
f 6238/6508/4448 6240/6510/4448 6239/6509/4447
f 6241/6511/4449 6242/6512/4449 6243/6513/4450
f 6242/6512/4449 6244/6514/4449 6243/6513/4450
f 6245/6515/4451 6246/6516/4451 6247/6517/4451
f 6246/6516/4451 6248/6518/4451 6247/6517/4451
f 6249/6519/4452 6250/6520/4453 6251/6521/4453
f 6250/6520/4453 6252/6522/4453 6251/6521/4453
f 6253/6523/4454 6254/6524/4455 6255/6525/4454
f 6254/6524/4455 6256/6526/4454 6255/6525/4454
f 6257/6527/4456 6258/6528/4456 6259/6529/4456
f 6258/6528/4456 6260/6530/4456 6259/6529/4456
f 6261/6531/4457 6262/6532/4458 6263/6533/4457
f 6262/6532/4458 6264/6534/4458 6263/6533/4457
f 6265/6535/4459 6266/6536/4460 6267/6537/4460
f 6266/6536/4460 6268/6538/4459 6267/6537/4460
f 6269/6539/4461 6270/6540/4461 6271/6541/4462
f 6270/6540/4461 6272/6542/4461 6271/6541/4462
f 6273/6543/4463 6274/6544/4463 6275/6545/4463
f 6274/6544/4463 6276/6546/4463 6275/6545/4463
f 6277/6547/4464 6278/6548/4465 6279/6549/4466
f 6278/6548/4465 6280/6550/4467 6279/6549/4466
f 6281/6551/4468 6282/6552/4468 6283/6553/4468
f 6282/6552/4468 6284/6554/4469 6283/6553/4468
f 6285/6555/4470 6286/6556/4471 6287/6557/4472
f 6286/6556/4471 6288/6558/4470 6287/6557/4472
f 6289/6559/4473 6290/6560/4474 6291/6561/4473
f 6290/6560/4474 6292/6562/4474 6291/6561/4473
f 6293/6563/4475 6294/6564/4475 6295/6565/4475
f 6294/6564/4475 6296/6566/4476 6295/6565/4475
f 6297/6567/4477 6298/6568/4478 6299/6569/4477
f 6298/6568/4478 6300/6570/4477 6299/6569/4477
f 6301/6571/4479 6302/6572/4479 6303/6573/4479
f 6302/6572/4479 6304/6574/4479 6303/6573/4479
f 6305/6575/4480 6306/6576/4481 6307/6577/4481
f 6306/6576/4481 6308/6578/4480 6307/6577/4481
f 6309/6579/4482 6310/6580/4483 6311/6581/4483
f 6310/6580/4483 6312/6582/4483 6311/6581/4483
f 6313/6583/4484 6314/6584/4484 6315/6585/4485
f 6314/6584/4484 6316/6586/4484 6315/6585/4485
f 6317/6587/4486 6318/6588/4487 6319/6589/4486
f 6318/6588/4487 6320/6590/4486 6319/6589/4486
f 6321/6591/4488 6322/6592/4489 6323/6593/4490
f 6322/6592/4489 6324/6594/4490 6323/6593/4490
f 6325/6595/4491 6326/6596/4492 6327/6597/4491
f 6326/6596/4492 6328/6598/4491 6327/6597/4491
f 6329/6599/4493 6330/6600/4494 6331/6601/4493
f 6330/6600/4494 6332/6602/4495 6331/6601/4493
f 6333/6603/4496 6334/6604/4497 6335/6605/4498
f 6334/6604/4497 6336/6606/4497 6335/6605/4498
f 6337/6607/4499 6338/6608/4500 6339/6609/4501
f 6338/6608/4500 6340/6610/4501 6339/6609/4501
f 6341/6611/4502 6342/6612/4503 6343/6613/4503
f 6342/6612/4503 6344/6614/4503 6343/6613/4503
f 6345/6615/4504 6346/6616/4504 6347/6617/4504
f 6346/6616/4504 6348/6618/4504 6347/6617/4504
f 6349/6619/4505 6350/6620/4506 6351/6621/4507
f 6350/6620/4506 6352/6622/4506 6351/6621/4507
f 6353/6623/4508 6354/6624/4508 6355/6625/4508
f 6354/6624/4508 6356/6626/4508 6355/6625/4508
f 6357/6627/4509 6358/6628/4510 6359/6629/4509
f 6358/6628/4510 6360/6630/4510 6359/6629/4509
f 6361/6631/4511 6362/6632/4511 6363/6633/4512
f 6362/6632/4511 6364/6634/4511 6363/6633/4512
f 6365/6635/4513 6366/6636/4513 6367/6637/4514
f 6366/6636/4513 6368/6638/4515 6367/6637/4514
f 6369/6639/4516 6370/6640/4517 6371/6641/4517
f 6370/6640/4517 6372/6642/4516 6371/6641/4517
f 6373/6643/4518 6374/6644/4519 6375/6645/4520
f 6374/6644/4519 6376/6646/4520 6375/6645/4520
f 6377/6647/4521 6378/6648/4521 6379/6649/4521
f 6378/6648/4521 6380/6650/4521 6379/6649/4521
f 6381/6651/4522 6382/6652/4523 6383/6653/4523
f 6382/6652/4523 6384/6654/4524 6383/6653/4523
f 6385/6655/4525 6386/6656/4526 6387/6657/4527
f 6386/6656/4526 6388/6658/4528 6387/6657/4527
f 6389/6659/4529 6390/6660/4530 6391/6661/4530
f 6390/6660/4530 6392/6662/4531 6391/6661/4530
f 6393/6663/4532 6394/6664/4533 6395/6665/4532
f 6394/6664/4533 6396/6666/4532 6395/6665/4532
f 6397/6667/4534 6398/6668/4535 6399/6669/4535
f 6398/6668/4535 6400/6670/4536 6399/6669/4535
f 6401/6671/4537 6402/6672/4538 6403/6673/4538
f 6402/6672/4538 6404/6674/4537 6403/6673/4538
f 6405/6675/4539 6406/6676/4539 6407/6677/4539
f 6406/6676/4539 6408/6678/4539 6407/6677/4539
f 6409/6679/4540 6410/6680/4541 6411/6681/4541
f 6410/6680/4541 6412/6682/4540 6411/6681/4541
f 6413/6683/4542 6414/6684/4543 6415/6685/4542
f 6414/6684/4543 6416/6686/4543 6415/6685/4542
f 6417/6687/4544 6418/6688/4545 6419/6689/4544
f 6418/6688/4545 6420/6690/4546 6419/6689/4544
f 6421/6691/4547 6422/6692/4547 6423/6693/4547
f 6422/6692/4547 6424/6694/4548 6423/6693/4547
f 6425/6695/4549 6426/6696/4549 6427/6697/4550
f 6426/6696/4549 6428/6698/4549 6427/6697/4550
f 6429/6699/4551 6430/6700/4552 6431/6701/4552
f 6430/6700/4552 6432/6702/4552 6431/6701/4552
f 6433/6703/4553 6434/6704/4554 6435/6705/4555
f 6434/6704/4554 6436/6706/4555 6435/6705/4555
f 6437/6707/4556 6438/6708/4557 6439/6709/4557
f 6438/6708/4557 6440/6710/4557 6439/6709/4557
f 6441/6711/4558 6442/6712/4559 6443/6713/4560
f 6442/6712/4559 6444/6714/4560 6443/6713/4560
f 6445/6715/3117 6446/6716/4561 6447/6717/4561
f 6446/6716/4561 6448/6718/3117 6447/6717/4561
f 6449/6719/4562 6450/6720/4562 6451/6721/4563
f 6450/6720/4562 6452/6722/4563 6451/6721/4563
f 6453/6723/4564 6454/6724/4565 6455/6725/4566
f 6454/6724/4565 6456/6726/2948 6455/6725/4566
f 6457/6727/3110 6458/6728/3110 6459/6729/3110
f 6458/6728/3110 6460/6730/4567 6459/6729/3110
f 6461/6731/3111 6460/6732/3111 6462/6733/4568
f 6460/6732/3111 6463/6734/3111 6462/6733/4568
f 6464/6735/4569 6465/6736/4570 6466/6737/4571
f 6465/6736/4570 6467/6738/4572 6466/6737/4571
f 6468/6739/4573 6469/6740/4574 6470/6741/4574
f 6469/6740/4574 6471/6742/4574 6470/6741/4574
f 6472/6743/4575 6473/6744/4576 6474/6745/4576
f 6473/6744/4576 6475/6746/2943 6474/6745/4576
f 6476/6747/4577 6477/6748/4578 6478/6749/4579
f 6477/6748/4578 6479/6750/4577 6478/6749/4579
f 6480/6751/4580 6481/6752/4580 6482/6753/4580
f 6481/6752/4580 6483/6754/4580 6482/6753/4580
f 6484/6755/4581 6485/6756/4582 6486/6757/4582
f 6485/6756/4582 6477/6758/4577 6486/6757/4582
f 6487/6759/4583 6488/6760/4584 6489/6761/3052
f 6488/6760/4584 6490/6762/3052 6489/6761/3052
f 6466/6737/4571 6467/6738/4572 6491/6763/4570
f 6467/6738/4572 6492/6764/4570 6491/6763/4570
f 6493/6765/4585 6494/6766/4586 6495/6767/4587
f 6494/6766/4586 6496/6768/4588 6495/6767/4587
f 6497/6769/4589 6498/6770/4590 6499/6771/4590
f 6498/6770/4590 6500/6772/4591 6499/6771/4590
f 6501/6773/4592 6502/6774/4593 6503/6775/4593
f 6502/6774/4593 6504/6776/4593 6503/6775/4593
f 6505/6777/4594 6506/6778/4595 6507/6779/4595
f 6506/6778/4595 6508/6780/4596 6507/6779/4595
f 6509/6781/4582 6510/6782/4582 6484/6755/4581
f 6510/6782/4582 6485/6756/4582 6484/6755/4581
f 6511/6783/3361 6512/6784/3361 6513/6785/3361
f 6512/6784/3361 6506/6786/4597 6513/6785/3361
f 6451/6721/4563 6452/6722/4563 6514/6787/4598
f 6452/6722/4563 6515/6788/4598 6514/6787/4598
f 6516/6789/4599 6517/6790/4600 6518/6791/4600
f 6517/6790/4600 6519/6792/4600 6518/6791/4600
f 6520/6793/4601 6521/6794/4602 6522/6795/4603
f 6521/6794/4602 6523/6796/4603 6522/6795/4603
f 6522/6795/4603 6523/6796/4603 6524/6797/4604
f 6523/6796/4603 6525/6798/4605 6524/6797/4604
f 6526/6799/4606 6527/6800/4607 6528/6801/4608
f 6527/6800/4607 6529/6802/2949 6528/6801/4608
f 6530/6803/4609 6531/6804/4610 6532/6805/4611
f 6531/6804/4610 6533/6806/4610 6532/6805/4611
f 6482/6753/4580 6483/6754/4580 6534/6807/4580
f 6483/6754/4580 6531/6808/4611 6534/6807/4580
f 6535/6809/4612 6536/6810/4613 6537/6811/4613
f 6536/6810/4613 6538/6812/4613 6537/6811/4613
f 6539/6813/3110 6540/6814/3110 6457/6727/3110
f 6540/6814/3110 6458/6728/3110 6457/6727/3110
f 6541/6815/3361 6542/6816/3361 6511/6783/3361
f 6542/6816/3361 6512/6784/3361 6511/6783/3361
f 6543/6817/4614 6544/6818/4615 6545/6819/4615
f 6544/6818/4615 6546/6820/4614 6545/6819/4615
f 6495/6767/4587 6496/6768/4588 6547/6821/4616
f 6496/6768/4588 6548/6822/4616 6547/6821/4616
f 6549/6823/3170 6550/6824/3170 6551/6825/3170
f 6550/6824/3170 6552/6826/3170 6551/6825/3170
f 6553/6827/4591 6554/6828/4617 6497/6769/4589
f 6554/6828/4617 6498/6770/4590 6497/6769/4589
f 6555/6829/2758 6556/6830/2758 6557/6831/4618
f 6556/6830/2758 6558/6832/2758 6557/6831/4618
f 6559/6833/4560 6560/6834/4560 6441/6711/4558
f 6560/6834/4560 6442/6712/4559 6441/6711/4558
f 6561/6835/4619 6562/6836/4619 6563/6837/4620
f 6562/6836/4619 6564/6838/4621 6563/6837/4620
f 6565/6839/4622 6566/6840/4623 6567/6841/4624
f 6566/6840/4623 6568/6842/4624 6567/6841/4624
f 6569/6843/4625 6570/6844/4626 6571/6845/4627
f 6570/6844/4626 6572/6846/4626 6571/6845/4627
f 6573/6847/4628 6574/6848/4629 6575/6849/4628
f 6574/6848/4629 6576/6850/4628 6575/6849/4628
f 6577/6851/3377 6578/6852/3377 6579/6853/3377
f 6578/6852/3377 6580/6854/4630 6579/6853/3377
f 6581/6855/3175 6582/6856/3175 6583/6857/3175
f 6582/6856/3175 6584/6858/3175 6583/6857/3175
f 6585/6859/4631 6586/6860/4632 6587/6861/4633
f 6586/6860/4632 6588/6862/4632 6587/6861/4633
f 6589/6863/4634 6590/6864/4635 6591/6865/4634
f 6590/6864/4635 6592/6866/4634 6591/6865/4634
f 6593/6867/4636 6594/6868/4636 6595/6869/3366
f 6594/6868/4636 6596/6870/4637 6595/6869/3366
f 6575/6849/4628 6576/6850/4628 6597/6871/4628
f 6576/6850/4628 6598/6872/4628 6597/6871/4628
f 6599/6873/4628 6600/6874/4628 6573/6847/4628
f 6600/6874/4628 6574/6848/4629 6573/6847/4628
f 6601/6875/4638 6602/6876/4639 6603/6877/4639
f 6602/6876/4639 6604/6878/4640 6603/6877/4639
f 6605/6879/4639 6606/6880/4640 6601/6875/4638
f 6606/6880/4640 6602/6876/4639 6601/6875/4638
f 6607/6881/4641 6608/6882/4642 6589/6863/4634
f 6608/6882/4642 6590/6864/4635 6589/6863/4634
f 6609/6883/4643 6610/6884/2943 6472/6743/4575
f 6610/6884/2943 6473/6744/4576 6472/6743/4575
f 6611/6885/4644 6612/6886/4644 6613/6887/4644
f 6612/6886/4644 6614/6888/4645 6613/6887/4644
f 6615/6889/3058 6616/6890/4646 6617/6891/4647
f 6616/6890/4646 6618/6892/4648 6617/6891/4647
f 6619/6893/4627 6620/6894/4649 6621/6895/4627
f 6620/6894/4649 6622/6896/4650 6621/6895/4627
f 6623/6897/4651 6624/6898/4652 6625/6899/4653
f 6624/6898/4652 6626/6900/4654 6625/6899/4653
f 6627/6901/3170 6628/6902/3170 6629/6903/3170
f 6628/6902/3170 6630/6904/4655 6629/6903/3170
f 6631/6905/4656 6632/6906/2746 6633/6907/2746
f 6632/6906/2746 6634/6908/2746 6633/6907/2746
f 6579/6853/3377 6580/6854/4630 6565/6839/4622
f 6580/6854/4630 6566/6840/4623 6565/6839/4622
f 6635/6909/4657 6636/6910/4658 6637/6911/4658
f 6636/6910/4658 6638/6912/4658 6637/6911/4658
f 6639/6913/2948 6640/6914/2948 6453/6723/4564
f 6640/6914/2948 6454/6724/4565 6453/6723/4564
f 6641/6915/4659 6642/6916/4659 6623/6897/4651
f 6642/6916/4659 6624/6898/4652 6623/6897/4651
f 6643/6917/4660 6644/6918/4660 6645/6919/4660
f 6644/6918/4660 6646/6920/4661 6645/6919/4660
f 6647/6921/3366 6648/6922/4662 6649/6923/4663
f 6648/6922/4662 6650/6924/4664 6649/6923/4663
f 6625/6899/4653 6626/6900/4654 6651/6925/4665
f 6626/6900/4654 6652/6926/4665 6651/6925/4665
f 6629/6903/3170 6630/6904/4655 6549/6823/3170
f 6630/6904/4655 6550/6824/3170 6549/6823/3170
f 6653/6927/4666 6654/6928/4667 6655/6929/4667
f 6654/6928/4667 6656/6930/4668 6655/6929/4667
f 6587/6861/4633 6588/6862/4632 6657/6931/4669
f 6588/6862/4632 6658/6932/4670 6657/6931/4669
f 6557/6831/4618 6558/6832/2758 6659/6933/2758
f 6558/6832/2758 6660/6934/4671 6659/6933/2758
f 6583/6857/3175 6584/6858/3175 6661/6935/4672
f 6584/6858/3175 6662/6936/4672 6661/6935/4672
f 6649/6923/4663 6650/6924/4664 6593/6867/4636
f 6650/6924/4664 6594/6868/4636 6593/6867/4636
f 6470/6741/4574 6471/6742/4574 6663/6937/4574
f 6471/6742/4574 6664/6938/4574 6663/6937/4574
f 6633/6907/2746 6634/6908/2746 6665/6939/4673
f 6634/6908/2746 6666/6940/2746 6665/6939/4673
f 6503/6775/4593 6504/6776/4593 6667/6941/4674
f 6504/6776/4593 6668/6942/4593 6667/6941/4674
f 6571/6845/4627 6572/6846/4626 6619/6893/4627
f 6572/6846/4626 6620/6894/4649 6619/6893/4627
f 6637/6911/4658 6638/6912/4658 6669/6943/4658
f 6638/6912/4658 6670/6944/4658 6669/6943/4658
f 6655/6929/4667 6656/6930/4668 6671/6945/4668
f 6656/6930/4668 6672/6946/4668 6671/6945/4668
f 6617/6891/4647 6618/6892/4648 6611/6885/4644
f 6618/6892/4648 6612/6886/4644 6611/6885/4644
f 6489/6761/3052 6490/6762/3052 6673/6947/3052
f 6490/6762/3052 6674/6948/3052 6673/6947/3052
f 6563/6837/4620 6564/6838/4621 6643/6917/4660
f 6564/6838/4621 6644/6918/4660 6643/6917/4660
f 6528/6801/4608 6529/6802/2949 6675/6949/2949
f 6529/6802/2949 6676/6950/2949 6675/6949/2949
f 6677/6951/4675 6678/6952/4676 6679/6953/4675
f 6678/6952/4676 6680/6954/4675 6679/6953/4675
f 6681/6955/4677 6682/6956/4677 6683/6957/4677
f 6682/6956/4677 6684/6958/4677 6683/6957/4677
f 6685/6959/4678 6686/6960/4679 6687/6961/4679
f 6686/6960/4679 6688/6962/4679 6687/6961/4679
f 6689/6963/4680 6690/6964/4680 6691/6965/4681
f 6690/6964/4680 6692/6966/4680 6691/6965/4681
f 6693/6967/4682 6694/6968/4683 6695/6969/4682
f 6694/6968/4683 6696/6970/4682 6695/6969/4682
f 6697/6971/4684 6698/6972/4685 6699/6973/4686
f 6698/6972/4685 6700/6974/4687 6699/6973/4686
f 6701/6975/4688 6702/6976/4689 6703/6977/4689
f 6702/6976/4689 6704/6978/4690 6703/6977/4689
f 6705/6979/4691 6706/6980/4691 6707/6981/4692
f 6706/6980/4691 6708/6982/4692 6707/6981/4692
f 6709/6983/4693 6710/6984/4694 6711/6985/4694
f 6710/6984/4694 6712/6986/4695 6711/6985/4694
f 6713/6987/4696 6714/6988/4697 6715/6989/4697
f 6714/6988/4697 6716/6990/4697 6715/6989/4697
f 6717/6991/4698 6718/6992/4698 6719/6993/4698
f 6718/6992/4698 6720/6994/4698 6719/6993/4698
f 6721/6995/4699 6722/6996/4700 6723/6997/4699
f 6722/6996/4700 6724/6998/4700 6723/6997/4699
f 6725/6999/4701 6726/7000/4702 6727/7001/4703
f 6726/7000/4702 6728/7002/4702 6727/7001/4703
f 6729/7003/4704 6730/7004/4705 6731/7005/4706
f 6730/7004/4705 6732/7006/4704 6731/7005/4706
f 6733/7007/4707 6734/7008/4708 6735/7009/4708
f 6734/7008/4708 6736/7010/4708 6735/7009/4708
f 6737/7011/4709 6738/7012/4709 6739/7013/4709
f 6738/7012/4709 6740/7014/4710 6739/7013/4709
f 6741/7015/4711 6742/7016/4711 6743/7017/4711
f 6742/7016/4711 6744/7018/4712 6743/7017/4711
f 6745/7019/4713 6746/7020/4714 6747/7021/4713
f 6746/7020/4714 6748/7022/4715 6747/7021/4713
f 6749/7023/4716 6750/7024/4716 6751/7025/4716
f 6750/7024/4716 6752/7026/4717 6751/7025/4716
f 6753/7027/4718 6754/7028/4718 6755/7029/4718
f 6754/7028/4718 6756/7030/4719 6755/7029/4718
f 6757/7031/4720 6758/7032/4720 6759/7033/4721
f 6758/7032/4720 6760/7034/4722 6759/7033/4721
f 6761/7035/4723 6762/7036/4723 6763/7037/4723
f 6762/7036/4723 6764/7038/4723 6763/7037/4723
f 6765/7039/4724 6766/7040/4724 6767/7041/4724
f 6766/7040/4724 6768/7042/4724 6767/7041/4724
f 6769/7043/4725 6770/7044/4725 6771/7045/4725
f 6770/7044/4725 6772/7046/4725 6771/7045/4725
f 6773/7047/4726 6774/7048/4727 6775/7049/4728
f 6774/7048/4727 6776/7050/4726 6775/7049/4728
f 6777/7051/4729 6778/7052/4729 6779/7053/4729
f 6778/7052/4729 6780/7054/4729 6779/7053/4729
f 6781/7055/4730 6782/7056/4730 6783/7057/4730
f 6782/7056/4730 6784/7058/4731 6783/7057/4730
f 6785/7059/4732 6786/7060/4732 6787/7061/4733
f 6786/7060/4732 6788/7062/4732 6787/7061/4733
f 6789/7063/4734 6790/7064/4735 6791/7065/4736
f 6790/7064/4735 6792/7066/4735 6791/7065/4736
f 6793/7067/4737 6794/7068/4738 6795/7069/4738
f 6794/7068/4738 6796/7070/4738 6795/7069/4738
f 6797/7071/4739 6798/7072/4740 6799/7073/4739
f 6798/7072/4740 6800/7074/4739 6799/7073/4739
f 6801/7075/4741 6802/7076/4742 6803/7077/4742
f 6802/7076/4742 6804/7078/4741 6803/7077/4742
f 6805/7079/4743 6806/7080/4743 6807/7081/4743
f 6806/7080/4743 6808/7082/4744 6807/7081/4743
f 6809/7083/4745 6810/7084/4745 6811/7085/4745
f 6810/7084/4745 6812/7086/4746 6811/7085/4745
f 6813/7087/4747 6814/7088/4747 6815/7089/4747
f 6814/7088/4747 6816/7090/4748 6815/7089/4747
f 6817/7091/4749 6818/7092/4750 6819/7093/4749
f 6818/7092/4750 6820/7094/4751 6819/7093/4749
f 6821/7095/4752 6822/7096/4752 6823/7097/4753
f 6822/7096/4752 6824/7098/4752 6823/7097/4753
f 6825/7099/4754 6826/7100/4755 6827/7101/4755
f 6826/7100/4755 6828/7102/4754 6827/7101/4755
f 6829/7103/4756 6830/7104/4756 6831/7105/4757
f 6830/7104/4756 6832/7106/4758 6831/7105/4757
f 6833/7107/4759 6834/7108/4760 6835/7109/4760
f 6834/7108/4760 6836/7110/4760 6835/7109/4760
f 6837/7111/4761 6838/7112/4761 6839/7113/4761
f 6838/7112/4761 6840/7114/4762 6839/7113/4761
f 6841/7115/4763 6842/7116/4763 6843/7117/4763
f 6842/7116/4763 6844/7118/4764 6843/7117/4763
f 6845/7119/4765 6846/7120/4766 6847/7121/4765
f 6846/7120/4766 6848/7122/4766 6847/7121/4765
f 6849/7123/4767 6850/7124/4767 6851/7125/4768
f 6850/7124/4767 6852/7126/4769 6851/7125/4768
f 6853/7127/4770 6854/7128/4770 6855/7129/4771
f 6854/7128/4770 6856/7130/4770 6855/7129/4771
f 6857/7131/4772 6858/7132/4772 6859/7133/4773
f 6858/7132/4772 6860/7134/4774 6859/7133/4773
f 6861/7135/4775 6862/7136/4775 6863/7137/4776
f 6862/7136/4775 6864/7138/4775 6863/7137/4776
f 6865/7139/4777 6866/7140/4778 6867/7141/4777
f 6866/7140/4778 6868/7142/4777 6867/7141/4777
f 6869/7143/4779 6870/7144/4779 6871/7145/4780
f 6870/7144/4779 6872/7146/4781 6871/7145/4780
f 6873/7147/4782 6874/7148/4783 6875/7149/4784
f 6874/7148/4783 6876/7150/4783 6875/7149/4784
f 6877/7151/4785 6878/7152/4785 6879/7153/4785
f 6878/7152/4785 6880/7154/4786 6879/7153/4785
f 6881/7155/4787 6882/7156/4787 6883/7157/4788
f 6882/7156/4787 6884/7158/4787 6883/7157/4788
f 6885/7159/4789 6886/7160/4790 6887/7161/4790
f 6886/7160/4790 6888/7162/4790 6887/7161/4790
f 6889/7163/4791 6890/7164/4792 6891/7165/4793
f 6890/7164/4792 6892/7166/4794 6891/7165/4793
f 6893/7167/4795 6894/7168/4796 6895/7169/4797
f 6894/7168/4796 6896/7170/4795 6895/7169/4797
f 6897/7171/4798 6898/7172/4798 6899/7173/4799
f 6898/7172/4798 6900/7174/4799 6899/7173/4799
f 6901/7175/4800 6902/7176/4800 6903/7177/4801
f 6902/7176/4800 6904/7178/4802 6903/7177/4801
f 6905/7179/4803 6906/7180/4803 6907/7181/4803
f 6906/7180/4803 6908/7182/4804 6907/7181/4803
f 6909/7183/4805 6910/7184/4806 6911/7185/4807
f 6910/7184/4806 6912/7186/4806 6911/7185/4807
f 6913/7187/4808 6914/7188/4808 6915/7189/4808
f 6914/7188/4808 6916/7190/4808 6915/7189/4808
f 6917/7191/4809 6918/7192/4809 6919/7193/4809
f 6918/7192/4809 6920/7194/4809 6919/7193/4809
f 6921/7195/4810 6922/7196/4811 6923/7197/4811
f 6922/7196/4811 6924/7198/4812 6923/7197/4811
f 6925/7199/4813 6926/7200/4814 6927/7201/4814
f 6926/7200/4814 6928/7202/4813 6927/7201/4814
f 6929/7203/4815 6930/7204/4816 6931/7205/4816
f 6930/7204/4816 6932/7206/4817 6931/7205/4816
f 6933/7207/4818 6934/7208/4818 6935/7209/4819
f 6934/7208/4818 6936/7210/4820 6935/7209/4819
f 6937/7211/4821 6938/7212/4822 6939/7213/4821
f 6938/7212/4822 6940/7214/4821 6939/7213/4821
f 6941/7215/4823 6942/7216/4823 6943/7217/4824
f 6942/7216/4823 6944/7218/4824 6943/7217/4824
f 6945/7219/4825 6946/7220/4826 6947/7221/4827
f 6946/7220/4826 6948/7222/4825 6947/7221/4827
f 6949/7223/4828 6950/7224/4828 6951/7225/4828
f 6950/7224/4828 6952/7226/4829 6951/7225/4828
f 6953/7227/4830 6954/7228/4831 6955/7229/4832
f 6954/7228/4831 6956/7230/4831 6955/7229/4832
f 6957/7231/4833 6958/7232/4834 6959/7233/4833
f 6958/7232/4834 6960/7234/4835 6959/7233/4833
f 6961/7235/4836 6962/7236/4837 6963/7237/4836
f 6962/7236/4837 6964/7238/4836 6963/7237/4836
f 6965/7239/4838 6966/7240/4838 6967/7241/4839
f 6966/7240/4838 6968/7242/4840 6967/7241/4839
f 6969/7243/4841 6970/7244/4841 6971/7245/4841
f 6970/7244/4841 6972/7246/4842 6971/7245/4841
f 6973/7247/4843 6974/7248/4844 6975/7249/4844
f 6974/7248/4844 6976/7250/4843 6975/7249/4844
f 6977/7251/4845 6978/7252/4846 6979/7253/4845
f 6978/7252/4846 6980/7254/4845 6979/7253/4845
f 6981/7255/4847 6982/7256/4848 6983/7257/4848
f 6982/7256/4848 6984/7258/4849 6983/7257/4848
f 6985/7259/4850 6986/7260/4850 6987/7261/4850
f 6986/7260/4850 6988/7262/4851 6987/7261/4850
f 6989/7263/4852 6990/7264/4853 6991/7265/4853
f 6990/7264/4853 6992/7266/4853 6991/7265/4853
f 6993/7267/4854 6994/7268/4854 6995/7269/4855
f 6994/7268/4854 6996/7270/4849 6995/7269/4855
f 6997/7271/4856 6998/7272/4857 6999/7273/4856
f 6998/7272/4857 7000/7274/4858 6999/7273/4856
f 7001/7275/4859 7002/7276/4859 7003/7277/4860
f 7002/7276/4859 7004/7278/4859 7003/7277/4860
f 7005/7279/4861 7006/7280/4862 7007/7281/4862
f 7006/7280/4862 7008/7282/4863 7007/7281/4862
f 7009/7283/4862 7010/7284/4862 7011/7285/4862
f 7010/7284/4862 7012/7286/4864 7011/7285/4862
f 7013/7287/4858 7014/7288/4856 7015/7289/4865
f 7014/7288/4856 7016/7290/4866 7015/7289/4865
f 7017/7291/4867 7018/7292/4868 7019/7293/4868
f 7018/7292/4868 7002/7294/4869 7019/7293/4868
f 7020/7295/4870 7021/7296/4871 7022/7297/4871
f 7021/7296/4871 7006/7298/4862 7022/7297/4871
f 7023/7299/4872 7024/7300/4873 7025/7301/4874
f 7024/7300/4873 7026/7302/4875 7025/7301/4874
f 7025/7301/4874 7026/7302/4875 7027/7303/4876
f 7026/7302/4875 7028/7304/4876 7027/7303/4876
f 7029/7305/4877 7030/7306/4877 7031/7307/4877
f 7030/7306/4877 7032/7308/4877 7031/7307/4877
f 7033/7309/4878 7034/7310/4878 7035/7311/4879
f 7034/7310/4878 7036/7312/4878 7035/7311/4879
f 7037/7313/4880 7038/7314/4881 7039/7315/4880
f 7038/7314/4881 7040/7316/4880 7039/7315/4880
f 7041/7317/4882 7042/7318/4882 7043/7319/4882
f 7042/7318/4882 7044/7320/4882 7043/7319/4882
f 7045/7321/4883 7046/7322/4884 7020/7323/4885
f 7046/7322/4884 7047/7324/4886 7020/7323/4885
f 7015/7289/4865 7016/7290/4866 7048/7325/4866
f 7016/7290/4866 7049/7326/4857 7048/7325/4866
f 7018/7292/4868 7017/7291/4867 7050/7327/4887
f 7017/7291/4867 7051/7328/4887 7050/7327/4887
f 7043/7329/4882 7052/7330/4888 7053/7331/4889
f 7052/7330/4888 7054/7332/4888 7053/7331/4889
f 7055/7333/2848 7056/7334/4890 7057/7335/2848
f 7056/7334/4890 7058/7336/2848 7057/7335/2848
f 7059/7337/4891 7060/7338/4880 7037/7313/4880
f 7060/7338/4880 7038/7314/4881 7037/7313/4880
f 7061/7339/4892 7062/7340/4892 7063/7341/4893
f 7062/7340/4892 7064/7342/4894 7063/7341/4893
f 7065/7343/2848 7066/7344/2848 7055/7333/2848
f 7066/7344/2848 7056/7334/4890 7055/7333/2848
f 7067/7345/4895 7068/7346/4896 7069/7347/4896
f 7068/7346/4896 7070/7348/4897 7069/7347/4896
f 7071/7349/4896 7072/7350/4896 7070/7348/4897
f 7072/7350/4896 7069/7347/4896 7070/7348/4897
f 7073/7351/4898 7074/7352/4899 7075/7353/4900
f 7074/7352/4899 7076/7354/4901 7075/7353/4900
f 7077/7355/4902 7078/7356/4903 7079/7357/4904
f 7078/7356/4903 7080/7358/4903 7079/7357/4904
f 7063/7341/4893 7064/7342/4894 7081/7359/4905
f 7064/7342/4894 7082/7360/4906 7081/7359/4905
f 7053/7331/4889 7054/7332/4888 7083/7361/4888
f 7054/7332/4888 7084/7362/4888 7083/7361/4888
f 7085/7363/4907 7086/7364/4907 7087/7365/4908
f 7086/7364/4907 7088/7366/4909 7087/7365/4908
f 7089/7367/4910 7090/7368/4911 7091/7369/4910
f 7090/7368/4911 7092/7370/4912 7091/7369/4910
f 7078/7356/4903 7077/7355/4902 7093/7371/4913
f 7077/7355/4902 7094/7372/4914 7093/7371/4913
f 7095/7373/4915 7096/7374/4901 7097/7375/4916
f 7096/7374/4901 7098/7376/4916 7097/7375/4916
f 7075/7353/4900 7076/7354/4901 7099/7377/4917
f 7076/7354/4901 7096/7378/4901 7099/7377/4917
f 7100/7379/4918 7101/7380/4918 7102/7381/4918
f 7101/7380/4918 7103/7382/4919 7102/7381/4918
f 7104/7383/4910 7105/7384/4911 7089/7367/4910
f 7105/7384/4911 7090/7368/4911 7089/7367/4910
f 7106/7385/4920 7103/7386/4921 7107/7387/4922
f 7103/7386/4921 7108/7388/4923 7107/7387/4922
f 7109/7389/4924 7110/7390/4907 7088/7366/4909
f 7110/7390/4907 7087/7365/4908 7088/7366/4909
f 7111/7391/4925 7112/7392/4926 7113/7393/4927
f 7112/7392/4926 7114/7394/4928 7113/7393/4927
f 7115/7395/4929 7116/7396/4930 7117/7397/4929
f 7116/7396/4930 7118/7398/4929 7117/7397/4929
f 7113/7399/4927 7119/7400/4931 7120/7401/4932
f 7119/7400/4931 7121/7402/4932 7120/7401/4932
f 7112/7392/4926 7111/7391/4925 7122/7403/4933
f 7111/7391/4925 7123/7404/4927 7122/7403/4933
f 7124/7405/4924 7125/7406/4907 7109/7389/4924
f 7125/7406/4907 7110/7390/4907 7109/7389/4924
f 7126/7407/4934 7127/7408/4935 7128/7409/4935
f 7127/7408/4935 7129/7410/4936 7128/7409/4935
f 7130/7411/4937 7131/7412/4919 7108/7388/4923
f 7131/7412/4919 7107/7387/4922 7108/7388/4923
f 7117/7397/4929 7118/7398/4929 7100/7379/4918
f 7118/7398/4929 7101/7380/4918 7100/7379/4918
f 7120/7401/4932 7121/7402/4932 7132/7413/4931
f 7121/7402/4932 7133/7414/4931 7132/7413/4931
f 7132/7413/4931 7133/7414/4931 7134/7415/4938
f 7133/7414/4931 7135/7416/4931 7134/7415/4938
f 7136/7417/2857 7137/7418/4936 7126/7407/4934
f 7137/7418/4936 7127/7408/4935 7126/7407/4934
f 7138/7419/4939 7139/7420/4940 7140/7421/4939
f 7139/7420/4940 7141/7422/4941 7140/7421/4939
f 7142/7423/4942 7143/7424/4939 7138/7419/4939
f 7143/7424/4939 7139/7420/4940 7138/7419/4939
f 7144/7425/4943 7145/7426/4939 7141/7422/4941
f 7145/7426/4939 7140/7421/4939 7141/7422/4941
f 7146/7427/4944 7147/7428/4945 7148/7429/4946
f 7147/7428/4945 7149/7430/4947 7148/7429/4946
f 7150/7431/4948 7151/7432/2857 7136/7433/2857
f 7151/7432/2857 7152/7434/4949 7136/7433/2857
f 7153/7435/4945 7154/7436/4946 7155/7437/4950
f 7154/7436/4946 7156/7438/4951 7155/7437/4950
f 7157/7439/4952 7158/7440/4953 7159/7441/4954
f 7158/7440/4953 7160/7442/4952 7159/7441/4954
f 7145/7443/4955 7161/7444/2830 7162/7445/2830
f 7161/7444/2830 7163/7446/2830 7162/7445/2830
f 7155/7437/4950 7156/7438/4951 7146/7427/4944
f 7156/7438/4951 7147/7428/4945 7146/7427/4944
f 7164/7447/4956 7165/7448/2859 7166/7449/4957
f 7165/7448/2859 7167/7450/2859 7166/7449/4957
f 7168/7451/4945 7169/7452/2859 7170/7453/2859
f 7169/7452/2859 7171/7454/2859 7170/7453/2859
f 7172/7455/4958 7173/7456/4958 7174/7457/4959
f 7173/7456/4958 7175/7458/4960 7174/7457/4959
f 7176/7459/4952 7177/7460/4961 7178/7461/4962
f 7177/7460/4961 7179/7462/4961 7178/7461/4962
f 7180/7463/4963 7181/7464/4963 7182/7465/2651
f 7181/7464/4963 7183/7466/4964 7182/7465/2651
f 7178/7461/4962 7179/7462/4961 7157/7439/4952
f 7179/7462/4961 7158/7440/4953 7157/7439/4952
f 7184/7467/4965 7185/7468/4966 7186/7469/4967
f 7185/7468/4966 7187/7470/4967 7186/7469/4967
f 7188/7471/4968 7189/7472/4969 7184/7467/4965
f 7189/7472/4969 7185/7468/4966 7184/7467/4965
f 7174/7457/4959 7175/7458/4960 7190/7473/4958
f 7175/7458/4960 7191/7474/4958 7190/7473/4958
f 7192/7475/2651 7193/7476/2651 7180/7463/4963
f 7193/7476/2651 7181/7464/4963 7180/7463/4963
f 7194/7477/4970 7195/7478/4971 7196/7479/4970
f 7195/7478/4971 7197/7480/4972 7196/7479/4970
f 7198/7481/4970 7199/7482/4970 7197/7483/4972
f 7199/7482/4970 7200/7484/4973 7197/7483/4972
f 7201/7485/2644 7202/7486/2644 7203/7487/4974
f 7202/7486/2644 7204/7488/2644 7203/7487/4974
f 7205/7489/4964 7206/7490/2647 7207/7491/2647
f 7206/7490/2647 7208/7492/4975 7207/7491/2647
f 7209/7493/2647 7210/7494/4976 7211/7495/2647
f 7210/7494/4976 7212/7496/2647 7211/7495/2647
f 7213/7497/4972 7201/7498/2644 7214/7499/2644
f 7201/7498/2644 7215/7500/2644 7214/7499/2644
f 7159/7441/4954 7160/7442/4952 7216/7501/4952
f 7160/7442/4952 7217/7502/4952 7216/7501/4952
f 7186/7469/4967 7187/7470/4967 7218/7503/4967
f 7187/7470/4967 7219/7504/4967 7218/7503/4967
f 7220/7505/4958 7221/7506/4958 7191/7474/4958
f 7221/7506/4958 7190/7473/4958 7191/7474/4958
f 7211/7495/2647 7212/7496/2647 7222/7507/4977
f 7212/7496/2647 7223/7508/2647 7222/7507/4977
f 7224/7509/2651 7225/7510/2644 7226/7511/2644
f 7225/7510/2644 7227/7512/4978 7226/7511/2644
f 7210/7494/4976 7209/7493/2647 7208/7492/4975
f 7209/7493/2647 7207/7491/2647 7208/7492/4975
f 7203/7487/4974 7204/7488/2644 7228/7513/4979
f 7204/7488/2644 7225/7514/4979 7228/7513/4979
f 7229/7515/4980 7230/7516/4981 7194/7477/4970
f 7230/7516/4981 7195/7478/4971 7194/7477/4970
f 7231/7517/4982 7232/7518/4983 7233/7519/4984
f 7232/7518/4983 7234/7520/4985 7233/7519/4984
f 7235/7521/4986 7236/7522/4987 7237/7523/4988
f 7236/7522/4987 7238/7524/4989 7237/7523/4988
f 7239/7525/4990 7240/7526/4991 7241/7527/4991
f 7240/7526/4991 7242/7528/4991 7241/7527/4991
f 7243/7529/4992 7244/7530/4993 7245/7531/4994
f 7244/7530/4993 7246/7532/4994 7245/7531/4994
f 7247/7533/4995 7248/7534/4995 7249/7535/4996
f 7248/7534/4995 7250/7536/4520 7249/7535/4996
f 7251/7537/4433 7252/7538/4433 7253/7539/4997
f 7252/7538/4433 7254/7540/4997 7253/7539/4997
f 7255/7541/4998 7256/7542/4999 7257/7543/5000
f 7256/7542/4999 7258/7544/5000 7257/7543/5000
f 7259/7545/4459 7260/7546/4459 7261/7547/5001
f 7260/7546/4459 7262/7548/5001 7261/7547/5001
f 7263/7549/5002 7264/7550/5003 7265/7551/5004
f 7264/7550/5003 7266/7552/5004 7265/7551/5004
f 7267/7553/4529 7268/7554/4529 7269/7555/5005
f 7268/7554/4529 7270/7556/5005 7269/7555/5005
f 7271/7557/5006 7272/7558/5006 7273/7559/5007
f 7272/7558/5006 7274/7560/5008 7273/7559/5007
f 7275/7561/5009 7276/7562/5010 7277/7563/5011
f 7276/7562/5010 7278/7564/5011 7277/7563/5011
f 7279/7565/5012 7280/7566/5012 7281/7567/5013
f 7280/7566/5012 7282/7568/5014 7281/7567/5013
f 7283/7569/5015 7284/7570/5015 7285/7571/3605
f 7284/7570/5015 7286/7572/3605 7285/7571/3605
f 7287/7573/5016 7288/7574/5017 7289/7575/5018
f 7288/7574/5017 7290/7576/5018 7289/7575/5018
f 7291/7577/5019 7292/7578/5020 7293/7579/5021
f 7292/7578/5020 7294/7580/5022 7293/7579/5021
f 7295/7581/5023 7296/7582/5024 7297/7583/5024
f 7296/7582/5024 7298/7584/5025 7297/7583/5024
f 7299/7585/5026 7300/7586/5027 7301/7587/5028
f 7300/7586/5027 7302/7588/5028 7301/7587/5028
f 7303/7589/5029 7304/7590/5029 7305/7591/5030
f 7304/7590/5029 7306/7592/5031 7305/7591/5030
f 7307/7593/5032 7308/7594/5033 7309/7595/5034
f 7308/7594/5033 7310/7596/5033 7309/7595/5034
f 7311/7597/5035 7312/7598/5036 7313/7599/5037
f 7312/7598/5036 7314/7600/5038 7313/7599/5037
f 7315/7601/5039 7316/7602/5040 7317/7603/5041
f 7316/7602/5040 7318/7604/5041 7317/7603/5041
f 7319/7605/5042 7320/7606/5043 7321/7607/5043
f 7320/7606/5043 7322/7608/5044 7321/7607/5043
f 7323/7609/5045 7324/7610/5046 7325/7611/5046
f 7324/7610/5046 7326/7612/5047 7325/7611/5046
f 7327/7613/5048 7328/7614/5049 7329/7615/5050
f 7328/7614/5049 7330/7616/5050 7329/7615/5050
f 7331/7617/5051 7332/7618/5052 7333/7619/5052
f 7332/7618/5052 7334/7620/5051 7333/7619/5052
f 7335/7621/5053 7336/7622/5054 7337/7623/5054
f 7336/7622/5054 7338/7624/5054 7337/7623/5054
f 7339/7625/5055 7340/7626/5056 7341/7627/5057
f 7340/7626/5056 7342/7628/5058 7341/7627/5057
f 7343/7629/5059 7344/7630/5060 7345/7631/5061
f 7344/7630/5060 7346/7632/5062 7345/7631/5061
f 7347/7633/5063 7348/7634/5064 7349/7635/5065
f 7348/7634/5064 7350/7636/5066 7349/7635/5065
f 7351/7637/5067 7352/7638/5067 7353/7639/5068
f 7352/7638/5067 7354/7640/5068 7353/7639/5068
f 7355/7641/5069 7356/7642/5070 7357/7643/5070
f 7356/7642/5070 7358/7644/5070 7357/7643/5070
f 7359/7645/5071 7360/7646/5072 7361/7647/5071
f 7360/7646/5072 7362/7648/5071 7361/7647/5071
f 7363/7649/5073 7364/7650/5074 7365/7651/5075
f 7364/7650/5074 7366/7652/5076 7365/7651/5075
f 7367/7653/5077 7368/7654/5077 7369/7655/5078
f 7368/7654/5077 7370/7656/5079 7369/7655/5078
f 7371/7657/5080 7372/7658/5081 7373/7659/5082
f 7372/7658/5081 7374/7660/5083 7373/7659/5082
f 7375/7661/5084 7376/7662/5084 7377/7663/5085
f 7376/7662/5084 7378/7664/5086 7377/7663/5085
f 7379/7665/5087 7380/7666/5087 7381/7667/5088
f 7380/7666/5087 7382/7668/5089 7381/7667/5088
f 7383/7669/5090 7384/7670/5090 7385/7671/5091
f 7384/7670/5090 7386/7672/5091 7385/7671/5091
f 7387/7673/5092 7388/7674/5093 7389/7675/5094
f 7388/7674/5093 7390/7676/5095 7389/7675/5094
f 7391/7677/5096 7392/7678/5097 7393/7679/5098
f 7392/7678/5097 7394/7680/5098 7393/7679/5098
f 7395/7681/5099 7396/7682/5100 7397/7683/5101
f 7396/7682/5100 7398/7684/5100 7397/7683/5101
f 7399/7685/5102 7400/7686/5103 7401/7687/5104
f 7400/7686/5103 7402/7688/5105 7401/7687/5104
f 7403/7689/5106 7404/7690/5107 7405/7691/5108
f 7404/7690/5107 7406/7692/5108 7405/7691/5108
f 7407/7693/5109 7408/7694/5110 7409/7695/5111
f 7408/7694/5110 7410/7696/5109 7409/7695/5111
f 7411/7697/5112 7412/7698/5113 7413/7699/5114
f 7412/7698/5113 7414/7700/5114 7413/7699/5114
f 7415/7701/5115 7416/7702/5115 7417/7703/5116
f 7416/7702/5115 7418/7704/5115 7417/7703/5116
f 7419/7705/5117 7420/7706/5118 7421/7707/5119
f 7420/7706/5118 7422/7708/5120 7421/7707/5119
f 7423/7709/5121 7424/7710/5121 7425/7711/5122
f 7424/7710/5121 7426/7712/5122 7425/7711/5122
f 7427/7713/5123 7428/7714/5124 7429/7715/5125
f 7428/7714/5124 7430/7716/5126 7429/7715/5125
f 7431/7717/5127 7432/7718/5128 7433/7719/5129
f 7432/7718/5128 7434/7720/5129 7433/7719/5129
f 7435/7721/5130 7436/7722/5131 7437/7723/5132
f 7436/7722/5131 7438/7724/5133 7437/7723/5132
f 7439/7725/5134 7440/7726/5135 7441/7727/5136
f 7440/7726/5135 7442/7728/5136 7441/7727/5136
f 7443/7729/5137 7444/7730/5138 7445/7731/5139
f 7444/7730/5138 7446/7732/5140 7445/7731/5139
f 7447/7733/5141 7448/7734/5142 7449/7735/5143
f 7448/7734/5142 7450/7736/5144 7449/7735/5143
f 7451/7737/5145 7452/7738/5145 7453/7739/5146
f 7452/7738/5145 7454/7740/5146 7453/7739/5146
f 7455/7741/5147 7456/7742/5148 7457/7743/5149
f 7456/7742/5148 7458/7744/5149 7457/7743/5149
f 7459/7745/5150 7460/7746/5151 7461/7747/5152
f 7460/7746/5151 7462/7748/5153 7461/7747/5152
f 7463/7749/5154 7464/7750/5154 7465/7751/5155
f 7464/7750/5154 7466/7752/5154 7465/7751/5155
f 7467/7753/5156 7468/7754/5157 7469/7755/5158
f 7468/7754/5157 7470/7756/5159 7469/7755/5158
f 7471/7757/5160 7472/7758/5160 7473/7759/5161
f 7472/7758/5160 7474/7760/5160 7473/7759/5161
f 7475/7761/5162 7476/7762/5163 7477/7763/5164
f 7476/7762/5163 7478/7764/5164 7477/7763/5164
f 7479/7765/5165 7480/7766/5166 7481/7767/5165
f 7480/7766/5166 7482/7768/5165 7481/7767/5165
f 7483/7769/5167 7484/7770/5168 7485/7771/5168
f 7484/7770/5168 7486/7772/5168 7485/7771/5168
f 7487/7773/5169 7488/7774/5170 7489/7775/5170
f 7488/7774/5170 7490/7776/5171 7489/7775/5170
f 7491/7777/5172 7492/7778/5173 7493/7779/5174
f 7492/7778/5173 7494/7780/5175 7493/7779/5174
f 7495/7781/5176 7496/7782/5177 7497/7783/5178
f 7496/7782/5177 7498/7784/5179 7497/7783/5178
f 7499/7785/5180 7500/7786/5180 7501/7787/5181
f 7500/7786/5180 7502/7788/5182 7501/7787/5181
f 7503/7789/5183 7504/7790/5184 7505/7791/5184
f 7504/7790/5184 7506/7792/5183 7505/7791/5184
f 7507/7793/5185 7508/7794/5185 7509/7795/5185
f 7508/7794/5185 7510/7796/5185 7509/7795/5185
f 7511/7797/5186 7512/7798/5187 7513/7799/5186
f 7512/7798/5187 7514/7800/5187 7513/7799/5186
f 7515/7801/5188 7516/7802/5189 7517/7803/5190
f 7516/7802/5189 7518/7804/5190 7517/7803/5190
f 7519/7805/5191 7520/7806/5191 7521/7807/5191
f 7520/7806/5191 7522/7808/5192 7521/7807/5191
f 7523/7809/5193 7524/7810/5194 7525/7811/5193
f 7524/7810/5194 7526/7812/5195 7525/7811/5193
f 7527/7813/5196 7528/7814/5197 7529/7815/5196
f 7528/7814/5197 7530/7816/5198 7529/7815/5196
f 7531/7817/5199 7532/7818/5199 7533/7819/5199
f 7532/7818/5199 7534/7820/5200 7533/7819/5199
f 7535/7821/5201 7536/7822/5201 7537/7823/5202
f 7536/7822/5201 7538/7824/5202 7537/7823/5202
f 7539/7825/5203 7540/7826/5203 7541/7827/5203
f 7540/7826/5203 7542/7828/5203 7541/7827/5203
f 7543/7829/5204 7544/7830/5205 7545/7831/5206
f 7544/7830/5205 7546/7832/5205 7545/7831/5206
f 7547/7833/5207 7548/7834/5208 7549/7835/5209
f 7548/7834/5208 7550/7836/5208 7549/7835/5209
f 7551/7837/5210 7552/7838/5210 7553/7839/5211
f 7552/7838/5210 7554/7840/5211 7553/7839/5211
f 7555/7841/5212 7556/7842/5213 7557/7843/5214
f 7556/7842/5213 7558/7844/5214 7557/7843/5214
f 7559/7845/5215 7560/7846/5215 7561/7847/5216
f 7560/7846/5215 7562/7848/5216 7561/7847/5216
f 7563/7849/5217 7564/7850/5218 7565/7851/5218
f 7564/7850/5218 7566/7852/5219 7565/7851/5218
f 7567/7853/5220 7568/7854/5220 7569/7855/5220
f 7568/7854/5220 7570/7856/5220 7569/7855/5220
f 7571/7857/5221 7572/7858/5222 7573/7859/5223
f 7572/7858/5222 7574/7860/5224 7573/7859/5223
f 7575/7861/5225 7576/7862/5226 7577/7863/5227
f 7576/7862/5226 7578/7864/5227 7577/7863/5227
f 7579/7865/5228 7580/7866/5229 7581/7867/5230
f 7580/7866/5229 7582/7868/5230 7581/7867/5230
f 7583/7869/5231 7584/7870/5231 7585/7871/5232
f 7584/7870/5231 7586/7872/5232 7585/7871/5232
f 7587/7873/5233 7588/7874/5234 7589/7875/5235
f 7588/7874/5234 7590/7876/5236 7589/7875/5235
f 7591/7877/5237 7592/7878/5238 7593/7879/5239
f 7592/7878/5238 7594/7880/5240 7593/7879/5239
f 7595/7881/5241 7596/7882/5241 7597/7883/5242
f 7596/7882/5241 7598/7884/5243 7597/7883/5242
f 7599/7885/5244 7600/7886/5245 7601/7887/5245
f 7600/7886/5245 7602/7888/5246 7601/7887/5245
f 7603/7889/5247 7604/7890/5248 7605/7891/5249
f 7604/7890/5248 7606/7892/5250 7605/7891/5249
f 7607/7893/5251 7608/7894/5252 7609/7895/5253
f 7608/7894/5252 7610/7896/5253 7609/7895/5253
f 7611/7897/5254 7612/7898/5255 7613/7899/5256
f 7612/7898/5255 7614/7900/5257 7613/7899/5256
f 7615/7901/5258 7616/7902/5259 7617/7903/5260
f 7616/7902/5259 7618/7904/5260 7617/7903/5260
f 7619/7905/5261 7620/7906/5262 7621/7907/5262
f 7620/7906/5262 7622/7908/5262 7621/7907/5262
f 7623/7909/5263 7624/7910/5264 7625/7911/5265
f 7624/7910/5264 7626/7912/5265 7625/7911/5265
f 7627/7913/5266 7628/7914/5267 7629/7915/5268
f 7628/7914/5267 7630/7916/5269 7629/7915/5268
f 7631/7917/5270 7632/7918/5270 7633/7919/5271
f 7632/7918/5270 7634/7920/5271 7633/7919/5271
f 7635/7921/5272 7636/7922/5272 7637/7923/5273
f 7636/7922/5272 7638/7924/5274 7637/7923/5273
f 7639/7925/5275 7640/7926/5276 7641/7927/5277
f 7640/7926/5276 7642/7928/5277 7641/7927/5277
f 7643/7929/5278 7644/7930/5279 7645/7931/5280
f 7644/7930/5279 7646/7932/5279 7645/7931/5280
f 7647/7933/5281 7648/7934/5282 7649/7935/5283
f 7648/7934/5282 7650/7936/5284 7649/7935/5283
f 7651/7937/5285 7652/7938/5286 7653/7939/5287
f 7652/7938/5286 7654/7940/5287 7653/7939/5287
f 7655/7941/5288 7656/7942/5288 7657/7943/5289
f 7656/7942/5288 7658/7944/5289 7657/7943/5289
f 7659/7945/5290 7660/7946/5291 7661/7947/5292
f 7660/7946/5291 7662/7948/5292 7661/7947/5292
f 7663/7949/5293 7664/7950/5294 7665/7951/5294
f 7664/7950/5294 7666/7952/5294 7665/7951/5294
f 7667/7953/5295 7668/7954/5296 7669/7955/5296
f 7668/7954/5296 7670/7956/5297 7669/7955/5296
f 7671/7957/5298 7672/7958/5299 7673/7959/5299
f 7672/7958/5299 7674/7960/5300 7673/7959/5299
f 7675/7961/5301 7676/7962/5301 7677/7963/5302
f 7676/7962/5301 7678/7964/5302 7677/7963/5302
f 7679/7965/5303 7680/7966/5304 7681/7967/5305
f 7680/7966/5304 7682/7968/5306 7681/7967/5305
f 7683/7969/5307 7684/7970/5307 7685/7971/5308
f 7684/7970/5307 7686/7972/5308 7685/7971/5308
f 7687/7973/5309 7688/7974/5309 7689/7975/5310
f 7688/7974/5309 7690/7976/5310 7689/7975/5310
f 7691/7977/5311 7692/7978/5312 7693/7979/5313
f 7692/7978/5312 7694/7980/5312 7693/7979/5313
f 7695/7981/5314 7696/7982/5315 7697/7983/5316
f 7696/7982/5315 7698/7984/5317 7697/7983/5316
f 7699/7985/5318 7700/7986/5319 7701/7987/5320
f 7700/7986/5319 7702/7988/5321 7701/7987/5320
f 7703/7989/5322 7704/7990/5323 7705/7991/5324
f 7704/7990/5323 7706/7992/5325 7705/7991/5324
f 7707/7993/5326 7708/7994/5327 7709/7995/5326
f 7708/7994/5327 7710/7996/5328 7709/7995/5326
f 7711/7997/5329 7712/7998/5330 7713/7999/5331
f 7712/7998/5330 7714/8000/5331 7713/7999/5331
f 7715/8001/5332 7716/8002/5332 7717/8003/5332
f 7716/8002/5332 7718/8004/5333 7717/8003/5332
f 7719/8005/5334 7720/8006/5335 7721/8007/5336
f 7720/8006/5335 7722/8008/5336 7721/8007/5336
f 7723/8009/5337 7724/8010/5337 7725/8011/5338
f 7724/8010/5337 7726/8012/5339 7725/8011/5338
f 7727/8013/5340 7728/8014/5341 7729/8015/5342
f 7728/8014/5341 7730/8016/5343 7729/8015/5342
f 7731/8017/5344 7732/8018/5345 7733/8019/5346
f 7732/8018/5345 7734/8020/5347 7733/8019/5346
f 7735/8021/5348 7736/8022/5349 7737/8023/5350
f 7736/8022/5349 7738/8024/5351 7737/8023/5350
f 7739/8025/5352 7740/8026/5353 7741/8027/5354
f 7740/8026/5353 7742/8028/5355 7741/8027/5354
f 7743/8029/5356 7744/8030/5357 7745/8031/5358
f 7744/8030/5357 7746/8032/5359 7745/8031/5358
f 7747/8033/5360 7748/8034/5361 7749/8035/5362
f 7748/8034/5361 7750/8036/5363 7749/8035/5362
f 7751/8037/5364 7752/8038/5364 7753/8039/5365
f 7752/8038/5364 7754/8040/5366 7753/8039/5365
f 7755/8041/5367 7756/8042/5368 7757/8043/5369
f 7756/8042/5368 7758/8044/5369 7757/8043/5369
f 7759/8045/5370 7760/8046/5371 7761/8047/5372
f 7760/8046/5371 7762/8048/5373 7761/8047/5372
f 7763/8049/5374 7764/8050/5375 7765/8051/5376
f 7764/8050/5375 7766/8052/5377 7765/8051/5376
f 7767/8053/5378 7768/8054/5378 7769/8055/5379
f 7768/8054/5378 7770/8056/5379 7769/8055/5379
f 7771/8057/5380 7772/8058/5380 7773/8059/5380
f 7772/8058/5380 7774/8060/5381 7773/8059/5380
f 7775/8061/5382 7776/8062/5382 7777/8063/5383
f 7776/8062/5382 7778/8064/5382 7777/8063/5383
f 7779/8065/5384 7780/8066/5384 7781/8067/5385
f 7780/8066/5384 7782/8068/5386 7781/8067/5385
f 7783/8069/5387 7784/8070/5387 7785/8071/5388
f 7784/8070/5387 7786/8072/5389 7785/8071/5388
f 7787/8073/5390 7788/8074/5390 7789/8075/5391
f 7788/8074/5390 7790/8076/5391 7789/8075/5391
f 7791/8077/5392 7792/8078/5393 7793/8079/5394
f 7792/8078/5393 7794/8080/5394 7793/8079/5394
f 7795/8081/5395 7796/8082/5395 7797/8083/5395
f 7796/8082/5395 7798/8084/5396 7797/8083/5395
f 7799/8085/5397 7800/8086/5398 7801/8087/5399
f 7800/8086/5398 7802/8088/5399 7801/8087/5399
f 7803/8089/5400 7804/8090/5400 7805/8091/5401
f 7804/8090/5400 7806/8092/5401 7805/8091/5401
f 7807/8093/5402 7808/8094/5402 7809/8095/5403
f 7808/8094/5402 7810/8096/5403 7809/8095/5403
f 7811/8097/5404 7812/8098/5405 7813/8099/5405
f 7812/8098/5405 7814/8100/5405 7813/8099/5405
f 7815/8101/5406 7816/8102/5406 7817/8103/5407
f 7816/8102/5406 7818/8104/5408 7817/8103/5407
f 7819/8105/5409 7820/8106/5410 7821/8107/5411
f 7820/8106/5410 7822/8108/5412 7821/8107/5411
f 7823/8109/5413 7824/8110/5413 7825/8111/5414
f 7824/8110/5413 7826/8112/5414 7825/8111/5414
f 7827/8113/5415 7828/8114/5415 7829/8115/5416
f 7828/8114/5415 7830/8116/5417 7829/8115/5416
f 7831/8117/5418 7832/8118/5419 7833/8119/5420
f 7832/8118/5419 7834/8120/5420 7833/8119/5420
f 7835/8121/5421 7836/8122/5421 7837/8123/5422
f 7836/8122/5421 7838/8124/5423 7837/8123/5422
f 7839/8125/5424 7840/8126/5425 7841/8127/5426
f 7840/8126/5425 7842/8128/5426 7841/8127/5426
f 7843/8129/5427 7844/8130/5427 7845/8131/5427
f 7844/8130/5427 7846/8132/5427 7845/8131/5427
f 7847/8133/5428 7848/8134/5428 7849/8135/5429
f 7848/8134/5428 7850/8136/5429 7849/8135/5429
f 7851/8137/5430 7852/8138/5430 7853/8139/5431
f 7852/8138/5430 7854/8140/5432 7853/8139/5431
f 7855/8141/5433 7856/8142/5434 7857/8143/5435
f 7856/8142/5434 7858/8144/5436 7857/8143/5435
f 7859/8145/5437 7860/8146/5438 7861/8147/5437
f 7860/8146/5438 7862/8148/5437 7861/8147/5437
f 7863/8149/5439 7864/8150/5439 7865/8151/5439
f 7864/8150/5439 7866/8152/5439 7865/8151/5439
f 7867/8153/5440 7868/8154/5441 7869/8155/5442
f 7868/8154/5441 7870/8156/5443 7869/8155/5442
f 7870/8156/5443 7868/8154/5441 7871/8157/5444
f 7872/8158/5445 7870/8156/5443 7871/8157/5444
f 7873/8159/5446 7874/8160/5447 7875/8161/5448
f 7874/8160/5447 7876/8162/5449 7875/8161/5448
f 7877/8163/5450 7878/8164/5451 7879/8165/5452
f 7878/8164/5451 7880/8166/5452 7879/8165/5452
f 7881/8167/5453 7882/8168/5454 7883/8169/5455
f 7882/8168/5454 7884/8170/5456 7883/8169/5455
f 7885/8171/5457 7886/8172/5458 7887/8173/5459
f 7886/8172/5458 7888/8174/5460 7887/8173/5459
f 7889/8175/5461 7890/8176/5462 7891/8177/5463
f 7890/8176/5462 7892/8178/5463 7891/8177/5463
f 7893/8179/5464 7894/8180/5464 7895/8181/5465
f 7894/8180/5464 7896/8182/5465 7895/8181/5465
f 7897/8183/5466 7898/8184/5467 7899/8185/5468
f 7898/8184/5467 7900/8186/5469 7899/8185/5468
f 7901/8187/5470 7902/8188/5471 7903/8189/5472
f 7902/8188/5471 7904/8190/5473 7903/8189/5472
f 7905/8191/5474 7906/8192/5475 7907/8193/5476
f 7906/8192/5475 7908/8194/5477 7907/8193/5476
f 7909/8195/5478 7910/8196/5479 7911/8197/5480
f 7910/8196/5479 7912/8198/5480 7911/8197/5480
f 7913/8199/5481 7914/8200/5482 7915/8201/5483
f 7914/8200/5482 7916/8202/5484 7915/8201/5483
f 7917/8203/5485 7918/8204/5486 7919/8205/5487
f 7918/8204/5486 7920/8206/5488 7919/8205/5487
f 7921/8207/5489 7922/8208/5490 7923/8209/5491
f 7922/8208/5490 7924/8210/5492 7923/8209/5491
f 7925/8211/5493 7926/8212/5494 7927/8213/5495
f 7926/8212/5494 7928/8214/5496 7927/8213/5495
f 7929/8215/5497 7930/8216/5498 7931/8217/5499
f 7930/8216/5498 7932/8218/5500 7931/8217/5499
f 7933/8219/5501 7934/8220/5502 7935/8221/5503
f 7934/8220/5502 7936/8222/5504 7935/8221/5503
f 7937/8223/5505 7938/8224/5505 7939/8225/5506
f 7938/8224/5505 7940/8226/5506 7939/8225/5506
f 7941/8227/5507 7942/8228/5508 7943/8229/5509
f 7942/8228/5508 7944/8230/5509 7943/8229/5509
f 7945/8231/5510 7946/8232/5510 7947/8233/5511
f 7946/8232/5510 7948/8234/5512 7947/8233/5511
f 7949/8235/5513 7950/8236/5514 7951/8237/5515
f 7950/8236/5514 7952/8238/5516 7951/8237/5515
f 7953/8239/5517 7954/8240/5518 7955/8241/5519
f 7954/8240/5518 7956/8242/5520 7955/8241/5519
f 7957/8243/5521 7958/8244/5522 7959/8245/5523
f 7958/8244/5522 7960/8246/5524 7959/8245/5523
f 7961/8247/5525 7962/8248/5526 7963/8249/5527
f 7962/8248/5526 7964/8250/5526 7963/8249/5527
f 7965/8251/5528 7966/8252/5528 7967/8253/5529
f 7966/8252/5528 7968/8254/5530 7967/8253/5529
f 7969/8255/5531 7970/8256/5531 7971/8257/5532
f 7970/8256/5531 7972/8258/5532 7971/8257/5532
f 7973/8259/5533 7974/8260/5534 7975/8261/5535
f 7974/8260/5534 7976/8262/5536 7975/8261/5535
f 7977/8263/5537 7978/8264/5538 7979/8265/5538
f 7978/8264/5538 7980/8266/5537 7979/8265/5538
f 7981/8267/5539 7982/8268/5539 7983/8269/5539
f 7982/8268/5539 7984/8270/5540 7983/8269/5539
f 7985/8271/5541 7986/8272/5542 7987/8273/5543
f 7986/8272/5542 7988/8274/1640 7987/8273/5543
f 7989/8275/5544 7990/8276/5545 7991/8277/3539
f 7990/8276/5545 7992/8278/1617 7991/8277/3539
f 7993/8279/5546 7994/8280/1747 7995/8281/5547
f 7994/8280/1747 7996/8282/5547 7995/8281/5547
f 7997/8283/5548 7998/8284/5549 7999/8285/5550
f 7998/8284/5549 8000/8286/5551 7999/8285/5550
f 8001/8287/5552 8002/8288/5553 8003/8289/5554
f 8002/8288/5553 8004/8290/1643 8003/8289/5554
f 8005/8291/5555 8006/8292/1721 8007/8293/5556
f 8006/8292/1721 8008/8294/5557 8007/8293/5556
f 8009/8295/5558 8010/8296/5559 8011/8297/5560
f 8010/8296/5559 8012/8298/5560 8011/8297/5560
f 8013/8299/5561 8014/8300/1682 8015/8301/5562
f 8014/8300/1682 8016/8302/5562 8015/8301/5562
f 8017/8303/5563 8018/8304/5564 8019/8305/1694
f 8018/8304/5564 8020/8306/1694 8019/8305/1694
f 8021/8307/5565 8022/8308/5565 8023/8309/1662
f 8022/8308/5565 8024/8310/5566 8023/8309/1662
f 8025/8311/5567 8026/8312/5568 8027/8313/5569
f 8026/8312/5568 8028/8314/1650 8027/8313/5569
f 8029/8315/5570 8030/8316/5571 8031/8317/1648
f 8030/8316/5571 8032/8318/5572 8031/8317/1648
f 8033/8319/5573 8034/8320/5574 8035/8321/5575
f 8034/8320/5574 8036/8322/5576 8035/8321/5575
f 8037/8323/2883 8038/8324/2883 8039/8325/5577
f 8038/8324/2883 8040/8326/5578 8039/8325/5577
f 8041/8327/5579 8042/8328/5580 8043/8329/5581
f 8042/8328/5580 8044/8330/5581 8043/8329/5581
f 8045/8331/5582 8046/8332/5583 8047/8333/5584
f 8046/8332/5583 8048/8334/5584 8047/8333/5584
f 8049/8335/5585 8050/8336/5586 8051/8337/5587
f 8050/8336/5586 8052/8338/5588 8051/8337/5587
f 8053/8339/5589 8054/8340/5590 8055/8341/5591
f 8054/8340/5590 8056/8342/5592 8055/8341/5591
f 8057/8343/5593 8058/8344/5594 8059/8345/5595
f 8058/8344/5594 8060/8346/5595 8059/8345/5595
f 8061/8347/5596 8062/8348/5596 8063/8349/5597
f 8062/8348/5596 8064/8350/5597 8063/8349/5597
f 8065/8351/5598 8066/8352/5599 8067/8353/5600
f 8066/8352/5599 8068/8354/5601 8067/8353/5600
f 8069/8355/5602 8070/8356/5602 8071/8357/5603
f 8070/8356/5602 8072/8358/5604 8071/8357/5603
f 8073/8359/5605 8074/8360/5606 8075/8361/5607
f 8074/8360/5606 8076/8362/5607 8075/8361/5607
f 8077/8363/5608 8078/8364/5609 8079/8365/1630
f 8078/8364/5609 8080/8366/1630 8079/8365/1630
f 8081/8367/5610 8082/8368/5611 8083/8369/5612
f 8082/8368/5611 8084/8370/5613 8083/8369/5612
f 8085/8371/5614 8086/8372/5615 8087/8373/1675
f 8086/8372/5615 8088/8374/1675 8087/8373/1675
f 8089/8375/5616 8090/8376/5616 8091/8377/5617
f 8090/8376/5616 8092/8378/5618 8091/8377/5617
f 8093/8379/5619 8094/8380/5620 8095/8381/1666
f 8094/8380/5620 8096/8382/5621 8095/8381/1666
f 8097/8383/5622 8098/8384/5623 8099/8385/5624
f 8098/8384/5623 8100/8386/5625 8099/8385/5624
f 8101/8387/5626 8102/8388/5626 8103/8389/1622
f 8102/8388/5626 8104/8390/1622 8103/8389/1622
f 8105/8391/5627 8106/8392/5628 8107/8393/1672
f 8106/8392/5628 8108/8394/1672 8107/8393/1672
f 8109/8395/5629 8110/8396/5630 8111/8397/1688
f 8110/8396/5630 8112/8398/5631 8111/8397/1688
f 8113/8399/5632 8114/8400/5633 8115/8401/5634
f 8114/8400/5633 8116/8402/5635 8115/8401/5634
f 8117/8403/5636 8118/8404/5637 8119/8405/1806
f 8118/8404/5637 8120/8406/5638 8119/8405/1806
f 8121/8407/5639 8122/8408/5640 8123/8409/5641
f 8122/8410/5640 8124/8411/5642 8123/8412/5641
f 8125/8413/5643 8126/8414/5643 8127/8415/1795
f 8126/8414/5643 8128/8416/5644 8127/8415/1795
f 8129/8417/5645 8130/8418/5646 8131/8419/5647
f 8130/8418/5646 8132/8420/5648 8131/8419/5647
f 8133/8421/5649 8134/8422/5650 8135/8423/5651
f 8134/8422/5650 8136/8424/5652 8135/8423/5651
f 8137/8425/5653 8138/8426/5654 8139/8427/5655
f 8138/8426/5654 8140/8428/5656 8139/8427/5655
f 8141/8429/5657 8142/8430/5658 8143/8431/5659
f 8142/8430/5658 8144/8432/5659 8143/8431/5659
f 8145/8433/1729 8146/8434/1729 8147/8435/5660
f 8146/8434/1729 8148/8436/5661 8147/8435/5660
f 8149/8437/5662 8150/8438/5663 8151/8439/5664
f 8150/8438/5663 8152/8440/5665 8151/8439/5664
f 8153/8441/5666 8154/8442/5666 8155/8443/5667
f 8154/8442/5666 8156/8444/5668 8155/8443/5667
f 8157/8445/5669 8158/8446/5669 8159/8447/5670
f 8158/8446/5669 8160/8448/5671 8159/8447/5670
f 8161/8449/5672 8162/8450/5673 8163/8451/5674
f 8162/8450/5673 8164/8452/5675 8163/8451/5674
f 8165/8453/5676 8166/8454/5677 8167/8455/5678
f 8166/8454/5677 8168/8456/5679 8167/8455/5678
f 8169/8457/5680 8170/8458/5680 8171/8459/5681
f 8170/8458/5680 8172/8460/5682 8171/8459/5681
f 8173/8461/5683 8174/8462/5683 8175/8463/1822
f 8174/8462/5683 8176/8464/5684 8175/8463/1822
f 8177/8465/5685 8178/8466/5685 8179/8467/5686
f 8178/8466/5685 8180/8468/5687 8179/8467/5686
f 8181/8469/5688 8182/8470/5689 8183/8471/5690
f 8182/8470/5689 8184/8472/5691 8183/8471/5690
f 8185/8473/5692 8186/8474/5692 8187/8475/5693
f 8186/8474/5692 8188/8476/5694 8187/8475/5693
f 8189/8477/5695 8190/8478/5696 8191/8479/5697
f 8190/8478/5696 8192/8480/5698 8191/8479/5697
f 8193/8481/5699 8194/8482/5700 8195/8483/5701
f 8194/8482/5700 8196/8484/5702 8195/8483/5701
f 8197/8485/5703 8198/8486/5704 8199/8487/5705
f 8198/8486/5704 8200/8488/5706 8199/8487/5705
f 8201/8489/5707 8202/8490/5708 8203/8491/5709
f 8202/8490/5708 8204/8492/5709 8203/8491/5709
f 8205/8493/5710 8206/8494/5711 8207/8495/5712
f 8206/8494/5711 8208/8496/5713 8207/8495/5712
f 8209/8497/5714 8210/8498/5715 8211/8499/5716
f 8210/8498/5715 8212/8500/5717 8211/8499/5716
f 8213/8501/5718 8214/8502/5718 8215/8503/5719
f 8214/8502/5718 8216/8504/5720 8215/8503/5719
f 8217/8505/5721 8218/8506/5722 8219/8507/5723
f 8218/8506/5722 8220/8508/5724 8219/8507/5723
f 8221/8509/5725 8222/8510/5726 8223/8511/5727
f 8222/8510/5726 8224/8512/5728 8223/8511/5727
f 8225/8513/5729 8226/8514/5730 8227/8515/5731
f 8226/8514/5730 8228/8516/5732 8227/8515/5731
f 8229/8517/5733 8230/8518/5734 8231/8519/5735
f 8230/8518/5734 8232/8520/5736 8231/8519/5735
f 8233/8521/5737 8234/8522/5737 8235/8523/5738
f 8234/8522/5737 8236/8524/5738 8235/8523/5738
f 8237/8525/5739 8238/8526/5740 8239/8527/5741
f 8238/8526/5740 8240/8528/5742 8239/8527/5741
f 8241/8529/5743 8242/8530/5743 8243/8531/5744
f 8242/8530/5743 8244/8532/5744 8243/8531/5744
f 8245/8533/5745 8246/8534/5746 8247/8535/5747
f 8246/8534/5746 8248/8536/5748 8247/8535/5747
f 8249/8537/5749 8250/8538/5750 8251/8539/5751
f 8250/8538/5750 8252/8540/5752 8251/8539/5751
f 8253/8541/5753 8254/8542/5754 8255/8543/5755
f 8254/8542/5754 8256/8544/5755 8255/8543/5755
f 8257/8545/5756 8258/8546/5757 8259/8547/5758
f 8258/8546/5757 8260/8548/5759 8259/8547/5758
f 8261/8549/5760 8262/8550/5761 8263/8551/5762
f 8262/8550/5761 8264/8552/5762 8263/8551/5762
f 8265/8553/5763 8266/8554/5764 8267/8555/5765
f 8266/8554/5764 8268/8556/5766 8267/8555/5765
f 8269/8557/5767 8270/8558/5767 8271/8559/5768
f 8270/8558/5767 8272/8560/5767 8271/8559/5768
f 8273/8561/5769 8274/8562/5770 8275/8563/5771
f 8274/8562/5770 8276/8564/5769 8275/8563/5771
f 8277/8565/5772 8278/8566/5773 8279/8567/5773
f 8278/8566/5773 8280/8568/5774 8279/8567/5773
f 8281/8569/5775 8282/8570/5775 8283/8571/5776
f 8282/8570/5775 8284/8572/5777 8283/8571/5776
f 8285/8573/5778 8286/8574/5778 8287/8575/5779
f 8286/8574/5778 8288/8576/5780 8287/8575/5779
f 8289/8577/5781 8290/8578/5782 8291/8579/5783
f 8290/8578/5782 8292/8580/5784 8291/8579/5783
f 8293/8581/5785 8294/8582/5786 8295/8583/5787
f 8294/8582/5786 8296/8584/5787 8295/8583/5787
f 8297/8585/5788 8298/8586/5789 8299/8587/5790
f 8298/8586/5789 8300/8588/5791 8299/8587/5790
f 8301/8589/5792 8302/8590/5792 8303/8591/5793
f 8302/8590/5792 8304/8592/5794 8303/8591/5793
f 8305/8593/5795 8306/8594/5796 8307/8595/5797
f 8306/8594/5796 8308/8596/5798 8307/8595/5797
f 8309/8597/5799 8310/8598/5800 8311/8599/5799
f 8310/8598/5800 8312/8600/5801 8311/8599/5799
f 8313/8601/5802 8314/8602/5803 8315/8603/5804
f 8314/8602/5803 8316/8604/5805 8315/8603/5804
f 8317/8605/5806 8318/8606/5807 8319/8607/5808
f 8318/8606/5807 8320/8608/5809 8319/8607/5808
f 8321/8609/5810 8322/8610/5811 8323/8611/5812
f 8322/8610/5811 8324/8612/5813 8323/8611/5812
f 8325/8613/5814 8326/8614/5815 8327/8615/5816
f 8326/8614/5815 8328/8616/5817 8327/8615/5816
f 8329/8617/5818 8330/8618/5819 8331/8619/5820
f 8330/8618/5819 8332/8620/5821 8331/8619/5820
f 8333/8621/5822 8334/8622/5822 8335/8623/5823
f 8334/8622/5822 8336/8624/5824 8335/8623/5823
f 8337/8625/5825 8338/8626/5826 8339/8627/5827
f 8338/8626/5826 8340/8628/5828 8339/8627/5827
f 8341/8629/5829 8342/8630/5830 8343/8631/5831
f 8342/8630/5830 8344/8632/5832 8343/8631/5831
f 8345/8633/5833 8346/8634/5833 8347/8635/5834
f 8346/8634/5833 8348/8636/5835 8347/8635/5834
f 8349/8637/5836 8350/8638/5836 8351/8639/5837
f 8350/8638/5836 8352/8640/5837 8351/8639/5837
f 8353/8641/5838 8354/8642/5838 8355/8643/5839
f 8354/8642/5838 8356/8644/5840 8355/8643/5839
f 8357/8645/5841 8358/8646/5842 8359/8647/5843
f 8358/8646/5842 8360/8648/5844 8359/8647/5843
f 8361/8649/5845 8362/8650/5846 8363/8651/5847
f 8362/8650/5846 8364/8652/5848 8363/8651/5847
f 8365/8653/5849 8366/8654/5850 8367/8655/5851
f 8366/8654/5850 8368/8656/5852 8367/8655/5851
f 8369/8657/5853 8370/8658/5853 8371/8659/5854
f 8370/8658/5853 8372/8660/5854 8371/8659/5854
f 8373/8661/5855 8374/8662/5856 8375/8663/5857
f 8374/8662/5856 8376/8664/5858 8375/8663/5857
f 8377/8665/5859 8378/8666/5859 8379/8667/5860
f 8378/8666/5859 8380/8668/5860 8379/8667/5860
f 8381/8669/5861 8382/8670/5862 8383/8671/5863
f 8382/8670/5862 8384/8672/5864 8383/8671/5863
f 8385/8673/5865 8386/8674/5866 8387/8675/5867
f 8386/8674/5866 8388/8676/5867 8387/8675/5867
f 8389/8677/5868 8390/8678/5869 8391/8679/5870
f 8390/8678/5869 8392/8680/5871 8391/8679/5870
f 8393/8681/5872 8394/8682/5873 8395/8683/5874
f 8394/8682/5873 8396/8684/5874 8395/8683/5874
f 8397/8685/5875 8398/8686/5875 8399/8687/5876
f 8398/8686/5875 8400/8688/5877 8399/8687/5876
f 8401/8689/5878 8402/8690/5879 8403/8691/5880
f 8402/8690/5879 8404/8692/5881 8403/8691/5880
f 8405/8693/5882 8406/8694/5882 8407/8695/5883
f 8406/8694/5882 8408/8696/5883 8407/8695/5883
f 8409/8697/5884 8410/8698/5884 8411/8699/5885
f 8410/8698/5884 8412/8700/5885 8411/8699/5885
f 8413/8701/5886 8414/8702/5886 8415/8703/5887
f 8414/8702/5886 8416/8704/5887 8415/8703/5887
f 8417/8705/5888 8418/8706/5888 8419/8707/5889
f 8418/8706/5888 8420/8708/5889 8419/8707/5889
f 8421/8709/5890 8422/8710/5890 8423/8711/5891
f 8422/8710/5890 8424/8712/5892 8423/8711/5891
f 8425/8713/5893 8426/8714/5894 8427/8715/5895
f 8426/8714/5894 8428/8716/5896 8427/8715/5895
f 8429/8717/5897 8430/8718/5898 8431/8719/5899
f 8430/8718/5898 8432/8720/5900 8431/8719/5899
f 8433/8721/5901 8434/8722/5902 8435/8723/5903
f 8434/8724/5902 8436/8725/5904 8435/8726/5903
f 8437/8727/5905 8438/8728/5906 8439/8729/5907
f 8438/8728/5906 8440/8730/5908 8439/8729/5907
f 8441/8731/5909 8442/8732/5909 8443/8733/5910
f 8442/8732/5909 8444/8734/5911 8443/8733/5910
f 8445/8735/5912 8446/8736/5913 8447/8737/5914
f 8446/8736/5913 8448/8738/5914 8447/8737/5914
f 8449/8739/5915 8450/8740/5915 8451/8741/5916
f 8450/8740/5915 8452/8742/5917 8451/8741/5916
f 8453/8743/5918 8454/8744/5919 8455/8745/5920
f 8454/8744/5919 8456/8746/5921 8455/8745/5920
f 8457/8747/5922 8458/8748/5923 8459/8749/5924
f 8458/8748/5923 8460/8750/5925 8459/8749/5924
f 8461/8751/5926 8462/8752/5927 8463/8753/5928
f 8462/8752/5927 8464/8754/5929 8463/8753/5928
f 8465/8755/5930 8466/8756/5931 8467/8757/5932
f 8466/8756/5931 8468/8758/5933 8467/8757/5932
f 8469/8759/5934 8470/8760/5935 8471/8761/5936
f 8470/8760/5935 8472/8762/5937 8471/8761/5936
f 8473/8763/5938 8474/8764/5939 8475/8765/5940
f 8474/8764/5939 8476/8766/5941 8475/8765/5940
f 8477/8767/5942 8478/8768/5942 8479/8769/5943
f 8478/8768/5942 8480/8770/5944 8479/8769/5943
f 8481/8771/5945 8482/8772/5945 8483/8773/5946
f 8482/8772/5945 8484/8774/5947 8483/8773/5946
f 8485/8775/5948 8486/8776/5949 8487/8777/5950
f 8486/8776/5949 8488/8778/5951 8487/8777/5950
f 8489/8779/5952 8490/8780/5953 8491/8781/5954
f 8490/8780/5953 8492/8782/5955 8491/8781/5954
f 8493/8783/5956 8494/8784/5956 8495/8785/5957
f 8494/8784/5956 8496/8786/5958 8495/8785/5957
f 8497/8787/5959 8498/8788/5959 8499/8789/5960
f 8498/8788/5959 8500/8790/5961 8499/8789/5960
f 8501/8791/5962 8502/8792/5962 8503/8793/5963
f 8502/8792/5962 8504/8794/5964 8503/8793/5963
f 8505/8795/5965 8506/8796/5965 8507/8797/5966
f 8506/8796/5965 8508/8798/5967 8507/8797/5966
